ί–Ό,θϋ,Ηx@i”­¶’nj,Ηπ”ΤE’“έi”­¶’nj,s‹ζ’¬‘ΊƒR[ƒhi”­¶’nj,“s“Ή•{§i”­¶’nj,s‹ζ’¬‘Ίi”­¶’nj,’¬’–Ϊi”­¶’nj,”­¶”N“ϊinϊj,”­¶inϊj,”­¶κ,”­¶κ‚ΜΪΧ,{ωΦW,»‹ΰ”νQ‚Μ—L–³
ή“,Τγ‚Λ‚η‚Ά,’†‰›,–{’¬,131024,“‹“s,’†‰›‹ζ,“ϊ–{‹΄‘ε“`”n’¬,2025/3/18,17,“ΉHγ,‚»‚Μ‘Ό,{ω‚Ή‚Έ,‚ ‚θ
ή“,Τγ‚Λ‚η‚Ά,[μ,“—z,131083,“‹“s,]“‹ζ,“—z‚P’–Ϊ,2025/5/23,16,“ΉHγ,‚»‚Μ‘Ό,{ω‚Ή‚Έ,‚ ‚θ
ή“,Τγ‚Λ‚η‚Ά,[μ,“—z,131083,“‹“s,]“‹ζ,“—z‚R’–Ϊ,2025/5/20,18,“ΉHγ,‚»‚Μ‘Ό,{ω‚Ή‚Έ,‚ ‚θ
ή“,Τγ‚Λ‚η‚Ά,[μ,“—z,131083,“‹“s,]“‹ζ,“—z‚R’–Ϊ,2025/5/22,9,“ΉHγ,‚»‚Μ‘Ό,{ω‚Ή‚Έ,‚Θ‚µ
ή“,Τγ‚Λ‚η‚Ά,[μ,“—z,131083,“‹“s,]“‹ζ,“—z‚S’–Ϊ,2025/8/4,4,‚»‚Μ‘Ό,’“Τi—Φjκ,{ω‚Ή‚Έ,‚ ‚θ
ή“,Τγ‚Λ‚η‚Ά,[μ,“—z,131083,“‹“s,]“‹ζ,“—z‚T’–Ϊ,2025/4/27,15,“ΉHγ,‚»‚Μ‘Ό,{ω‚Ή‚Έ,‚ ‚θ
ή“,Τγ‚Λ‚η‚Ά,[μ,}μ,131083,“‹“s,]“‹ζ,}μ‚Q’–Ϊ,2025/6/21,15,“ΉHγ,‚»‚Μ‘Ό,{ω‚Ή‚Έ,‚ ‚θ
ή“,Τγ‚Λ‚η‚Ά,[μ,}μ,131083,“‹“s,]“‹ζ,‰–•l‚Q’–Ϊ,2025/5/11,12,“ΉHγ,‚»‚Μ‘Ό,{ω‚µ‚½,‚ ‚θ
ή“,Τγ‚Λ‚η‚Ά,[μ,}μ,131083,“‹“s,]“‹ζ,’ª©‚P’–Ϊ,2025/5/18,7,“ΉHγ,‚»‚Μ‘Ό,{ω‚Ή‚Έ,‚Θ‚µ
ή“,Τγ‚Λ‚η‚Ά,[μ,}μ,131083,“‹“s,]“‹ζ,’ª©‚P’–Ϊ,2025/5/24,11,“ΉHγ,‚»‚Μ‘Ό,{ω‚Ή‚Έ,‚ ‚θ
ή“,Τγ‚Λ‚η‚Ά,[μ,X‰Ί,131083,“‹“s,]“‹ζ,ν”Υ‚Q’–Ϊ,2025/1/18,9,“ΉHγ,‚»‚Μ‘Ό,{ω‚Ή‚Έ,‚Θ‚µ
ή“,Τγ‚Λ‚η‚Ά,[μ,X‰Ί,131083,“‹“s,]“‹ζ,ν”Υ‚Q’–Ϊ,2025/6/22,14,“ΉHγ,‚»‚Μ‘Ό,{ω‚Ή‚Έ,‚ ‚θ
ή“,Τγ‚Λ‚η‚Ά,[μ,X‰Ί,131083,“‹“s,]“‹ζ,X‰Ί‚R’–Ϊ,2025/4/9,13,‚»‚Μ‘Ό,‚»‚Μ‘Ό,{ω‚Ή‚Έ,‚ ‚θ
ή“,Τγ‚Λ‚η‚Ά,[μ,΄’λ‰€‘O,131083,“‹“s,]“‹ζ,•½–μ‚P’–Ϊ,2025/10/13,0,“ΉHγ,‚»‚Μ‘Ό,{ω‚µ‚½,‚ ‚θ
ή“,Τγ‚Λ‚η‚Ά,[μ,»‘γ”όpΩ‘O,131083,“‹“s,]“‹ζ,–Ψκ‚S’–Ϊ,2025/2/4,17,‚»‚Μ‘Ό,’“Τi—Φjκ,{ω‚Ή‚Έ,‚Θ‚µ
ή“,Τγ‚Λ‚η‚Ά,[μ,»‘γ”όpΩ‘O,131083,“‹“s,]“‹ζ,–Ψκ‚S’–Ϊ,2025/2/4,17,‚»‚Μ‘Ό,’“Τi—Φjκ,{ω‚Ή‚Έ,‚Θ‚µ
ή“,Τγ‚Λ‚η‚Ά,[μ,–LF,131083,“‹“s,]“‹ζ,–LF‚Q’–Ϊ,2025/4/25,19,‚»‚Μ‘Ό,’“Τi—Φjκ,{ω‚Ή‚Έ,‚Θ‚µ
ή“,Τγ‚Λ‚η‚Ά,[μ,–LF,131083,“‹“s,]“‹ζ,–LF‚Q’–Ϊ,2025/9/20,10,‚»‚Μ‘Ό,‚»‚Μ‘Ό,{ω‚Ή‚Έ,‚Θ‚µ
ή“,Τγ‚Λ‚η‚Ά,[μ,–LF,131083,“‹“s,]“‹ζ,–LF‚T’–Ϊ,2025/5/25,19,‚SK‚ΔΘγ‹¤“―Z‘ξ,’“Τi—Φjκ,{ω‚Ή‚Έ,‚Θ‚µ
ή“,Τγ‚Λ‚η‚Ά,[μ,–LF,131083,“‹“s,]“‹ζ,–LF‚U’–Ϊ,2025/4/19,21,‚»‚Μ‘Ό,’“Τi—Φjκ,{ω‚Ή‚Έ,‚Θ‚µ
ή“,Τγ‚Λ‚η‚Ά,[μ,–LF,131083,“‹“s,]“‹ζ,–LF‚U’–Ϊ,2025/4/24,21,‚»‚Μ‘Ό,’“Τi—Φjκ,{ω‚Ή‚Έ,‚Θ‚µ
ή“,Τγ‚Λ‚η‚Ά,[μ,–LF,131083,“‹“s,]“‹ζ,–LF‚U’–Ϊ,2025/5/12,20,‚»‚Μ‘Ό,’“Τi—Φjκ,{ω‚Ή‚Έ,‚Θ‚µ
ή“,Τγ‚Λ‚η‚Ά,[μ,–LF,131083,“‹“s,]“‹ζ,–LF‚U’–Ϊ,2025/6/18,0,‚»‚Μ‘Ό,’“Τi—Φjκ,{ω‚Ή‚Έ,‚Θ‚µ
ή“,Τγ‚Λ‚η‚Ά,[μ,–ε‘O’‡’¬,131083,“‹“s,]“‹ζ,‰z’†“‡‚P’–Ϊ,2025/2/24,12,’“Τi—Φjκ,’“Τi—Φjκ,{ω‚Ή‚Έ,‚Θ‚µ
ή“,Τγ‚Λ‚η‚Ά,[μ,–ε‘O’‡’¬,131083,“‹“s,]“‹ζ,‰z’†“‡‚R’–Ϊ,2025/1/8,11,κΛZ‘ξ,‚»‚Μ‘Ό,{ω‚Ή‚Έ,‚ ‚θ
ή“,Τγ‚Λ‚η‚Ά,[μ,–ε‘O’‡’¬,131083,“‹“s,]“‹ζ,–Ψκ‚P’–Ϊ,2025/9/6,17,‚»‚Μ‘Ό,’“Τi—Φjκ,{ω‚Ή‚Έ,‚ ‚θ
ή“,Τγ‚Λ‚η‚Ά,[μ,–ε‘O’‡’¬,131083,“‹“s,]“‹ζ,΄‚P’–Ϊ,2025/9/15,1,“ΉHγ,‚»‚Μ‘Ό,{ω‚Ή‚Έ,‚ ‚θ
ή“,Τγ‚Λ‚η‚Ά,[μ,–ε‘O’‡’¬,131083,“‹“s,]“‹ζ,•x‰ª‚P’–Ϊ,2025/8/22,19,“ΉHγ,‚»‚Μ‘Ό,{ω‚Ή‚Έ,‚ ‚θ
ή“,Τγ‚Λ‚η‚Ά,’¬,‹γ’i‰Ί,131016,“‹“s,η‘γ“c‹ζ,‹γ’i–k‚P’–Ϊ,2025/6/15,10,’“Τi—Φjκ,’“Τi—Φjκ,{ω‚Ή‚Έ,‚ ‚θ
ή“,Τγ‚Λ‚η‚Ά,’¬,”Ρ“c‹΄‰w‘O,131016,“‹“s,η‘γ“c‹ζ,•xm©‚Q’–Ϊ,2025/7/9,10,’“Τi—Φjκ,’“Τi—Φjκ,{ω‚Ή‚Έ,‚ ‚θ
ή“,Τγ‚Λ‚η‚Ά,Ϋ‚Μ“ΰ,“ΰK’¬,131016,“‹“s,η‘γ“c‹ζ,“ϊ”δ’Jφ‰€,2025/7/12,16,’“Τi—Φjκ,’“Τi—Φjκ,{ω‚Ή‚Έ,‚Θ‚µ
ή“,Τγ‚Λ‚η‚Ά,Ϋ‚Μ“ΰ,—Ly’¬‰w‘O,131016,“‹“s,η‘γ“c‹ζ,Ϋ‚Μ“ΰ‚R’–Ϊ,2025/1/23,20,“ΉHγ,‚»‚Μ‘Ό,{ω‚Ή‚Έ,‚Θ‚µ
ή“,Τγ‚Λ‚η‚Ά,Ϋ‚Μ“ΰ,—Ly’¬‰w‘O,131016,“‹“s,η‘γ“c‹ζ,—Ly’¬‚Q’–Ϊ,2025/5/23,10,“ΉHγ,‚»‚Μ‘Ό,{ω‚Ή‚Έ,‚ ‚θ
ή“,Τγ‚Λ‚η‚Ά,Ϋ‚Μ“ΰ,“‹‰w‘O,131016,“‹“s,η‘γ“c‹ζ,Ϋ‚Μ“ΰ‚Q’–Ϊ,2025/6/6,9,’“Τi—Φjκ,’“Τi—Φjκ,{ω‚Ή‚Έ,‚Θ‚µ
ή“,Τγ‚Λ‚η‚Ά,_“c,‚¨’ƒ‚Μ…,131016,“‹“s,η‘γ“c‹ζ,_“c’WH’¬‚Q’–Ϊ,2025/4/26,16,“ΉHγ,‚»‚Μ‘Ό,{ω‚Ή‚Έ,‚Θ‚µ
ή“,Τγ‚Λ‚η‚Ά,_“c,‚¨’ƒ‚Μ…,131016,“‹“s,η‘γ“c‹ζ,_“c‹Ρ’¬‚Q’–Ϊ,2025/10/17,21,“ΉHγ,‚»‚Μ‘Ό,{ω‚µ‚½,‚Θ‚µ
ή“,Τγ‚Λ‚η‚Ά,_“c,…“Ή‹΄‰w‘O,131016,“‹“s,η‘γ“c‹ζ,_“cOθ’¬‚Q’–Ϊ,2025/12/13,9,“ΉHγ,‚»‚Μ‘Ό,{ω‚Ή‚Έ,‚Θ‚µ
ή“,Τγ‚Λ‚η‚Ά,–Ά‹΄,H—t΄,131016,“‹“s,η‘γ“c‹ζ,_“c²‹vΤ’¬‚P’–Ϊ,2025/1/22,15,“ΉHγ,‚»‚Μ‘Ό,{ω‚µ‚½,‚Θ‚µ
ή“,Τγ‚Λ‚η‚Ά,–Ά‹΄,H—t΄,131016,“‹“s,η‘γ“c‹ζ,_“c—ϋ•»’¬,2025/1/19,23,’“Τi—Φjκ,’“Τi—Φjκ,{ω‚Ή‚Έ,‚Θ‚µ
ή“,Τγ‚Λ‚η‚Ά,–Ά‹΄,H—t΄,131016,“‹“s,η‘γ“c‹ζ,_“c—ϋ•»’¬,2025/3/18,19,’“Τi—Φjκ,’“Τi—Φjκ,{ω‚Ή‚Έ,‚Θ‚µ
ή“,Τγ‚Λ‚η‚Ά,–Ά‹΄,H—t΄,131016,“‹“s,η‘γ“c‹ζ,_“cΌ‰i’¬,2025/6/3,6,“ΉHγ,‚»‚Μ‘Ό,{ω‚Ή‚Έ,‚ ‚θ
ή“,Τγ‚Λ‚η‚Ά,–Ά‹΄,H—t΄,131016,“‹“s,η‘γ“c‹ζ,O_“c‚P’–Ϊ,2025/3/14,13,’“Τi—Φjκ,’“Τi—Φjκ,{ω‚Ή‚Έ,‚Θ‚µ
ή“,Τγ‚Λ‚η‚Ά,–Ά‹΄,H—t΄,131016,“‹“s,η‘γ“c‹ζ,O_“c‚P’–Ϊ,2025/4/12,21,“ΉHγ,‚»‚Μ‘Ό,{ω‚Ή‚Έ,‚Θ‚µ
ή“,Τγ‚Λ‚η‚Ά,–Ά‹΄,H—t΄,131016,“‹“s,η‘γ“c‹ζ,O_“c‚P’–Ϊ,2025/4/15,20,“ΉHγ,‚»‚Μ‘Ό,{ω‚Ή‚Έ,‚Θ‚µ
ή“,Τγ‚Λ‚η‚Ά,–Ά‹΄,H—t΄,131016,“‹“s,η‘γ“c‹ζ,O_“c‚P’–Ϊ,2025/4/15,21,“ΉHγ,‚»‚Μ‘Ό,{ω‚Ή‚Έ,‚Θ‚µ
ή“,Τγ‚Λ‚η‚Ά,–Ά‹΄,H—t΄,131016,“‹“s,η‘γ“c‹ζ,O_“c‚P’–Ϊ,2025/4/20,2,“ΉHγ,‚»‚Μ‘Ό,{ω‚Ή‚Έ,‚Θ‚µ
ή“,Τγ‚Λ‚η‚Ά,–Ά‹΄,H—t΄,131016,“‹“s,η‘γ“c‹ζ,O_“c‚P’–Ϊ,2025/9/16,17,“ΉHγ,‚»‚Μ‘Ό,{ω‚Ή‚Έ,‚Θ‚µ
ή“,Τγ‚Λ‚η‚Ά,–Ά‹΄,H—t΄,131016,“‹“s,η‘γ“c‹ζ,O_“c‚S’–Ϊ,2025/3/21,19,‚»‚Μ‘Ό,’“Τi—Φjκ,{ω‚Ή‚Έ,‚Θ‚µ
ή“,Τγ‚Λ‚η‚Ά,–Ά‹΄,H—t΄,131016,“‹“s,η‘γ“c‹ζ,O_“c‚S’–Ϊ,2025/4/21,21,‚»‚Μ‘Ό,’“Τi—Φjκ,{ω‚µ‚½,‚Θ‚µ
ή“,Τγ‚Λ‚η‚Ά,–Ά‹΄,H—t΄,131016,“‹“s,η‘γ“c‹ζ,O_“c‚S’–Ϊ,2025/4/21,21,‚»‚Μ‘Ό,’“Τi—Φjκ,{ω‚µ‚½,‚Θ‚µ
ή“,Τγ‚Λ‚η‚Ά,–Ά‹΄,H—t΄,131016,“‹“s,η‘γ“c‹ζ,O_“c‚S’–Ϊ,2025/4/24,14,‚»‚Μ‘Ό,’“Τi—Φjκ,{ω‚µ‚½,‚Θ‚µ
ή“,Τγ‚Λ‚η‚Ά,–Ά‹΄,H—t΄,131016,“‹“s,η‘γ“c‹ζ,O_“c‚S’–Ϊ,2025/4/24,20,‚»‚Μ‘Ό,’“Τi—Φjκ,{ω‚µ‚½,‚Θ‚µ
ή“,Τγ‚Λ‚η‚Ά,–Ά‹΄,H—t΄,131016,“‹“s,η‘γ“c‹ζ,O_“c‚S’–Ϊ,2025/4/25,6,‚»‚Μ‘Ό,’“Τi—Φjκ,{ω‚Ή‚Έ,‚Θ‚µ
ή“,Τγ‚Λ‚η‚Ά,–Ά‹΄,H—t΄,131016,“‹“s,η‘γ“c‹ζ,O_“c‚S’–Ϊ,2025/4/25,20,‚»‚Μ‘Ό,’“Τi—Φjκ,{ω‚Ή‚Έ,‚Θ‚µ
ή“,Τγ‚Λ‚η‚Ά,–Ά‹΄,”ό‘q‹΄,131016,“‹“s,η‘γ“c‹ζ,_“caς’¬,2025/5/17,18,“ΉHγ,‚»‚Μ‘Ό,{ω‚Ή‚Έ,‚Θ‚µ
ή“,Τγ‚Λ‚η‚Ά,–Ά‹΄,”ό‘q‹΄,131016,“‹“s,η‘γ“c‹ζ,_“c²‹vΤ’¬‚R’–Ϊ,2025/10/9,11,“ΉHγ,‚»‚Μ‘Ό,{ω‚Ή‚Έ,‚ ‚θ
ή“,Τγ‚Λ‚η‚Ά,‹vΌ,–β‰®‹΄,131024,“‹“s,’†‰›‹ζ,“ϊ–{‹΄‹vΌ’¬,2025/6/8,16,“ΉHγ,‚»‚Μ‘Ό,{ω‚Ή‚Έ,‚ ‚θ
ή“,Τγ‚Λ‚η‚Ά,‹vΌ,•l’¬,131024,“‹“s,’†‰›‹ζ,“ϊ–{‹΄•l’¬‚Q’–Ϊ,2025/9/7,21,“ΉHγ,‚»‚Μ‘Ό,{ω‚Ή‚Έ,‚ ‚θ
ή“,Τγ‚Λ‚η‚Ά,’z’n,¬“c΄’¬,131024,“‹“s,’†‰›‹ζ,’z’n‚Q’–Ϊ,2025/1/10,14,“ΉHγ,‚»‚Μ‘Ό,{ω‚Ή‚Έ,‚ ‚θ
ή“,Τγ‚Λ‚η‚Ά,’z’n,¬“c΄’¬,131024,“‹“s,’†‰›‹ζ,’z’n‚U’–Ϊ,2025/3/13,21,’“Τi—Φjκ,’“Τi—Φjκ,{ω‚Ή‚Έ,‚Θ‚µ
ή“,Τγ‚Λ‚η‚Ά,’z’n,¬“c΄’¬,131024,“‹“s,’†‰›‹ζ,’z’n‚U’–Ϊ,2025/11/20,21,“ΉHγ,‚»‚Μ‘Ό,{ω‚µ‚½,‚Θ‚µ
ή“,Τγ‚Λ‚η‚Ά,’z’n,”ρ‰®‹΄,131024,“‹“s,’†‰›‹ζ,‹βΐ‚T’–Ϊ,2025/9/19,11,“ΉHγ,‚»‚Μ‘Ό,{ω‚µ‚½,‚Θ‚µ
ή“,Τγ‚Λ‚η‚Ά,’z’n,V•x’¬,131024,“‹“s,’†‰›‹ζ,V•x‚P’–Ϊ,2025/7/18,23,‚»‚Μ‘Ό,’“Τi—Φjκ,{ω‚Ή‚Έ,‚ ‚θ
ή“,Τγ‚Λ‚η‚Ά,’z’n,V•x’¬,131024,“‹“s,’†‰›‹ζ,V•x‚P’–Ϊ,2025/11/14,17,“ΉHγ,‚»‚Μ‘Ό,{ω‚Ή‚Έ,‚ ‚θ
ή“,Τγ‚Λ‚η‚Ά,“‡,‚Η‚«‹΄,131024,“‹“s,’†‰›‹ζ,‚Η‚«‚U’–Ϊ,2025/3/22,7,“ΉHγ,‚»‚Μ‘Ό,{ω‚Ή‚Έ,‚ ‚θ
ή“,Τγ‚Λ‚η‚Ά,“‡,‚Η‚«‹΄,131024,“‹“s,’†‰›‹ζ,‚Η‚«‚U’–Ϊ,2025/3/26,22,‚SK‚ΔΘγ‹¤“―Z‘ξ,’“Τi—Φjκ,{ω‚µ‚½,‚Θ‚µ
ή“,Τγ‚Λ‚η‚Ά,“‡,‚Η‚«‹΄,131024,“‹“s,’†‰›‹ζ,‚Η‚«‚U’–Ϊ,2025/10/1,23,‚SK‚ΔΘγ‹¤“―Z‘ξ,’“Τi—Φjκ,{ω‚Ή‚Έ,‚Θ‚µ
ή“,Τγ‚Λ‚η‚Ά,“‡,°CO’–Ϊ,131024,“‹“s,’†‰›‹ζ,°C‚P’–Ϊ,2025/1/23,11,‚»‚Μ‘Ό,’“Τi—Φjκ,{ω‚Ή‚Έ,‚Θ‚µ
ή“,Τγ‚Λ‚η‚Ά,“‡,°CO’–Ϊ,131024,“‹“s,’†‰›‹ζ,°C‚P’–Ϊ,2025/3/7,16,‚SK‚ΔΘγ‹¤“―Z‘ξ,’“Τi—Φjκ,{ω‚Ή‚Έ,‚Θ‚µ
ή“,Τγ‚Λ‚η‚Ά,“‡,°CO’–Ϊ,131024,“‹“s,’†‰›‹ζ,°C‚T’–Ϊ,2025/4/25,17,‚»‚Μ‘Ό,’“Τi—Φjκ,{ω‚Ή‚Έ,‚ ‚θ
ή“,Τγ‚Λ‚η‚Ά,¤“†,V‹΄O’–Ϊ,131032,“‹“s,`‹ζ,V‹΄‚Q’–Ϊ,2025/12/23,4,“ΉHγ,‚»‚Μ‘Ό,{ω‚Ή‚Έ,‚ ‚θ
ή“,Τγ‚Λ‚η‚Ά,¤“†,V‹΄‰w‘O,131032,“‹“s,`‹ζ,V‹΄‚Q’–Ϊ,2025/4/7,21,’“Τi—Φjκ,’“Τi—Φjκ,{ω‚Ή‚Έ,‚ ‚θ
ή“,Τγ‚Λ‚η‚Ά,O“c,O“c’Κ,131032,“‹“s,`‹ζ,Ε‚T’–Ϊ,2025/9/16,11,“ΉHγ,‚»‚Μ‘Ό,{ω‚Ή‚Έ,‚ ‚θ
ή“,Τγ‚Λ‚η‚Ά,O“c,O“c’Κ,131032,“‹“s,`‹ζ,Ε‚T’–Ϊ,2025/9/22,9,“ΉHγ,‚»‚Μ‘Ό,{ω‚Ή‚Έ,‚ ‚θ
ή“,Τγ‚Λ‚η‚Ά,O“c,‹T’Λφ‰€‘O,131032,“‹“s,`‹ζ,O“c‚R’–Ϊ,2025/9/30,7,“ΉHγ,‚»‚Μ‘Ό,{ω‚Ή‚Έ,‚Θ‚µ
ή“,Τγ‚Λ‚η‚Ά,O“c,“c’¬‰w“ϋ,131032,“‹“s,`‹ζ,Ε‰Y‚P’–Ϊ,2025/12/2,14,’“Τi—Φjκ,’“Τi—Φjκ,{ω‚Ή‚Έ,‚Θ‚µ
ή“,Τγ‚Λ‚η‚Ά,O“c,Εl’–Ϊ,131032,“‹“s,`‹ζ,O“c‚P’–Ϊ,2025/2/7,19,“ΉHγ,‚»‚Μ‘Ό,{ω‚Ή‚Έ,‚Θ‚µ
ή“,Τγ‚Λ‚η‚Ά,‚—Φ,•iμ‰w`“μϋ,131032,“‹“s,`‹ζ,`“μ‚S’–Ϊ,2025/2/5,18,‚SK‚ΔΘγ‹¤“―Z‘ξ,’“Τi—Φjκ,{ω‚Ή‚Έ,‚Θ‚µ
ή“,Τγ‚Λ‚η‚Ά,‚—Φ,•iμ‰w`“μϋ,131032,“‹“s,`‹ζ,`“μ‚S’–Ϊ,2025/7/6,18,‚»‚Μ‘Ό,‚»‚Μ‘Ό,{ω‚Ή‚Έ,‚ ‚θ
ή“,Τγ‚Λ‚η‚Ά,‚—Φ,•iμ‰w‚—Φϋ,131032,“‹“s,`‹ζ,‚—Φ‚R’–Ϊ,2025/4/25,18,’“Τi—Φjκ,’“Τi—Φjκ,{ω‚Ή‚Έ,‚Θ‚µ
ή“,Τγ‚Λ‚η‚Ά,‚—Φ,•iμ‰w‚—Φϋ,131032,“‹“s,`‹ζ,‚—Φ‚R’–Ϊ,2025/8/18,10,‚»‚Μ‘Ό,‚»‚Μ‘Ό,{ω‚Ή‚Έ,‚ ‚θ
ή“,Τγ‚Λ‚η‚Ά,‚—Φ,‚—Φ“ρ’–Ϊ,131032,“‹“s,`‹ζ,‚—Φ‚R’–Ϊ,2025/1/30,12,‚SK‚ΔΘγ‹¤“―Z‘ξ,‚»‚Μ‘Ό,{ω‚Ή‚Έ,‚ ‚θ
ή“,Τγ‚Λ‚η‚Ά,‚—Φ,‚—Φ‘δ,131032,“‹“s,`‹ζ,”’‹ΰ‘δ‚R’–Ϊ,2025/3/7,10,“ΉHγ,‚»‚Μ‘Ό,{ω‚Ή‚Έ,‚ ‚θ
ή“,Τγ‚Λ‚η‚Ά,–ƒ•z,κ”V‹΄,131032,“‹“s,`‹ζ,–ƒ•z\”Τ‚Q’–Ϊ,2025/10/18,20,“ΉHγ,‚»‚Μ‘Ό,{ω‚Ή‚Έ,‚ ‚θ
ή“,Τγ‚Λ‚η‚Ά,–ƒ•z,κ”V‹΄,131032,“‹“s,`‹ζ,–ƒ•z\”Τ‚S’–Ϊ,2025/11/19,19,’“Τi—Φjκ,’“Τi—Φjκ,{ω‚Ή‚Έ,‚ ‚θ
ή“,Τγ‚Λ‚η‚Ά,–ƒ•z,κ”V‹΄,131032,“‹“s,`‹ζ,“–ƒ•z‚R’–Ϊ,2025/12/24,19,’“Τi—Φjκ,’“Τi—Φjκ,{ω‚µ‚½,‚Θ‚µ
ή“,Τγ‚Λ‚η‚Ά,–ƒ•z,κ”V‹΄,131032,“‹“s,`‹ζ,“μ–ƒ•z‚P’–Ϊ,2025/7/14,15,“ΉHγ,‚»‚Μ‘Ό,{ω‚Ή‚Έ,‚Θ‚µ
ή“,Τγ‚Λ‚η‚Ά,–ƒ•z,κ”V‹΄,131032,“‹“s,`‹ζ,“μ–ƒ•z‚Q’–Ϊ,2025/11/8,9,“ΉHγ,‚»‚Μ‘Ό,{ω‚µ‚½,‚Θ‚µ
ή“,Τγ‚Λ‚η‚Ά,–ƒ•z,Z–{–Ψ,131032,“‹“s,`‹ζ,Z–{–Ψ‚R’–Ϊ,2025/2/15,23,‚SK‚ΔΘγ‹¤“―Z‘ξ,‚»‚Μ‘Ό,{ω‚Ή‚Έ,‚Θ‚µ
ή“,Τγ‚Λ‚η‚Ά,–ƒ•z,Z–{–Ψ,131032,“‹“s,`‹ζ,Z–{–Ψ‚V’–Ϊ,2025/12/6,2,“ΉHγ,‚»‚Μ‘Ό,{ω‚Ή‚Έ,‚ ‚θ
ή“,Τγ‚Λ‚η‚Ά,–ƒ•z,Z–{–ΨZ’–Ϊ,131032,“‹“s,`‹ζ,³–ƒ•z‚R’–Ϊ,2025/9/9,16,‚»‚Μ‘Ό,’“Τi—Φjκ,{ω‚Ή‚Έ,‚Θ‚µ
ή“,Τγ‚Λ‚η‚Ά,–ƒ•z,Z–{–ΨZ’–Ϊ,131032,“‹“s,`‹ζ,Z–{–Ψ‚U’–Ϊ,2025/7/19,2,“ΉHγ,‚»‚Μ‘Ό,{ω‚Ή‚Έ,‚ ‚θ
ή“,Τγ‚Λ‚η‚Ά,–ƒ•z,Z–{–ΨZ’–Ϊ,131032,“‹“s,`‹ζ,Z–{–Ψ‚U’–Ϊ,2025/12/17,11,’“Τi—Φjκ,’“Τi—Φjκ,{ω‚Ή‚Έ,‚Θ‚µ
ή“,Τγ‚Λ‚η‚Ά,–ƒ•z,·‰ª’¬,131032,“‹“s,`‹ζ,“μ–ƒ•z‚S’–Ϊ,2025/11/8,22,“ΉHγ,‚»‚Μ‘Ό,{ω‚µ‚½,‚Θ‚µ
ή“,Τγ‚Λ‚η‚Ά,–ƒ•z,,,,,,2025/5/15,15,‚»‚Μ‘Ό,‚»‚Μ‘Ό,{ω‚Ή‚Έ,‚Θ‚µ
ή“,Τγ‚Λ‚η‚Ά,–ƒ•z,,,,,,2025/8/1,12,“ΉHγ,‚»‚Μ‘Ό,{ω‚Ή‚Έ,‚ ‚θ
ή“,Τγ‚Λ‚η‚Ά,Τβ,Τβά’–Ϊ,131032,“‹“s,`‹ζ,Τβ‚P’–Ϊ,2025/9/26,19,‚»‚Μ‘Ό,‚»‚Μ‘Ό,{ω‚Ή‚Έ,‚Θ‚µ
ή“,Τγ‚Λ‚η‚Ά,Τβ,Τβά’–Ϊ,131032,“‹“s,`‹ζ,Τβ‚Q’–Ϊ,2025/8/24,16,“ΉHγ,‚»‚Μ‘Ό,{ω‚Ή‚Έ,‚ ‚θ
ή“,Τγ‚Λ‚η‚Ά,Τβ,Τβ©•,131032,“‹“s,`‹ζ,³Τβ‚P’–Ϊ,2025/3/10,11,’“Τi—Φjκ,’“Τi—Φjκ,{ω‚Ή‚Έ,‚Θ‚µ
ή“,Τγ‚Λ‚η‚Ά,Τβ,ΒRκ’–Ϊ,131032,“‹“s,`‹ζ,Τβ‚W’–Ϊ,2025/10/24,18,“ΉHγ,‚»‚Μ‘Ό,{ω‚Ή‚Έ,‚ ‚θ
ή“,Τγ‚Λ‚η‚Ά,Τβ,ΒRκ’–Ϊ,131032,“‹“s,`‹ζ,“μΒR‚P’–Ϊ,2025/2/19,8,’“Τi—Φjκ,’“Τi—Φjκ,{ω‚Ή‚Έ,‚Θ‚µ
ή“,Τγ‚Λ‚η‚Ά,“‹pέ,‚¨‘δκC•lφ‰€‰w‘O,131032,“‹“s,`‹ζ,‘δκ‚P’–Ϊ,2025/6/21,18,‚»‚Μ‘Ό,’“Τi—Φjκ,{ω‚Ή‚Έ,‚Θ‚µ
ή“,Τγ‚Λ‚η‚Ά,“‹pέ,‚¨‘δκC•lφ‰€‰w‘O,131032,“‹“s,`‹ζ,‘δκ‚P’–Ϊ,2025/11/8,21,‚»‚Μ‘Ό,’“Τi—Φjκ,{ω‚Ή‚Έ,‚Θ‚µ
ή“,Τγ‚Λ‚η‚Ά,“‹pέ,‚¨‘δκC•lφ‰€‰w‘O,131032,“‹“s,`‹ζ,‘δκ‚P’–Ϊ,2025/11/15,0,“ΉHγ,‚»‚Μ‘Ό,{ω‚Ή‚Έ,‚Θ‚µ
ή“,Τγ‚Λ‚η‚Ά,“‹pέ,‚¨‘δκC•lφ‰€‰w‘O,131032,“‹“s,`‹ζ,‘δκ‚P’–Ϊ,2025/11/23,20,‚»‚Μ‘Ό,’“Τi—Φjκ,{ω‚Ή‚Έ,‚Θ‚µ
ή“,Τγ‚Λ‚η‚Ά,“‹pέ,‚¨‘δκC•lφ‰€‰w‘O,131032,“‹“s,`‹ζ,‘δκ‚P’–Ϊ,2025/11/27,3,‚»‚Μ‘Ό,’“Τi—Φjκ,{ω‚Ή‚Έ,‚Θ‚µ
ή“,Τγ‚Λ‚η‚Ά,“‹pέ,‚¨‘δκC•lφ‰€‰w‘O,131032,“‹“s,`‹ζ,‘δκ‚P’–Ϊ,2025/12/1,20,‚»‚Μ‘Ό,’“Τi—Φjκ,{ω‚Ή‚Έ,‚Θ‚µ
ή“,Τγ‚Λ‚η‚Ά,“‹pέ,‚¨‘δκC•lφ‰€‰w‘O,131032,“‹“s,`‹ζ,‘δκ‚P’–Ϊ,2025/12/6,23,‚»‚Μ‘Ό,’“Τi—Φjκ,{ω‚Ή‚Έ,‚Θ‚µ
ή“,Τγ‚Λ‚η‚Ά,“‹pέ,‚¨‘δκC•lφ‰€‰w‘O,131083,“‹“s,]“‹ζ,ΒC‚P’–Ϊ,2025/12/26,10,’“Τi—Φjκ,’“Τi—Φjκ,{ω‚Ή‚Έ,‚Θ‚µ
ή“,Τγ‚Λ‚η‚Ά,“‹pέ,‘ε“csκ‘O,131113,“‹“s,‘ε“c‹ζ,“C‚R’–Ϊ,2025/2/1,5,’“Τi—Φjκ,’“Τi—Φjκ,{ω‚µ‚½,‚ ‚θ
ή“,Τγ‚Λ‚η‚Ά,“‹pέ,‘ε“csκ‘O,131113,“‹“s,‘ε“c‹ζ,“C‚R’–Ϊ,2025/10/14,15,’“Τi—Φjκ,’“Τi—Φjκ,{ω‚µ‚½,‚Θ‚µ
ή“,Τγ‚Λ‚η‚Ά,“‹pέ,‘ε“csκ‘O,131113,“‹“s,‘ε“c‹ζ,“C‚R’–Ϊ,2025/10/26,14,’“Τi—Φjκ,’“Τi—Φjκ,{ω‚µ‚½,‚Θ‚µ
ή“,Τγ‚Λ‚η‚Ά,“‹pέ,‘ε“csκ‘O,131113,“‹“s,‘ε“c‹ζ,“C‚R’–Ϊ,2025/10/28,7,‚»‚Μ‘Ό,’“Τi—Φjκ,{ω‚Ή‚Έ,‚ ‚θ
ή“,Τγ‚Λ‚η‚Ά,“‹pέ,‘ε“csκ‘O,131113,“‹“s,‘ε“c‹ζ,“C‚R’–Ϊ,2025/10/28,12,’“Τi—Φjκ,’“Τi—Φjκ,{ω‚µ‚½,‚Θ‚µ
ή“,Τγ‚Λ‚η‚Ά,“‹pέ,‘ε“csκ‘O,131113,“‹“s,‘ε“c‹ζ,“C‚R’–Ϊ,2025/11/2,16,’“Τi—Φjκ,’“Τi—Φjκ,{ω‚µ‚½,‚Θ‚µ
ή“,Τγ‚Λ‚η‚Ά,“‹pέ,V–Ψκ‰w‘O,131083,“‹“s,]“‹ζ,–²‚Μ“‡‚R’–Ϊ,2025/12/12,16,‚»‚Μ‘Ό,’“Τi—Φjκ,{ω‚Ή‚Έ,‚Θ‚µ
ή“,Τγ‚Λ‚η‚Ά,“‹pέ,‘ζά‘δκ,131091,“‹“s,•iμ‹ζ,“•iμ‚T’–Ϊ,2025/7/29,18,‚SK‚ΔΘγ‹¤“―Z‘ξ,’“Τi—Φjκ,{ω‚Ή‚Έ,‚Θ‚µ
ή“,Τγ‚Λ‚η‚Ά,“‹pέ,‘ζά‘δκ,131091,“‹“s,•iμ‹ζ,”ª’ª‚R’–Ϊ,2025/5/18,9,’“Τi—Φjκ,’“Τi—Φjκ,{ω‚Ή‚Έ,‚Θ‚µ
ή“,Τγ‚Λ‚η‚Ά,“‹pέ,“s‹΄,131083,“‹“s,]“‹ζ,—L–Ύ‚Q’–Ϊ,2025/8/2,14,‚»‚Μ‘Ό,’“Τi—Φjκ,{ω‚Ή‚Έ,‚Θ‚µ
ή“,Τγ‚Λ‚η‚Ά,“‹pέ,“s‹΄,131083,“‹“s,]“‹ζ,—L–Ύ‚R’–Ϊ,2025/10/31,8,‚»‚Μ‘Ό,’“Τi—Φjκ,{ω‚Ή‚Έ,‚Θ‚µ
ή“,Τγ‚Λ‚η‚Ά,“‹pέ,“s‹΄,131083,“‹“s,]“‹ζ,“‰_‚P’–Ϊ,2025/1/24,0,‚SK‚ΔΘγ‹¤“―Z‘ξ,’“Τi—Φjκ,{ω‚µ‚½,‚Θ‚µ
ή“,Τγ‚Λ‚η‚Ά,“‹pέ,“s‹΄,131083,“‹“s,]“‹ζ,“‰_‚P’–Ϊ,2025/2/3,17,‚SK‚ΔΘγ‹¤“―Z‘ξ,’“Τi—Φjκ,{ω‚µ‚½,‚Θ‚µ
ή“,Τγ‚Λ‚η‚Ά,“‹pέ,“s‹΄,131083,“‹“s,]“‹ζ,“‰_‚P’–Ϊ,2025/3/26,12,‚»‚Μ‘Ό,’“Τi—Φjκ,{ω‚µ‚½,‚Θ‚µ
ή“,Τγ‚Λ‚η‚Ά,“‹pέ,“s‹΄,131083,“‹“s,]“‹ζ,“‰_‚P’–Ϊ,2025/6/28,23,‚SK‚ΔΘγ‹¤“―Z‘ξ,’“Τi—Φjκ,{ω‚µ‚½,‚Θ‚µ
ή“,Τγ‚Λ‚η‚Ά,“‹pέ,“s‹΄,131083,“‹“s,]“‹ζ,“‰_‚P’–Ϊ,2025/10/21,15,’“Τi—Φjκ,’“Τi—Φjκ,{ω‚Ή‚Έ,‚Θ‚µ
ή“,Τγ‚Λ‚η‚Ά,“‹pέ,“s‹΄,131083,“‹“s,]“‹ζ,“‰_‚Q’–Ϊ,2025/3/8,7,‚SK‚ΔΘγ‹¤“―Z‘ξ,’“Τi—Φjκ,{ω‚Ή‚Έ,‚Θ‚µ
ή“,Τγ‚Λ‚η‚Ά,“‹pέ,“s‹΄,131083,“‹“s,]“‹ζ,“‰_‚Q’–Ϊ,2025/3/9,17,‚»‚Μ‘Ό,’“Τi—Φjκ,{ω‚µ‚½,‚Θ‚µ
ή“,Τγ‚Λ‚η‚Ά,“‹pέ,“s‹΄,131083,“‹“s,]“‹ζ,“‰_‚Q’–Ϊ,2025/3/30,12,‚»‚Μ‘Ό,’“Τi—Φjκ,{ω‚Ή‚Έ,‚Θ‚µ
ή“,Τγ‚Λ‚η‚Ά,“‹pέ,“s‹΄,131083,“‹“s,]“‹ζ,“‰_‚Q’–Ϊ,2025/4/2,17,‚SK‚ΔΘγ‹¤“―Z‘ξ,’“Τi—Φjκ,{ω‚µ‚½,‚Θ‚µ
ή“,Τγ‚Λ‚η‚Ά,“‹pέ,“s‹΄,131083,“‹“s,]“‹ζ,“‰_‚Q’–Ϊ,2025/4/17,7,‚»‚Μ‘Ό,’“Τi—Φjκ,{ω‚Ή‚Έ,‚ ‚θ
ή“,Τγ‚Λ‚η‚Ά,“‹pέ,“s‹΄,131083,“‹“s,]“‹ζ,“‰_‚Q’–Ϊ,2025/6/29,9,‚SK‚ΔΘγ‹¤“―Z‘ξ,‚»‚Μ‘Ό,{ω‚µ‚½,‚ ‚θ
ή“,Τγ‚Λ‚η‚Ά,“‹pέ,“s‹΄,131083,“‹“s,]“‹ζ,“‰_‚Q’–Ϊ,2025/10/1,17,‚SK‚ΔΘγ‹¤“―Z‘ξ,‚»‚Μ‘Ό,{ω‚Ή‚Έ,‚ ‚θ
ή“,Τγ‚Λ‚η‚Ά,•iμ,‘δκ,131091,“‹“s,•iμ‹ζ,–k•iμ‚R’–Ϊ,2025/4/21,15,‚»‚Μ‘Ό,’“Τi—Φjκ,{ω‚Ή‚Έ,‚Θ‚µ
ή“,Τγ‚Λ‚η‚Ά,•iμ,“V‰¤F,131091,“‹“s,•iμ‹ζ,“•iμ‚Q’–Ϊ,2025/7/29,10,’“Τi—Φjκ,’“Τi—Φjκ,{ω‚Ή‚Έ,‚Θ‚µ
ή“,Τγ‚Λ‚η‚Ά,•iμ,“V‰¤F,131091,“‹“s,•iμ‹ζ,“•iμ‚R’–Ϊ,2025/11/18,13,‚SK‚ΔΘγ‹¤“―Z‘ξ,’“Τi—Φjκ,{ω‚Ή‚Έ,‚Θ‚µ
ή“,Τγ‚Λ‚η‚Ά,•iμ,“V‰¤F,131091,“‹“s,•iμ‹ζ,“•iμ‚R’–Ϊ,2025/11/20,5,‚»‚Μ‘Ό,’“Τi—Φjκ,{ω‚Ή‚Έ,‚ ‚θ
ή“,Τγ‚Λ‚η‚Ά,•iμ,Β•¨‰΅’‰w‘O,131091,“‹“s,•iμ‹ζ,“•iμ‚R’–Ϊ,2025/8/25,14,“ΉHγ,‚»‚Μ‘Ό,{ω‚Ή‚Έ,‚Θ‚µ
ή“,Τγ‚Λ‚η‚Ά,•iμ,Β•¨‰΅’‰w‘O,131091,“‹“s,•iμ‹ζ,“μ•iμ‚T’–Ϊ,2025/1/1,16,“ΉHγ,‚»‚Μ‘Ό,{ω‚Ή‚Έ,‚Θ‚µ
ή“,Τγ‚Λ‚η‚Ά,‘εδ,“μ‘εδ,131091,“‹“s,•iμ‹ζ,“μ‘εδ‚Q’–Ϊ,2025/7/25,14,“ΉHγ,‚»‚Μ‘Ό,{ω‚Ή‚Έ,‚ ‚θ
ή“,Τγ‚Λ‚η‚Ά,‘εδ,“μ‘εδ,131091,“‹“s,•iμ‹ζ,“μ‘εδ‚U’–Ϊ,2025/1/5,17,‚»‚Μ‘Ό,’“Τi—Φjκ,{ω‚Ή‚Έ,‚Θ‚µ
ή“,Τγ‚Λ‚η‚Ά,‘εδ,“μ‘εδ,131091,“‹“s,•iμ‹ζ,“μ‘εδ‚U’–Ϊ,2025/2/26,14,‚»‚Μ‘Ό,’“Τi—Φjκ,{ω‚Ή‚Έ,‚Θ‚µ
ή“,Τγ‚Λ‚η‚Ά,‘εδ,“μ‘εδ,131091,“‹“s,•iμ‹ζ,“μ‘εδ‚U’–Ϊ,2025/3/8,12,‚»‚Μ‘Ό,‚»‚Μ‘Ό,{ω‚Ή‚Έ,‚Θ‚µ
ή“,Τγ‚Λ‚η‚Ά,‘εδ,‘εδ’¬‰w‘O,131091,“‹“s,•iμ‹ζ,‘εδ‚S’–Ϊ,2025/7/16,9,“ΉHγ,‚»‚Μ‘Ό,{ω‚Ή‚Έ,‚ ‚θ
ή“,Τγ‚Λ‚η‚Ά,‘εδ,—§‰ομ,131091,“‹“s,•iμ‹ζ,‘εδ‚P’–Ϊ,2025/11/28,7,’“Τi—Φjκ,’“Τi—Φjκ,{ω‚Ή‚Έ,‚Θ‚µ
ή“,Τγ‚Λ‚η‚Ά,‘εδ,—§‰ομ,131091,“‹“s,•iμ‹ζ,“‡‚P’–Ϊ,2024/12/27,17,‚»‚Μ‘Ό,’“Τi—Φjκ,{ω‚Ή‚Έ,‚Θ‚µ
ή“,Τγ‚Λ‚η‚Ά,‘εδ,—§‰ομ,131091,“‹“s,•iμ‹ζ,“‘εδ‚P’–Ϊ,2025/10/29,18,‚SK‚ΔΘγ‹¤“―Z‘ξ,’“Τi—Φjκ,{ω‚µ‚½,‚Θ‚µ
ή“,Τγ‚Λ‚η‚Ά,‘εθ,’†΄ϋ,131091,“‹“s,•iμ‹ζ,Όά”½“c‚V’–Ϊ,2025/4/2,23,“ΉHγ,‚»‚Μ‘Ό,{ω‚Ή‚Έ,‚ ‚θ
ή“,Τγ‚Λ‚η‚Ά,‘εθ,’†΄ϋ,131091,“‹“s,•iμ‹ζ,Όά”½“c‚W’–Ϊ,2025/5/3,17,“ΉHγ,‚»‚Μ‘Ό,{ω‚Ή‚Έ,‚ ‚θ
ή“,Τγ‚Λ‚η‚Ά,‘εθ,ά”½“c‰w‘O,131091,“‹“s,•iμ‹ζ,Όά”½“c‚P’–Ϊ,2025/3/31,20,“ΉHγ,‚»‚Μ‘Ό,{ω‚Ή‚Έ,‚Θ‚µ
ή“,Τγ‚Λ‚η‚Ά,‘εθ,ά”½“c‰w‘O,131091,“‹“s,•iμ‹ζ,Όά”½“c‚P’–Ϊ,2025/9/22,12,“ΉHγ,‚»‚Μ‘Ό,{ω‚Ή‚Έ,‚ ‚θ
ή“,Τγ‚Λ‚η‚Ά,‘εθ,ά”½“c‰w‘O,131091,“‹“s,•iμ‹ζ,Όά”½“c‚Q’–Ϊ,2025/5/23,17,“ΉHγ,‚»‚Μ‘Ό,{ω‚Ή‚Έ,‚Θ‚µ
ή“,Τγ‚Λ‚η‚Ά,‘εθ,ά”½“c‰w‘O,131091,“‹“s,•iμ‹ζ,“ά”½“c‚Q’–Ϊ,2025/5/16,11,“ΉHγ,‚»‚Μ‘Ό,{ω‚Ή‚Έ,‚Θ‚µ
ή“,Τγ‚Λ‚η‚Ά,‘εθ,ά”½“c‰w‘O,131091,“‹“s,•iμ‹ζ,“ά”½“c‚S’–Ϊ,2025/10/22,11,“ΉHγ,‚»‚Μ‘Ό,{ω‚Ή‚Έ,‚Θ‚µ
ή“,Τγ‚Λ‚η‚Ά,‘εθ,ά”½“c‰w‘O,131091,“‹“s,•iμ‹ζ,“ά”½“c‚T’–Ϊ,2025/2/15,10,“ΉHγ,‚»‚Μ‘Ό,{ω‚Ή‚Έ,‚Θ‚µ
ή“,Τγ‚Λ‚η‚Ά,‘εθ,ά”½“c‰w‘O,131091,“‹“s,•iμ‹ζ,“ά”½“c‚T’–Ϊ,2025/12/12,21,“ΉHγ,‚»‚Μ‘Ό,{ω‚µ‚½,‚Θ‚µ
ή“,Τγ‚Λ‚η‚Ά,‘εθ,‘εθ‰w‘O,131091,“‹“s,•iμ‹ζ,‘εθ‚Q’–Ϊ,2025/4/3,20,‚»‚Μ‘Ό,’“Τi—Φjκ,{ω‚Ή‚Έ,‚Θ‚µ
ή“,Τγ‚Λ‚η‚Ά,‘εθ,‘εθ‰w‘O,131091,“‹“s,•iμ‹ζ,‘εθ‚T’–Ϊ,2025/1/23,16,‚SK‚ΔΘγ‹¤“―Z‘ξ,‚»‚Μ‘Ό,{ω‚Ή‚Έ,‚Θ‚µ
ή“,Τγ‚Λ‚η‚Ά,‘εθ,–Ϊ•‰w‘O,131091,“‹“s,•iμ‹ζ,γ‘εθ‚P’–Ϊ,2025/3/13,11,‚»‚Μ‘Ό‚ΜZ‘ξi‚RK‚ΔΘ‰Ί‹¤“―Z‘ξ“™j,’“Τi—Φjκ,{ω‚Ή‚Έ,‚Θ‚µ
ή“,Τγ‚Λ‚η‚Ά,‘εθ,Όά”½“c,131091,“‹“s,•iμ‹ζ,Όά”½“c‚V’–Ϊ,2025/2/28,8,‚»‚Μ‘Ό,‚»‚Μ‘Ό,{ω‚Ή‚Έ,‚Θ‚µ
ή“,Τγ‚Λ‚η‚Ά,‘εθ,’·ÒΫ,131091,“‹“s,•iμ‹ζ,γ‘εθ‚Q’–Ϊ,2025/10/19,21,’“Τi—Φjκ,’“Τi—Φjκ,{ω‚Ή‚Έ,‚ ‚θ
ή“,Τγ‚Λ‚η‚Ά,‰`΄,“ρ—t’¬,131091,“‹“s,•iμ‹ζ,“ρ—t‚P’–Ϊ,2025/9/3,19,‚»‚Μ‘Ό,’“Τi—Φjκ,{ω‚µ‚½,‚Θ‚µ
ή“,Τγ‚Λ‚η‚Ά,‰`΄,“ρ—t’¬,131091,“‹“s,•iμ‹ζ,“ρ—t‚R’–Ϊ,2025/1/29,7,‚SK‚ΔΘγ‹¤“―Z‘ξ,’“Τi—Φjκ,{ω‚Ή‚Έ,‚Θ‚µ
ή“,Τγ‚Λ‚η‚Ά,‰`΄,•½’Λ‹΄,131091,“‹“s,•iμ‹ζ,•½’Λ‚P’–Ϊ,2025/2/26,2,‚»‚Μ‘Ό,‚»‚Μ‘Ό,{ω‚Ή‚Έ,‚ ‚θ
ή“,Τγ‚Λ‚η‚Ά,‰`΄,•½’Λ‹΄,131091,“‹“s,•iμ‹ζ,•½’Λ‚R’–Ϊ,2025/12/6,13,‚»‚Μ‘Ό‚ΜZ‘ξi‚RK‚ΔΘ‰Ί‹¤“―Z‘ξ“™j,’“Τi—Φjκ,{ω‚Ή‚Έ,‚Θ‚µ
ή“,Τγ‚Λ‚η‚Ά,‰`΄,•‘ ¬R,131091,“‹“s,•iμ‹ζ,¬R‚P’–Ϊ,2025/2/7,17,“ΉHγ,‚»‚Μ‘Ό,{ω‚Ή‚Έ,‚Θ‚µ
ή“,Τγ‚Λ‚η‚Ά,‰`΄,Ή‘O,131091,“‹“s,•iμ‹ζ,’†‰„‚S’–Ϊ,2025/9/7,18,‚»‚Μ‘Ό,’“Τi—Φjκ,{ω‚µ‚½,‚Θ‚µ
ή“,Τγ‚Λ‚η‚Ά,‰`΄,–L’¬,131091,“‹“s,•iμ‹ζ,Λ‰z‚T’–Ϊ,2025/11/11,21,“ΉHγ,‚»‚Μ‘Ό,{ω‚Ή‚Έ,‚Θ‚µ
ή“,Τγ‚Λ‚η‚Ά,‘εX,‘εXCέ,131113,“‹“s,‘ε“c‹ζ,‘εX–k‚R’–Ϊ,2025/3/6,10,“ΉHγ,‚»‚Μ‘Ό,{ω‚Ή‚Έ,‚ ‚θ
ή“,Τγ‚Λ‚η‚Ά,‘εX,‘εXCέ,131113,“‹“s,‘ε“c‹ζ,‘εX–{’¬‚P’–Ϊ,2025/10/13,16,“ΉHγ,‚»‚Μ‘Ό,{ω‚Ή‚Έ,‚ ‚θ
ή“,Τγ‚Λ‚η‚Ά,‘εX,‘εXCέ,131113,“‹“s,‘ε“c‹ζ,Ίa“‡‚P’–Ϊ,2025/5/19,7,“ΉHγ,‚»‚Μ‘Ό,{ω‚Ή‚Έ,‚ ‚θ
ή“,Τγ‚Λ‚η‚Ά,‘εX,‘εXCέ,131113,“‹“s,‘ε“c‹ζ,•½a“‡‚P’–Ϊ,2025/2/3,19,‚»‚Μ‘Ό,’“Τi—Φjκ,{ω‚Ή‚Έ,‚Θ‚µ
ή“,Τγ‚Λ‚η‚Ά,‘εX,‘εXCέ,131113,“‹“s,‘ε“c‹ζ,•½a“‡‚P’–Ϊ,2025/5/1,9,’“Τi—Φjκ,’“Τi—Φjκ,{ω‚Ή‚Έ,‚Θ‚µ
ή“,Τγ‚Λ‚η‚Ά,‘εX,‘εXCέ,131113,“‹“s,‘ε“c‹ζ,•½a“‡‚P’–Ϊ,2025/10/30,18,‚»‚Μ‘Ό,’“Τi—Φjκ,{ω‚Ή‚Έ,‚Θ‚µ
ή“,Τγ‚Λ‚η‚Ά,‘εX,‘εXΌ,131113,“‹“s,‘ε“c‹ζ,‘εXΌ‚Q’–Ϊ,2025/11/30,20,‚SK‚ΔΘγ‹¤“―Z‘ξ,’“Τi—Φjκ,{ω‚Ή‚Έ,‚ ‚θ
ή“,Τγ‚Λ‚η‚Ά,‘εX,‘εXΌ,131113,“‹“s,‘ε“c‹ζ,‘εXΌ‚R’–Ϊ,2025/2/13,18,‚»‚Μ‘Ό,’“Τi—Φjκ,{ω‚Ή‚Έ,‚Θ‚µ
ή“,Τγ‚Λ‚η‚Ά,‘εX,‘εX‰w‘O,131113,“‹“s,‘ε“c‹ζ,‘εX–k‚P’–Ϊ,2025/4/18,6,“ΉHγ,‚»‚Μ‘Ό,{ω‚Ή‚Έ,‚ ‚θ
ή“,Τγ‚Λ‚η‚Ά,‘εX,‘εX‰w‘O,131113,“‹“s,‘ε“c‹ζ,‘εX–k‚P’–Ϊ,2025/9/18,15,“ΉHγ,‚»‚Μ‘Ό,{ω‚Ή‚Έ,‚ ‚θ
ή“,Τγ‚Λ‚η‚Ά,‘εX,‘εX‰w‘O,131113,“‹“s,‘ε“c‹ζ,‘εX–k‚Q’–Ϊ,2025/1/12,22,‚»‚Μ‘Ό,’“Τi—Φjκ,{ω‚Ή‚Έ,‚Θ‚µ
ή“,Τγ‚Λ‚η‚Ά,‘εX,‘εX‰w‘O,131113,“‹“s,‘ε“c‹ζ,‘εX–k‚R’–Ϊ,2024/12/30,17,‚»‚Μ‘Ό,’“Τi—Φjκ,{ω‚Ή‚Έ,‚ ‚θ
ή“,Τγ‚Λ‚η‚Ά,‘εX,‘εX‰w‘O,131113,“‹“s,‘ε“c‹ζ,‘εX–k‚R’–Ϊ,2025/1/8,20,‚»‚Μ‘Ό,‚»‚Μ‘Ό,{ω‚Ή‚Έ,‚ ‚θ
ή“,Τγ‚Λ‚η‚Ά,‘εX,‘εX‰w‘O,131113,“‹“s,‘ε“c‹ζ,‘εX–k‚R’–Ϊ,2025/5/19,22,“ΉHγ,‚»‚Μ‘Ό,{ω‚Ή‚Έ,‚ ‚θ
ή“,Τγ‚Λ‚η‚Ά,‘εX,‘εX‰w‘O,131113,“‹“s,‘ε“c‹ζ,‘εX–k‚R’–Ϊ,2025/9/3,17,‚»‚Μ‘Ό,’“Τi—Φjκ,{ω‚Ή‚Έ,‚Θ‚µ
ή“,Τγ‚Λ‚η‚Ά,‘εX,‘εX‰w‘O,131113,“‹“s,‘ε“c‹ζ,‘εX–k‚S’–Ϊ,2025/2/2,14,“ΉHγ,‚»‚Μ‘Ό,{ω‚Ή‚Έ,‚ ‚θ
ή“,Τγ‚Λ‚η‚Ά,‘εX,‘εX‰w‘O,131113,“‹“s,‘ε“c‹ζ,‘εX–k‚U’–Ϊ,2025/1/4,20,“ΉHγ,‚»‚Μ‘Ό,{ω‚Ή‚Έ,‚Θ‚µ
ή“,Τγ‚Λ‚η‚Ά,‘εX,‘εX‰w‘O,131113,“‹“s,‘ε“c‹ζ,‘εX–k‚U’–Ϊ,2025/10/5,16,“ΉHγ,‚»‚Μ‘Ό,{ω‚Ή‚Έ,‚ ‚θ
ή“,Τγ‚Λ‚η‚Ά,‘εX,R‰¤,131113,“‹“s,‘ε“c‹ζ,R‰¤‚Q’–Ϊ,2025/8/16,19,‚»‚Μ‘Ό,’“Τi—Φjκ,{ω‚Ή‚Έ,‚Θ‚µ
ή“,Τγ‚Λ‚η‚Ά,‘εX,R‰¤,131113,“‹“s,‘ε“c‹ζ,R‰¤‚R’–Ϊ,2025/1/31,14,‚»‚Μ‘Ό,’“Τi—Φjκ,{ω‚Ή‚Έ,‚Θ‚µ
ή“,Τγ‚Λ‚η‚Ά,‘εX,R‰¤,131113,“‹“s,‘ε“c‹ζ,R‰¤‚R’–Ϊ,2025/3/30,21,“ΉHγ,‚»‚Μ‘Ό,{ω‚Ή‚Έ,‚ ‚θ
ή“,Τγ‚Λ‚η‚Ά,‘εX,t“ϊ‹΄,131113,“‹“s,‘ε“c‹ζ,‘εX’†‚R’–Ϊ,2025/11/8,10,‚»‚Μ‘Ό,‚»‚Μ‘Ό,{ω‚Ή‚Έ,‚Θ‚µ
ή“,Τγ‚Λ‚η‚Ά,‘εX,t“ϊ‹΄,131113,“‹“s,‘ε“c‹ζ,’†‰›‚R’–Ϊ,2025/1/20,10,‚»‚Μ‘Ό,’“Τi—Φjκ,{ω‚Ή‚Έ,‚Θ‚µ
ή“,Τγ‚Λ‚η‚Ά,‘εX,t“ϊ‹΄,131113,“‹“s,‘ε“c‹ζ,’†‰›‚R’–Ϊ,2025/11/1,14,“ΉHγ,‚»‚Μ‘Ό,{ω‚Ή‚Έ,‚Θ‚µ
ή“,Τγ‚Λ‚η‚Ά,‘εX,XƒPθ,131113,“‹“s,‘ε“c‹ζ,‘εX“‚P’–Ϊ,2025/8/31,8,“ΉHγ,‚»‚Μ‘Ό,{ω‚Ή‚Έ,‚ ‚θ
ή“,Τγ‚Λ‚η‚Ά,‘εX,XƒPθ,131113,“‹“s,‘ε“c‹ζ,‘εX“‚Q’–Ϊ,2025/3/18,8,’“Τi—Φjκ,’“Τi—Φjκ,{ω‚Ή‚Έ,‚Θ‚µ
ή“,Τγ‚Λ‚η‚Ά,‘εX,XƒPθ,131113,“‹“s,‘ε“c‹ζ,‘εX“‚T’–Ϊ,2025/11/21,19,“ΉHγ,‚»‚Μ‘Ό,{ω‚Ή‚Έ,‚Θ‚µ
ή“,Τγ‚Λ‚η‚Ά,‘εX,XƒPθ,131113,“‹“s,‘ε“c‹ζ,‘εX“μ‚Q’–Ϊ,2025/9/26,7,“ΉHγ,‚»‚Μ‘Ό,{ω‚Ή‚Έ,‚Θ‚µ
ή“,Τγ‚Λ‚η‚Ά,‘εX,’JΛ,131113,“‹“s,‘ε“c‹ζ,‘εXΌ‚R’–Ϊ,2025/6/16,23,“ΉHγ,‚»‚Μ‘Ό,{ω‚Ή‚Έ,‚Θ‚µ
ή“,Τγ‚Λ‚η‚Ά,‘εX,’JΛ,131113,“‹“s,‘ε“c‹ζ,‘εXΌ‚R’–Ϊ,2025/12/3,13,“ΉHγ,‚»‚Μ‘Ό,{ω‚Ή‚Έ,‚Θ‚µ
ή“,Τγ‚Λ‚η‚Ά,‘εX,’JΛ,131113,“‹“s,‘ε“c‹ζ,‘εXΌ‚T’–Ϊ,2025/4/26,18,‚»‚Μ‘Ό,’“Τi—Φjκ,{ω‚Ή‚Έ,‚Θ‚µ
ή“,Τγ‚Λ‚η‚Ά,‘εX,’JΛ,131113,“‹“s,‘ε“c‹ζ,‘εXΌ‚U’–Ϊ,2025/1/25,16,‚»‚Μ‘Ό,‚»‚Μ‘Ό,{ω‚Ή‚Έ,‚ ‚θ
ή“,Τγ‚Λ‚η‚Ά,“c‰€’²•z,Ϋq‹΄,131113,“‹“s,‘ε“c‹ζ,“c‰€’²•z“μ,2025/1/9,10,“ΉHγ,‚»‚Μ‘Ό,{ω‚Ή‚Έ,‚ ‚θ
ή“,Τγ‚Λ‚η‚Ά,“c‰€’²•z,‘ε‰ªR‰w‘O,131105,“‹“s,–Ϊ•‹ζ,‘ε‰ªR‚Q’–Ϊ,2025/7/23,13,‚»‚Μ‘Ό,’“Τi—Φjκ,{ω‚Ή‚Έ,‚ ‚θ
ή“,Τγ‚Λ‚η‚Ά,“c‰€’²•z,‘ε‰ªR‰w‘O,131113,“‹“s,‘ε“c‹ζ,–kη‘©‚P’–Ϊ,2025/11/20,9,“ΉHγ,‚»‚Μ‘Ό,{ω‚Ή‚Έ,‚ ‚θ
ή“,Τγ‚Λ‚η‚Ά,“c‰€’²•z,—δ,131113,“‹“s,‘ε“c‹ζ,–k—δ’¬,2025/2/9,19,‚»‚Μ‘Ό,’“Τi—Φjκ,{ω‚Ή‚Έ,‚Θ‚µ
ή“,Τγ‚Λ‚η‚Ά,“c‰€’²•z,—δ,131113,“‹“s,‘ε“c‹ζ,–k—δ’¬,2025/3/2,18,‚»‚Μ‘Ό,’“Τi—Φjκ,{ω‚Ή‚Έ,‚Θ‚µ
ή“,Τγ‚Λ‚η‚Ά,“c‰€’²•z,“ΉX‹΄,131113,“‹“s,‘ε“c‹ζ,“α’J‚T’–Ϊ,2024/12/15,15,‚SK‚ΔΘγ‹¤“―Z‘ξ,’“Τi—Φjκ,{ω‚Ή‚Έ,‚Θ‚µ
ή“,Τγ‚Λ‚η‚Ά,“c‰€’²•z,“ΉX‹΄,131113,“‹“s,‘ε“c‹ζ,“α’J‚T’–Ϊ,2025/2/18,12,‚SK‚ΔΘγ‹¤“―Z‘ξ,’“Τi—Φjκ,{ω‚Ή‚Έ,‚Θ‚µ
ή“,Τγ‚Λ‚η‚Ά,—“c,‹‹}—“c‰w‘O,131113,“‹“s,‘ε“c‹ζ,—“c‚Q’–Ϊ,2025/5/10,12,“ΉHγ,‚»‚Μ‘Ό,{ω‚Ή‚Έ,‚ ‚θ
ή“,Τγ‚Λ‚η‚Ά,—“c,‹‹}—“c‰w‘O,131113,“‹“s,‘ε“c‹ζ,—“c‚S’–Ϊ,2025/7/25,15,“ΉHγ,‚»‚Μ‘Ό,{ω‚Ή‚Έ,‚Θ‚µ
ή“,Τγ‚Λ‚η‚Ά,—“c,‹‹}—“c‰w‘O,131113,“‹“s,‘ε“c‹ζ,—“c‚S’–Ϊ,2025/9/9,19,“ΉHγ,‚»‚Μ‘Ό,{ω‚Ή‚Έ,‚Θ‚µ
ή“,Τγ‚Λ‚η‚Ά,—“c,‹‹}—“c‰w‘O,131113,“‹“s,‘ε“c‹ζ,“μ—“c‚P’–Ϊ,2025/10/26,9,κΛZ‘ξ,’“Τi—Φjκ,{ω‚µ‚½,‚Θ‚µ
ή“,Τγ‚Λ‚η‚Ά,—“c,‹‹}—“c‰w‘O,131113,“‹“s,‘ε“c‹ζ,“μ—“c‚R’–Ϊ,2025/6/14,11,‚SK‚ΔΘγ‹¤“―Z‘ξ,’“Τi—Φjκ,{ω‚Ή‚Έ,‚ ‚θ
ή“,Τγ‚Λ‚η‚Ά,—“c,‘ε’Ή‹,131113,“‹“s,‘ε“c‹ζ,Όβο’J‚R’–Ϊ,2025/4/27,18,‚»‚Μ‘Ό‚ΜZ‘ξi‚RK‚ΔΘ‰Ί‹¤“―Z‘ξ“™j,’“Τi—Φjκ,{ω‚Ή‚Έ,‚Θ‚µ
ή“,Τγ‚Λ‚η‚Ά,—“c,“ϊ‚Μo’Κ,131113,“‹“s,‘ε“c‹ζ,“μ—“c‚Q’–Ϊ,2025/3/27,17,“ΉHγ,‚»‚Μ‘Ό,{ω‚Ή‚Έ,‚ ‚θ
ή“,Τγ‚Λ‚η‚Ά,—“c,“ϊ‚Μo’Κ,131113,“‹“s,‘ε“c‹ζ,“μ—“c‚Q’–Ϊ,2025/5/20,21,“ΉHγ,‚»‚Μ‘Ό,{ω‚Ή‚Έ,‚Θ‚µ
ή“,Τγ‚Λ‚η‚Ά,—“c,–{‰H“c,131113,“‹“s,‘ε“c‹ζ,”‹’†‚Q’–Ϊ,2025/10/21,10,‚»‚Μ‘Ό,‚»‚Μ‘Ό,{ω‚Ή‚Έ,‚Θ‚µ
ή“,Τγ‚Λ‚η‚Ά,—“c,–{‰H“c,131113,“‹“s,‘ε“c‹ζ,”‹’†‚Q’–Ϊ,2025/11/9,14,“ΉHγ,‚»‚Μ‘Ό,{ω‚Ή‚Έ,‚Θ‚µ
ή“,Τγ‚Λ‚η‚Ά,—“c,–{‰H“c,131113,“‹“s,‘ε“c‹ζ,–{‰H“c‚P’–Ϊ,2025/4/14,6,“ΉHγ,‚»‚Μ‘Ό,{ω‚Ή‚Έ,‚Θ‚µ
ή“,Τγ‚Λ‚η‚Ά,—“c,—“c‰w“ϋ,131113,“‹“s,‘ε“c‹ζ,—“c‚T’–Ϊ,2025/4/24,11,“ΉHγ,‚»‚Μ‘Ό,{ω‚Ή‚Έ,‚Θ‚µ
ή“,Τγ‚Λ‚η‚Ά,—“c,—“c‰w“ϋ,131113,“‹“s,‘ε“c‹ζ,—“c‚T’–Ϊ,2025/8/19,15,‚»‚Μ‘Ό,’“Τi—Φjκ,{ω‚Ή‚Έ,‚Θ‚µ
ή“,Τγ‚Λ‚η‚Ά,—“c,—“c‰w“ϋ,131113,“‹“s,‘ε“c‹ζ,—“c‚T’–Ϊ,2025/8/27,19,‚»‚Μ‘Ό,’“Τi—Φjκ,{ω‚Ή‚Έ,‚Θ‚µ
ή“,Τγ‚Λ‚η‚Ά,—“c,—“c‰w“ϋ,131113,“‹“s,‘ε“c‹ζ,—“c‚T’–Ϊ,2025/9/8,19,‚»‚Μ‘Ό,’“Τi—Φjκ,{ω‚Ή‚Έ,‚Θ‚µ
ή“,Τγ‚Λ‚η‚Ά,—“c,—“c‰wΌϋ,131113,“‹“s,‘ε“c‹ζ,Ό—“c‚W’–Ϊ,2025/12/9,10,“ΉHγ,‚»‚Μ‘Ό,{ω‚Ή‚Έ,‚ ‚θ
ή“,Τγ‚Λ‚η‚Ά,—“c,ΌZ‹½,131113,“‹“s,‘ε“c‹ζ,ΌZ‹½‚P’–Ϊ,2025/4/28,10,’“Τi—Φjκ,’“Τi—Φjκ,{ω‚Ή‚Έ,‚ ‚θ
ή“,Τγ‚Λ‚η‚Ά,—“c,ΌZ‹½,131113,“‹“s,‘ε“c‹ζ,ΌZ‹½‚R’–Ϊ,2025/4/27,9,‚»‚Μ‘Ό,‚»‚Μ‘Ό,{ω‚Ή‚Έ,‚Θ‚µ
ή“,Τγ‚Λ‚η‚Ά,—“c,ΌZ‹½,131113,“‹“s,‘ε“c‹ζ,ΌZ‹½‚S’–Ϊ,2025/10/12,20,’“Τi—Φjκ,’“Τi—Φjκ,{ω‚Ή‚Έ,‚ ‚θ
ή“,Τγ‚Λ‚η‚Ά,—“c,GF,131113,“‹“s,‘ε“c‹ζ,’‡Z‹½‚Q’–Ϊ,2025/8/30,18,‚»‚Μ‘Ό,’“Τi—Φjκ,{ω‚Ή‚Έ,‚Θ‚µ
ή“,Τγ‚Λ‚η‚Ά,—“c,GF,131113,“‹“s,‘ε“c‹ζ,’‡Z‹½‚Q’–Ϊ,2025/8/31,19,“ΉHγ,‚»‚Μ‘Ό,{ω‚Ή‚Έ,‚Θ‚µ
ή“,Τγ‚Λ‚η‚Ά,—“c,GF,131113,“‹“s,‘ε“c‹ζ,’‡Z‹½‚R’–Ϊ,2025/5/15,16,‚»‚Μ‘Ό,’“Τi—Φjκ,{ω‚Ή‚Έ,‚Θ‚µ
ή“,Τγ‚Λ‚η‚Ά,—“c,GF,131113,“‹“s,‘ε“c‹ζ,“Z‹½‚P’–Ϊ,2025/4/21,10,‚»‚Μ‘Ό‚ΜZ‘ξi‚RK‚ΔΘ‰Ί‹¤“―Z‘ξ“™j,’“Τi—Φjκ,{ω‚Ή‚Έ,‚ ‚θ
ή“,Τγ‚Λ‚η‚Ά,—“c,GF,131113,“‹“s,‘ε“c‹ζ,“μZ‹½‚Q’–Ϊ,2025/2/16,15,‚»‚Μ‘Ό,‚»‚Μ‘Ό,{ω‚Ή‚Έ,‚Θ‚µ
ή“,Τγ‚Λ‚η‚Ά,’rγ,ƒKƒX‹΄,131113,“‹“s,‘ε“c‹ζ,‰ΊΫq‚R’–Ϊ,2025/9/5,0,“ΉHγ,‚»‚Μ‘Ό,{ω‚Ή‚Έ,‚ ‚θ
ή“,Τγ‚Λ‚η‚Ά,’rγ,η’Ή,131113,“‹“s,‘ε“c‹ζ,‹v‚ª΄‚T’–Ϊ,2025/7/18,21,‚»‚Μ‘Ό,’“Τi—Φjκ,{ω‚Ή‚Έ,‚ ‚θ
ή“,Τγ‚Λ‚η‚Ά,’rγ,η’Ή,131113,“‹“s,‘ε“c‹ζ,‘½–€μ‚P’–Ϊ,2025/2/16,3,“ΉHγ,‚»‚Μ‘Ό,{ω‚Ή‚Έ,‚ ‚θ
ή“,Τγ‚Λ‚η‚Ά,’rγ,η’Ή,131113,“‹“s,‘ε“c‹ζ,‘½–€μ‚P’–Ϊ,2025/6/4,19,‚SK‚ΔΘγ‹¤“―Z‘ξ,‚»‚Μ‘Ό,{ω‚µ‚½,‚ ‚θ
ή“,Τγ‚Λ‚η‚Ά,’rγ,η’Ή,131113,“‹“s,‘ε“c‹ζ,‘½–€μ‚P’–Ϊ,2025/7/18,13,‚»‚Μ‘Ό,’“Τi—Φjκ,{ω‚Ή‚Έ,‚Θ‚µ
ή“,Τγ‚Λ‚η‚Ά,’rγ,‘½–€μ‘ε‹΄,131113,“‹“s,‘ε“c‹ζ,‘½–€μ‚P’–Ϊ,2025/5/2,19,‚»‚Μ‘Ό,’“Τi—Φjκ,{ω‚Ή‚Έ,‚Θ‚µ
ή“,Τγ‚Λ‚η‚Ά,’rγ,‘½–€μ‘ε‹΄,131113,“‹“s,‘ε“c‹ζ,‘½–€μ‚P’–Ϊ,2025/6/26,11,‚»‚Μ‘Ό,’“Τi—Φjκ,{ω‚Ή‚Έ,‚Θ‚µ
ή“,Τγ‚Λ‚η‚Ά,’rγ,’rγ‰w‘O,131113,“‹“s,‘ε“c‹ζ,’rγ‚U’–Ϊ,2025/8/14,20,“ΉHγ,‚»‚Μ‘Ό,{ω‚Ή‚Έ,‚Θ‚µ
ή“,Τγ‚Λ‚η‚Ά,’rγ,@ΐ,131113,“‹“s,‘ε“c‹ζ,Ό—“c‚U’–Ϊ,2025/12/10,19,‚»‚Μ‘Ό,’“Τi—Φjκ,{ω‚Ή‚Έ,‚Θ‚µ
ή“,Τγ‚Λ‚η‚Ά,“‹‹σ`,•Ω“V‹΄,131113,“‹“s,‘ε“c‹ζ,‰H“c‹σ`‚P’–Ϊ,2025/12/6,7,’“Τi—Φjκ,’“Τi—Φjκ,{ω‚Ή‚Έ,‚Θ‚µ
ή“,Τγ‚Λ‚η‚Ά,“‹‹σ`,•Ω“V‹΄,131113,“‹“s,‘ε“c‹ζ,‰H“c‹σ`‚Q’–Ϊ,2025/12/5,20,“ΉHγ,‚»‚Μ‘Ό,{ω‚Ή‚Έ,‚Θ‚µ
ή“,Τγ‚Λ‚η‚Ά,“‹‹σ`,‘ζ‚Pƒ^[ƒ~ƒiƒ‹,131113,“‹“s,‘ε“c‹ζ,‰H“c‹σ`‚R’–Ϊ,2025/9/22,7,’“Τi—Φjκ,’“Τi—Φjκ,{ω‚Ή‚Έ,‚Θ‚µ
ή“,Τγ‚Λ‚η‚Ά,“‹‹σ`,‘ζ‚Pƒ^[ƒ~ƒiƒ‹,131113,“‹“s,‘ε“c‹ζ,‰H“c‹σ`‚R’–Ϊ,2025/10/31,6,“ΉHγ,‚»‚Μ‘Ό,{ω‚Ή‚Έ,‚Θ‚µ
ή“,Τγ‚Λ‚η‚Ά,Ά“c’J,Oh,131121,“‹“s,Ά“c’J‹ζ,’rK‚P’–Ϊ,2025/11/20,19,‚»‚Μ‘Ό,‚»‚Μ‘Ό,{ω‚Ή‚Έ,‚Θ‚µ
ή“,Τγ‚Λ‚η‚Ά,Ά“c’J,Oh,131121,“‹“s,Ά“c’J‹ζ,’rK‚R’–Ϊ,2025/9/27,11,‚»‚Μ‘Ό,’“Τi—Φjκ,{ω‚Ή‚Έ,‚Θ‚µ
ή“,Τγ‚Λ‚η‚Ά,Ά“c’J,O¬’ƒ‰®,131121,“‹“s,Ά“c’J‹ζ,O¬’ƒ‰®‚P’–Ϊ,2025/10/27,8,’“Τi—Φjκ,’“Τi—Φjκ,{ω‚Ή‚Έ,‚Θ‚µ
ή“,Τγ‚Λ‚η‚Ά,Ά“c’J,O¬’ƒ‰®,131121,“‹“s,Ά“c’J‹ζ,O¬’ƒ‰®‚Q’–Ϊ,2025/5/22,20,’“Τi—Φjκ,’“Τi—Φjκ,{ω‚Ή‚Έ,‚Θ‚µ
ή“,Τγ‚Λ‚η‚Ά,Ά“c’J,O¬’ƒ‰®,131121,“‹“s,Ά“c’J‹ζ,‘Ύq“°‚P’–Ϊ,2025/12/14,17,‚»‚Μ‘Ό,’“Τi—Φjκ,{ω‚Ή‚Έ,‚Θ‚µ
ή“,Τγ‚Λ‚η‚Ά,Ά“c’J,γ”n,131121,“‹“s,Ά“c’J‹ζ,‹ξ‘ς‚P’–Ϊ,2025/10/12,12,“ΉHγ,‚»‚Μ‘Ό,{ω‚Ή‚Έ,‚ ‚θ
ή“,Τγ‚Λ‚η‚Ά,Ά“c’J,γ”n,131121,“‹“s,Ά“c’J‹ζ,α—Ρ‚S’–Ϊ,2025/7/3,1,‚SK‚ΔΘγ‹¤“―Z‘ξ,’“Τi—Φjκ,{ω‚Ή‚Έ,‚Θ‚µ
ή“,Τγ‚Λ‚η‚Ά,Ά“c’J,‰Ί”nl’–Ϊ,131121,“‹“s,Ά“c’J‹ζ,‰Ί”n‚U’–Ϊ,2025/8/19,8,“ΉHγ,‚»‚Μ‘Ό,{ω‚Ή‚Έ,‚ ‚θ
ή“,Τγ‚Λ‚η‚Ά,Ά“c’J,Ά“c’J,131121,“‹“s,Ά“c’J‹ζ,γ”n‚T’–Ϊ,2025/10/17,15,‚»‚Μ‘Ό,’“Τi—Φjκ,{ω‚Ή‚Έ,‚ ‚θ
ή“,Τγ‚Λ‚η‚Ά,Ά“c’J,Ά“c’J,131121,“‹“s,Ά“c’J‹ζ,Ά“c’J‚S’–Ϊ,2025/12/12,10,‚»‚Μ‘Ό,’“Τi—Φjκ,{ω‚Ή‚Έ,‚Θ‚µ
ή“,Τγ‚Λ‚η‚Ά,Ά“c’J,Ά“c’J,131121,“‹“s,Ά“c’J‹ζ,α—Ρ‚S’–Ϊ,2025/1/16,9,‚»‚Μ‘Ό‚ΜZ‘ξi‚RK‚ΔΘ‰Ί‹¤“―Z‘ξ“™j,’“Τi—Φjκ,{ω‚Ή‚Έ,‚ ‚θ
ή“,Τγ‚Λ‚η‚Ά,Ά“c’J,ΌƒP‹u,131121,“‹“s,Ά“c’J‹ζ,χ‚R’–Ϊ,2025/1/30,3,“ΉHγ,‚»‚Μ‘Ό,{ω‚Ή‚Έ,‚ ‚θ
ή“,Τγ‚Λ‚η‚Ά,Ά“c’J,ΌƒP‹u,131121,“‹“s,Ά“c’J‹ζ,·ª‚R’–Ϊ,2025/10/6,16,‚»‚Μ‘Ό‚ΜZ‘ξi‚RK‚ΔΘ‰Ί‹¤“―Z‘ξ“™j,’“Τi—Φjκ,{ω‚Ή‚Έ,‚ ‚θ
ή“,Τγ‚Λ‚η‚Ά,Ά“c’J,α—Ρ,131121,“‹“s,Ά“c’J‹ζ,γ”n‚T’–Ϊ,2025/3/22,19,“ΉHγ,‚»‚Μ‘Ό,{ω‚Ή‚Έ,‚Θ‚µ
ή“,Τγ‚Λ‚η‚Ά,Ά“c’J,α—Ρ,131121,“‹“s,Ά“c’J‹ζ,α—Ρ‚P’–Ϊ,2025/11/9,23,’“Τi—Φjκ,’“Τi—Φjκ,{ω‚Ή‚Έ,‚Θ‚µ
ή“,Τγ‚Λ‚η‚Ά,Ά“c’J,α—Ρ,131121,“‹“s,Ά“c’J‹ζ,α—Ρ‚R’–Ϊ,2025/11/24,12,“ΉHγ,‚»‚Μ‘Ό,{ω‚Ή‚Έ,‚Θ‚µ
ή“,Τγ‚Λ‚η‚Ά,–k‘ς,‰Ί–k‘ς,131121,“‹“s,Ά“c’J‹ζ,‘ε΄‚P’–Ϊ,2025/3/13,18,‚»‚Μ‘Ό‚ΜZ‘ξi‚RK‚ΔΘ‰Ί‹¤“―Z‘ξ“™j,‚»‚Μ‘Ό,{ω‚Ή‚Έ,‚ ‚θ
ή“,Τγ‚Λ‚η‚Ά,–k‘ς,‰Ί–k‘ς,131121,“‹“s,Ά“c’J‹ζ,–k‘ς‚P’–Ϊ,2025/7/30,12,‚»‚Μ‘Ό,’“Τi—Φjκ,{ω‚Ή‚Έ,‚Θ‚µ
ή“,Τγ‚Λ‚η‚Ά,–k‘ς,‰Ί–k‘ς,131121,“‹“s,Ά“c’J‹ζ,–k‘ς‚Q’–Ϊ,2025/2/13,13,‚»‚Μ‘Ό,’“Τi—Φjκ,{ω‚Ή‚Έ,‚Θ‚µ
ή“,Τγ‚Λ‚η‚Ά,–k‘ς,‰Ί–k‘ς,131121,“‹“s,Ά“c’J‹ζ,–k‘ς‚Q’–Ϊ,2025/3/14,16,‚»‚Μ‘Ό,‚»‚Μ‘Ό,{ω‚Ή‚Έ,‚Θ‚µ
ή“,Τγ‚Λ‚η‚Ά,–k‘ς,‰Ί–k‘ς,131121,“‹“s,Ά“c’J‹ζ,‘γ“c‚T’–Ϊ,2025/11/4,10,‚SK‚ΔΘγ‹¤“―Z‘ξ,‚»‚Μ‘Ό,{ω‚Ή‚Έ,‚ ‚θ
ή“,Τγ‚Λ‚η‚Ά,–k‘ς,‹{‘O‹΄,131121,“‹“s,Ά“c’J‹ζ,”~‹u‚P’–Ϊ,2025/8/8,16,‚SK‚ΔΘγ‹¤“―Z‘ξ,’“Τi—Φjκ,{ω‚Ή‚Έ,‚Θ‚µ
ή“,Τγ‚Λ‚η‚Ά,–k‘ς,–Ύ‘ε‘O‰w‘O,131121,“‹“s,Ά“c’J‹ζ,Ό΄‚R’–Ϊ,2025/1/22,9,‚»‚Μ‘Ό‚ΜZ‘ξi‚RK‚ΔΘ‰Ί‹¤“―Z‘ξ“™j,‚»‚Μ‘Ό,{ω‚Ή‚Έ,‚ ‚θ
ή“,Τγ‚Λ‚η‚Ά,–k‘ς,’W“‡’Κ,131121,“‹“s,Ά“c’J‹ζ,‘γ‘ς‚S’–Ϊ,2025/2/28,8,“ΉHγ,‚»‚Μ‘Ό,{ω‚Ή‚Έ,‚Θ‚µ
ή“,Τγ‚Λ‚η‚Ά,–k‘ς,o“°‰w‘O,131121,“‹“s,Ά“c’J‹ζ,o“°‚P’–Ϊ,2025/8/8,9,‚»‚Μ‘Ό,’“Τi—Φjκ,{ω‚Ή‚Έ,‚Θ‚µ
ή“,Τγ‚Λ‚η‚Ά,–k‘ς,o“°‰w‘O,131121,“‹“s,Ά“c’J‹ζ,o“°‚S’–Ϊ,2024/12/30,9,κΛZ‘ξ,’“Τi—Φjκ,{ω‚Ή‚Έ,‚ ‚θ
ή“,Τγ‚Λ‚η‚Ά,–k‘ς,‰Hª–Ψ,131121,“‹“s,Ά“c’J‹ζ,‘ε΄‚P’–Ϊ,2025/1/20,23,’“Τi—Φjκ,’“Τi—Φjκ,{ω‚Ή‚Έ,‚ ‚θ
ή“,Τγ‚Λ‚η‚Ά,–k‘ς,‹“Ώ›‰w‘O,131121,“‹“s,Ά“c’J‹ζ,Τ’η‚P’–Ϊ,2025/6/24,19,’“Τi—Φjκ,’“Τi—Φjκ,{ω‚Ή‚Έ,‚ ‚θ
ή“,Τγ‚Λ‚η‚Ά,–k‘ς,ΤΌ,131121,“‹“s,Ά“c’J‹ζ,Τ’η‚T’–Ϊ,2025/3/1,10,‚»‚Μ‘Ό‚ΜZ‘ξi‚RK‚ΔΘ‰Ί‹¤“―Z‘ξ“™j,’“Τi—Φjκ,{ω‚Ή‚Έ,‚ ‚θ
ή“,Τγ‚Λ‚η‚Ά,–k‘ς,,132284,“‹“s,‚ ‚«‚ι–μs,–ϋ•½,2024/11/24,9,‚»‚Μ‘Ό‚ΜZ‘ξi‚RK‚ΔΘ‰Ί‹¤“―Z‘ξ“™j,’“Τi—Φjκ,{ω‚Ή‚Έ,‚Θ‚µ
ή“,Τγ‚Λ‚η‚Ά,–k‘ς,,132284,“‹“s,‚ ‚«‚ι–μs,–ϋ•½,2024/12/22,11,‚»‚Μ‘Ό‚ΜZ‘ξi‚RK‚ΔΘ‰Ί‹¤“―Z‘ξ“™j,’“Τi—Φjκ,{ω‚Ή‚Έ,‚Θ‚µ
ή“,Τγ‚Λ‚η‚Ά,‹Κμ,“ρq‹Κμ,131121,“‹“s,Ά“c’J‹ζ,‹Κμ‚Q’–Ϊ,2025/7/1,9,‚»‚Μ‘Ό,’“Τi—Φjκ,{ω‚Ή‚Έ,‚Θ‚µ
ή“,Τγ‚Λ‚η‚Ά,‹Κμ,“ρq‹Κμ,131121,“‹“s,Ά“c’J‹ζ,‹Κμ‚R’–Ϊ,2025/6/7,9,‚»‚Μ‘Ό,‚»‚Μ‘Ό,{ω‚µ‚½,‚Θ‚µ
ή“,Τγ‚Λ‚η‚Ά,‹Κμ,”φR‘δ‰w‘O,131121,“‹“s,Ά“c’J‹ζ,‹Κ’η‚P’–Ϊ,2025/10/23,18,’“Τi—Φjκ,’“Τi—Φjκ,{ω‚µ‚½,‚Θ‚µ
ή“,Τγ‚Λ‚η‚Ά,‹Κμ,”φR‘δ‰w‘O,131121,“‹“s,Ά“c’J‹ζ,“™X—Ν‚S’–Ϊ,2025/12/7,16,‚SK‚ΔΘγ‹¤“―Z‘ξ,‚»‚Μ‘Ό,{ω‚Ή‚Έ,‚Θ‚µ
ή“,Τγ‚Λ‚η‚Ά,‹Κμ,[‘ς,131121,“‹“s,Ά“c’J‹ζ,‹ξ‘ςφ‰€,2025/2/1,10,‚»‚Μ‘Ό,’“Τi—Φjκ,{ω‚Ή‚Έ,‚Θ‚µ
ή“,Τγ‚Λ‚η‚Ά,‹Κμ,[‘ς,131121,“‹“s,Ά“c’J‹ζ,‹ξ‘ςφ‰€,2025/6/18,22,‚»‚Μ‘Ό,’“Τi—Φjκ,{ω‚Ή‚Έ,‚Θ‚µ
ή“,Τγ‚Λ‚η‚Ά,‹Κμ,[‘ς,131121,“‹“s,Ά“c’J‹ζ,‹ξ‘ςφ‰€,2025/9/24,16,‚»‚Μ‘Ό,’“Τi—Φjκ,{ω‚Ή‚Έ,‚Θ‚µ
ή“,Τγ‚Λ‚η‚Ά,‹Κμ,—p‰κ,131121,“‹“s,Ά“c’J‹ζ,—p‰κ‚Q’–Ϊ,2025/11/2,17,“ΉHγ,‚»‚Μ‘Ό,{ω‚Ή‚Έ,‚Θ‚µ
ή“,Τγ‚Λ‚η‚Ά,‹Κμ,“™X—Ν•s“®‘O,131121,“‹“s,Ά“c’J‹ζ,“™X—Ν‚P’–Ϊ,2025/12/15,13,κΛZ‘ξ,’“Τi—Φjκ,{ω‚µ‚½,‚Θ‚µ
ή“,Τγ‚Λ‚η‚Ά,¬ι,γ–k‘ς‰w‘O,131121,“‹“s,Ά“c’J‹ζ,γ–k‘ς‚R’–Ϊ,2025/4/2,19,“ΉHγ,‚»‚Μ‘Ό,{ω‚Ή‚Έ,‚Θ‚µ
ή“,Τγ‚Λ‚η‚Ά,¬ι,γ–k‘ς‰w‘O,131121,“‹“s,Ά“c’J‹ζ,γ–k‘ς‚S’–Ϊ,2025/8/27,18,‚»‚Μ‘Ό,’“Τi—Φjκ,{ω‚Ή‚Έ,‚Θ‚µ
ή“,Τγ‚Λ‚η‚Ά,¬ι,γ–k‘ς‰w‘O,131121,“‹“s,Ά“c’J‹ζ,γ–k‘ς‚S’–Ϊ,2025/8/28,16,‚»‚Μ‘Ό,’“Τi—Φjκ,{ω‚Ή‚Έ,‚Θ‚µ
ή“,Τγ‚Λ‚η‚Ά,¬ι,γ–k‘ς‰w‘O,131121,“‹“s,Ά“c’J‹ζ,γ–k‘ς‚S’–Ϊ,2025/11/27,20,‚»‚Μ‘Ό,‚»‚Μ‘Ό,{ω‚Ή‚Έ,‚ ‚θ
ή“,Τγ‚Λ‚η‚Ά,¬ι,γ–k‘ς‰w‘O,131121,“‹“s,Ά“c’J‹ζ,γ–k‘ς‚S’–Ϊ,2025/12/16,13,‚»‚Μ‘Ό,‚»‚Μ‘Ό,{ω‚Ή‚Έ,‚Θ‚µ
ή“,Τγ‚Λ‚η‚Ά,¬ι,γ–k‘ς‰w‘O,131121,“‹“s,Ά“c’J‹ζ,γ–k‘ς‚S’–Ϊ,2025/12/27,18,‚»‚Μ‘Ό,’“Τi—Φjκ,{ω‚Ή‚Έ,‚Θ‚µ
ή“,Τγ‚Λ‚η‚Ά,¬ι,ηΞ‘δ,131121,“‹“s,Ά“c’J‹ζ,ηΞ‘δ‚T’–Ϊ,2025/1/4,15,“ΉHγ,‚»‚Μ‘Ό,{ω‚Ή‚Έ,‚ ‚θ
ή“,Τγ‚Λ‚η‚Ά,¬ι,μ‘½©,131121,“‹“s,Ά“c’J‹ζ,μ‘½©‚Q’–Ϊ,2025/5/27,17,‚SK‚ΔΘγ‹¤“―Z‘ξ,’“Τi—Φjκ,{ω‚Ή‚Έ,‚Θ‚µ
ή“,Τγ‚Λ‚η‚Ά,¬ι,μ‘½©,131121,“‹“s,Ά“c’J‹ζ,μ‘½©‚Q’–Ϊ,2025/5/28,3,‚SK‚ΔΘγ‹¤“―Z‘ξ,‚»‚Μ‘Ό,{ω‚Ή‚Έ,‚Θ‚µ
ή“,Τγ‚Λ‚η‚Ά,¬ι,μ‘½©‰w‘O,131121,“‹“s,Ά“c’J‹ζ,μ‘½©‚W’–Ϊ,2025/6/16,12,‚»‚Μ‘Ό,’“Τi—Φjκ,{ω‚Ή‚Έ,‚ ‚θ
ή“,Τγ‚Λ‚η‚Ά,¬ι,‘ε‘ “ρ’–Ϊ,131121,“‹“s,Ά“c’J‹ζ,‘ε‘ ‚Q’–Ϊ,2025/3/6,22,‚SK‚ΔΘγ‹¤“―Z‘ξ,’“Τi—Φjκ,{ω‚µ‚½,‚ ‚θ
ή“,Τγ‚Λ‚η‚Ά,¬ι,¬ι,131121,“‹“s,Ά“c’J‹ζ,‹m‚V’–Ϊ,2025/7/20,0,‚»‚Μ‘Ό‚ΜZ‘ξi‚RK‚ΔΘ‰Ί‹¤“―Z‘ξ“™j,‚»‚Μ‘Ό,{ω‚Ή‚Έ,‚ ‚θ
ή“,Τγ‚Λ‚η‚Ά,¬ι,χγ…,131121,“‹“s,Ά“c’J‹ζ,χγ…‚R’–Ϊ,2025/11/19,10,‚»‚Μ‘Ό,’“Τi—Φjκ,{ω‚Ή‚Έ,‚Θ‚µ
ή“,Τγ‚Λ‚η‚Ά,¬ι,‰GR,131121,“‹“s,Ά“c’J‹ζ,“μ‰GR‚P’–Ϊ,2025/3/26,10,“ΉHγ,‚»‚Μ‘Ό,{ω‚Ή‚Έ,‚Θ‚µ
ή“,Τγ‚Λ‚η‚Ά,¬ι,‰GR,131121,“‹“s,Ά“c’J‹ζ,“μ‰GR‚T’–Ϊ,2025/7/19,18,‚»‚Μ‘Ό,‚»‚Μ‘Ό,{ω‚Ή‚Έ,‚Θ‚µ
ή“,Τγ‚Λ‚η‚Ά,¬ι,‘ct’J‘ε‘ ,131121,“‹“s,Ά“c’J‹ζ,‘ct’J‚P’–Ϊ,2025/9/18,6,’“Τi—Φjκ,’“Τi—Φjκ,{ω‚Ή‚Έ,‚Θ‚µ
ή“,Τγ‚Λ‚η‚Ά,¬ι,‘ct’J‘ε‘ ,131121,“‹“s,Ά“c’J‹ζ,‘ct’J‚R’–Ϊ,2025/11/9,22,‚»‚Μ‘Ό,‚»‚Μ‘Ό,{ω‚Ή‚Έ,‚ ‚θ
ή“,Τγ‚Λ‚η‚Ά,¬ι,‘D‹΄,131121,“‹“s,Ά“c’J‹ζ,‘D‹΄‚U’–Ϊ,2025/12/10,15,‚»‚Μ‘Ό,‚»‚Μ‘Ό,{ω‚Ή‚Έ,‚ ‚θ
ή“,Τγ‚Λ‚η‚Ά,¬ι,‘D‹΄,131121,“‹“s,Ά“c’J‹ζ,‘D‹΄‚V’–Ϊ,2025/3/7,11,‚SK‚ΔΘγ‹¤“―Z‘ξ,’“Τi—Φjκ,{ω‚Ή‚Έ,‚Θ‚µ
ή“,Τγ‚Λ‚η‚Ά,¬ι,‘D‹΄,131121,“‹“s,Ά“c’J‹ζ,‘D‹΄‚V’–Ϊ,2025/9/21,19,‚SK‚ΔΘγ‹¤“―Z‘ξ,’“Τi—Φjκ,{ω‚Ή‚Έ,‚Θ‚µ
ή“,Τγ‚Λ‚η‚Ά,–Ϊ•,‰Ί–Ϊ•,131105,“‹“s,–Ϊ•‹ζ,‰Ί–Ϊ•‚P’–Ϊ,2025/11/4,2,κΛZ‘ξ,’“Τi—Φjκ,{ω‚µ‚½,‚ ‚θ
ή“,Τγ‚Λ‚η‚Ά,–Ϊ•,‰Ί–Ϊ•,131105,“‹“s,–Ϊ•‹ζ,‰Ί–Ϊ•‚Q’–Ϊ,2025/6/17,4,“ΉHγ,‚»‚Μ‘Ό,{ω‚Ή‚Έ,‚ ‚θ
ή“,Τγ‚Λ‚η‚Ά,–Ϊ•,’†–Ϊ•‰w‘O,131105,“‹“s,–Ϊ•‹ζ,Β—t‘δ‚Q’–Ϊ,2025/4/4,13,‚»‚Μ‘Ό,’“Τi—Φjκ,{ω‚Ή‚Έ,‚ ‚θ
ή“,Τγ‚Λ‚η‚Ά,–Ϊ•,’†–Ϊ•‰w‘O,131105,“‹“s,–Ϊ•‹ζ,γ–Ϊ•‚Q’–Ϊ,2025/5/13,9,“ΉHγ,‚»‚Μ‘Ό,{ω‚Ή‚Έ,‚ ‚θ
ή“,Τγ‚Λ‚η‚Ά,–Ϊ•,‘ε‹΄,131105,“‹“s,–Ϊ•‹ζ,Β—t‘δ‚Q’–Ϊ,2025/5/11,19,“ΉHγ,‚»‚Μ‘Ό,{ω‚Ή‚Έ,‚Θ‚µ
ή“,Τγ‚Λ‚η‚Ά,–Ϊ•,‘ε‹΄,131105,“‹“s,–Ϊ•‹ζ,“R‚R’–Ϊ,2025/4/5,15,“ΉHγ,‚»‚Μ‘Ό,{ω‚Ή‚Έ,‚Θ‚µ
ή“,Τγ‚Λ‚η‚Ά,”θ•¶’J,w|‘εw‰w‘O,131105,“‹“s,–Ϊ•‹ζ,‘ι”Τ‚R’–Ϊ,2025/6/10,19,“ΉHγ,‚»‚Μ‘Ό,{ω‚Ή‚Έ,‚Θ‚µ
ή“,Τγ‚Λ‚η‚Ά,”θ•¶’J,–{’¬“ρ’–Ϊ,131105,“‹“s,–Ϊ•‹ζ,–Ϊ•–{’¬‚S’–Ϊ,2025/6/24,15,“ΉHγ,‚»‚Μ‘Ό,{ω‚Ή‚Έ,‚Θ‚µ
ή“,Τγ‚Λ‚η‚Ά,”θ•¶’J,`‚Μ–Ψβ,131105,“‹“s,–Ϊ•‹ζ,`‚Μ–Ψβ‚P’–Ϊ,2025/4/14,11,’“Τi—Φjκ,’“Τi—Φjκ,{ω‚Ή‚Έ,‚Θ‚µ
ή“,Τγ‚Λ‚η‚Ά,”θ•¶’J,`‚Μ–Ψβ,131105,“‹“s,–Ϊ•‹ζ,`‚Μ–Ψβ‚Q’–Ϊ,2025/12/18,5,’“Τi—Φjκ,’“Τi—Φjκ,{ω‚Ή‚Έ,‚ ‚θ
ή“,Τγ‚Λ‚η‚Ά,”θ•¶’J,“s—§‘εw‰w‘O,131105,“‹“s,–Ϊ•‹ζ,’†ª‚P’–Ϊ,2025/5/3,9,“ΉHγ,‚»‚Μ‘Ό,{ω‚Ή‚Έ,‚Θ‚µ
ή“,Τγ‚Λ‚η‚Ά,a’J,‘γ―R,131130,“‹“s,a’J‹ζ,‰y’¬,2025/3/9,10,“ΉHγ,‚»‚Μ‘Ό,{ω‚Ή‚Έ,‚ ‚θ
ή“,Τγ‚Λ‚η‚Ά,a’J,L”φά’–Ϊ,131130,“‹“s,a’J‹ζ,b”δυ‚Q’–Ϊ,2025/7/7,13,“ΉHγ,‚»‚Μ‘Ό,{ω‚Ή‚Έ,‚ ‚θ
ή“,Τγ‚Λ‚η‚Ά,a’J,b”δυl’–Ϊ,131130,“‹“s,a’J‹ζ,b”δυ‚P’–Ϊ,2025/9/12,19,“ΉHγ,‚»‚Μ‘Ό,{ω‚Ή‚Έ,‚ ‚θ
ή“,Τγ‚Λ‚η‚Ά,a’J,b”δυ‰w‘O,131130,“‹“s,a’J‹ζ,b”δυ‚S’–Ϊ,2025/1/8,15,’“Τi—Φjκ,’“Τi—Φjκ,{ω‚Ή‚Έ,‚Θ‚µ
ή“,Τγ‚Λ‚η‚Ά,a’J,b”δυ‰w‘O,131130,“‹“s,a’J‹ζ,b”δυ“μ‚P’–Ϊ,2025/10/31,9,’“Τi—Φjκ,’“Τi—Φjκ,{ω‚µ‚½,‚ ‚θ
ή“,Τγ‚Λ‚η‚Ά,a’J,“ϊΤ•a‰@‘O,131130,“‹“s,a’J‹ζ,L”φ‚S’–Ϊ,2025/6/25,13,‚»‚Μ‘Ό,’“Τi—Φjκ,{ω‚µ‚½,‚Θ‚µ
ή“,Τγ‚Λ‚η‚Ά,a’J,a’J‰w‘O,131130,“‹“s,a’J‹ζ,“ΉΊβ‚P’–Ϊ,2025/8/2,15,“ΉHγ,‚»‚Μ‘Ό,{ω‚µ‚½,‚Θ‚µ
ή“,Τγ‚Λ‚η‚Ά,a’J,a’J‰w‘O,131130,“‹“s,a’J‹ζ,“ΉΊβ‚Q’–Ϊ,2025/11/8,2,“ΉHγ,‚»‚Μ‘Ό,{ω‚Ή‚Έ,‚ ‚θ
ή“,Τγ‚Λ‚η‚Ά,a’J,“ΉΊβγ,131130,“‹“s,a’J‹ζ,“ΉΊβ‚Q’–Ϊ,2025/1/12,2,’“Τi—Φjκ,’“Τi—Φjκ,{ω‚Ή‚Έ,‚Θ‚µ
ή“,Τγ‚Λ‚η‚Ά,΄h,η‘ΚƒP’Jά’–Ϊ,131130,“‹“s,a’J‹ζ,η‘Κƒ–’J‚S’–Ϊ,2025/11/16,17,’“Τi—Φjκ,’“Τi—Φjκ,{ω‚Ή‚Έ,‚Θ‚µ
ή“,Τγ‚Λ‚η‚Ά,΄h,η‘ΚƒP’Jά’–Ϊ,131130,“‹“s,a’J‹ζ,η‘Κƒ–’J‚T’–Ϊ,2025/7/20,22,“ΉHγ,‚»‚Μ‘Ό,{ω‚Ή‚Έ,‚ ‚θ
ή“,Τγ‚Λ‚η‚Ά,΄h,η‘ΚƒP’Jά’–Ϊ,131130,“‹“s,a’J‹ζ,η‘Κƒ–’J‚T’–Ϊ,2025/11/17,1,’“Τi—Φjκ,’“Τi—Φjκ,{ω‚Ή‚Έ,‚Θ‚µ
ή“,Τγ‚Λ‚η‚Ά,΄h,η‘ΚƒP’J‰w‘O,131130,“‹“s,a’J‹ζ,η‘Κƒ–’J‚S’–Ϊ,2025/11/15,20,’“Τi—Φjκ,’“Τi—Φjκ,{ω‚Ή‚Έ,‚Θ‚µ
ή“,Τγ‚Λ‚η‚Ά,΄h,_‹{‘O,131130,“‹“s,a’J‹ζ,_‹{‘O‚U’–Ϊ,2025/6/8,13,“ΉHγ,‚»‚Μ‘Ό,{ω‚Ή‚Έ,‚Θ‚µ
ή“,Τγ‚Λ‚η‚Ά,‘γX–Ψ,‘γX–Ψφ‰€,131130,“‹“s,a’J‹ζ,_“μ‚Q’–Ϊ,2025/6/12,0,‚»‚Μ‘Ό,‚»‚Μ‘Ό,{ω‚Ή‚Έ,‚ ‚θ
ή“,Τγ‚Λ‚η‚Ά,‘γX–Ψ,‰‘δ‰w‘O,131130,“‹“s,a’J‹ζ,‘γX–Ψ‚R’–Ϊ,2025/8/30,20,‚»‚Μ‘Ό‚ΜZ‘ξi‚RK‚ΔΘ‰Ί‹¤“―Z‘ξ“™j,’“Τi—Φjκ,{ω‚Ή‚Έ,‚ ‚θ
ή“,Τγ‚Λ‚η‚Ά,‘γX–Ψ,”¦ƒP’J‰w‘O,131130,“‹“s,a’J‹ζ,”¦ƒ–’J‚P’–Ϊ,2025/10/4,23,‚»‚Μ‘Ό,’“Τi—Φjκ,{ω‚Ή‚Έ,‚Θ‚µ
ή“,Τγ‚Λ‚η‚Ά,‘γX–Ψ,ω’Λ,131130,“‹“s,a’J‹ζ,ω’Λ‚R’–Ϊ,2025/9/10,3,’“Τi—Φjκ,’“Τi—Φjκ,{ω‚µ‚½,‚ ‚θ
ή“,Τγ‚Λ‚η‚Ά,‹,–φ’¬,131041,“‹“s,Vh‹ζ,“μ‰|’¬,2025/9/6,9,“ΉHγ,‚»‚Μ‘Ό,{ω‚Ή‚Έ,‚ ‚θ
ή“,Τγ‚Λ‚η‚Ά,‹,‰Ν“c’¬,131041,“‹“s,Vh‹ζ,ΛR‚Q’–Ϊ,2025/12/25,11,‚SK‚ΔΘγ‹¤“―Z‘ξ,’“Τi—Φjκ,{ω‚Ή‚Έ,‚Θ‚µ
ή“,Τγ‚Λ‚η‚Ά,‹,‰Ν“c’¬,131041,“‹“s,Vh‹ζ,ΛR‚R’–Ϊ,2025/10/25,19,‚»‚Μ‘Ό,’“Τi—Φjκ,{ω‚Ή‚Έ,‚Θ‚µ
ή“,Τγ‚Λ‚η‚Ά,‹,‰Ν“c’¬,131041,“‹“s,Vh‹ζ,‰Ν“c’¬,2025/3/24,12,‚SK‚ΔΘγ‹¤“―Z‘ξ,’“Τi—Φjκ,{ω‚Ή‚Έ,‚Θ‚µ
ή“,Τγ‚Λ‚η‚Ά,‹,’ίª’¬,131041,“‹“s,Vh‹ζ,R’¬,2025/4/18,15,’“Τi—Φjκ,’“Τi—Φjκ,{ω‚Ή‚Έ,‚ ‚θ
ή“,Τγ‚Λ‚η‚Ά,‹,’ίª’¬,131041,“‹“s,Vh‹ζ,‘ξ“c’ίª’¬,2025/12/12,10,“ΉHγ,‚»‚Μ‘Ό,{ω‚Ή‚Έ,‚ ‚θ
ή“,Τγ‚Λ‚η‚Ά,Vh,–kVhκ’–Ϊ,131041,“‹“s,Vh‹ζ,–kVh‚P’–Ϊ,2025/4/7,9,“ΉHγ,‚»‚Μ‘Ό,{ω‚Ή‚Έ,‚ ‚θ
ή“,Τγ‚Λ‚η‚Ά,Vh,–kVhκ’–Ϊ,131041,“‹“s,Vh‹ζ,–kVh‚Q’–Ϊ,2025/3/7,13,‚»‚Μ‘Ό,’“Τi—Φjκ,{ω‚Ή‚Έ,‚Θ‚µ
ή“,Τγ‚Λ‚η‚Ά,Vh,‘ε‹v•Ϋ,131041,“‹“s,Vh‹ζ,‘ε‹v•Ϋ‚P’–Ϊ,2024/12/30,15,“ΉHγ,‚»‚Μ‘Ό,{ω‚Ή‚Έ,‚ ‚θ
ή“,Τγ‚Λ‚η‚Ά,Vh,‘ε‹v•Ϋ,131041,“‹“s,Vh‹ζ,‘ε‹v•Ϋ‚P’–Ϊ,2025/3/2,2,“ΉHγ,‚»‚Μ‘Ό,{ω‚Ή‚Έ,‚ ‚θ
ή“,Τγ‚Λ‚η‚Ά,Vh,‘ε‹v•Ϋ,131041,“‹“s,Vh‹ζ,‘ε‹v•Ϋ‚Q’–Ϊ,2025/12/22,17,’“Τi—Φjκ,’“Τi—Φjκ,{ω‚Ή‚Έ,‚Θ‚µ
ή“,Τγ‚Λ‚η‚Ά,Vh,‘ε‹v•Ϋ,131041,“‹“s,Vh‹ζ,•Sl’¬‚P’–Ϊ,2025/6/27,10,‚»‚Μ‘Ό,‚»‚Μ‘Ό,{ω‚Ή‚Έ,‚ ‚θ
ή“,Τγ‚Λ‚η‚Ά,Vh,‘ε‹v•Ϋ,131041,“‹“s,Vh‹ζ,•Sl’¬‚P’–Ϊ,2025/6/28,9,“ΉHγ,‚»‚Μ‘Ό,{ω‚Ή‚Έ,‚ ‚θ
ή“,Τγ‚Λ‚η‚Ά,Vh,‘ε‹v•Ϋ,131041,“‹“s,Vh‹ζ,•Sl’¬‚P’–Ϊ,2025/11/2,11,“ΉHγ,‚»‚Μ‘Ό,{ω‚Ή‚Έ,‚ ‚θ
ή“,Τγ‚Λ‚η‚Ά,Vh,VhZ’–Ϊ,131041,“‹“s,Vh‹ζ,Vh‚U’–Ϊ,2025/12/17,9,“ΉHγ,‚»‚Μ‘Ό,{ω‚Ή‚Έ,‚ ‚θ
ή“,Τγ‚Λ‚η‚Ά,Vh,VhZ’–Ϊ,131041,“‹“s,Vh‹ζ,Vh‚V’–Ϊ,2025/12/13,0,‚»‚Μ‘Ό,‚»‚Μ‘Ό,{ω‚Ή‚Έ,‚Θ‚µ
ή“,Τγ‚Λ‚η‚Ά,Vh,Vh‰w“ϋ,131041,“‹“s,Vh‹ζ,Vh‚R’–Ϊ,2025/2/25,4,“ΉHγ,‚»‚Μ‘Ό,{ω‚Ή‚Έ,‚Θ‚µ
ή“,Τγ‚Λ‚η‚Ά,Vh,Vh‰w“ϋ,131041,“‹“s,Vh‹ζ,Vh‚R’–Ϊ,2025/5/24,8,“ΉHγ,‚»‚Μ‘Ό,{ω‚Ή‚Έ,‚ ‚θ
ή“,Τγ‚Λ‚η‚Ά,Vh,Vh‰w“ϋ,131041,“‹“s,Vh‹ζ,Vh‚R’–Ϊ,2025/9/15,16,“ΉHγ,‚»‚Μ‘Ό,{ω‚Ή‚Έ,‚Θ‚µ
ή“,Τγ‚Λ‚η‚Ά,Vh,Vh‰w“ϋ,131041,“‹“s,Vh‹ζ,Vh‚R’–Ϊ,2025/10/10,4,“ΉHγ,‚»‚Μ‘Ό,{ω‚Ή‚Έ,‚Θ‚µ
ή“,Τγ‚Λ‚η‚Ά,Vh,Vh‰w“ϋ,131041,“‹“s,Vh‹ζ,Vh‚R’–Ϊ,2025/11/3,16,“ΉHγ,‚»‚Μ‘Ό,{ω‚µ‚½,‚Θ‚µ
ή“,Τγ‚Λ‚η‚Ά,Vh,Vh‰w“ϋ,131041,“‹“s,Vh‹ζ,Vh‚R’–Ϊ,2025/12/20,14,“ΉHγ,‚»‚Μ‘Ό,{ω‚Ή‚Έ,‚Θ‚µ
ή“,Τγ‚Λ‚η‚Ά,Vh,Vh‰wΌϋ,131041,“‹“s,Vh‹ζ,ΌVh‚V’–Ϊ,2025/5/8,8,“ΉHγ,‚»‚Μ‘Ό,{ω‚Ή‚Έ,‚ ‚θ
ή“,Τγ‚Λ‚η‚Ά,Vh,‰Μ•‘κ’¬,131041,“‹“s,Vh‹ζ,‰Μ•‘κ’¬‚P’–Ϊ,2025/9/14,23,’“Τi—Φjκ,’“Τi—Φjκ,{ω‚Ή‚Έ,‚ ‚θ
ή“,Τγ‚Λ‚η‚Ά,Vh,‰Μ•‘κ’¬,131041,“‹“s,Vh‹ζ,‰Μ•‘κ’¬‚P’–Ϊ,2025/12/12,5,’“Τi—Φjκ,’“Τi—Φjκ,{ω‚Ή‚Έ,‚Θ‚µ
ή“,Τγ‚Λ‚η‚Ά,Vh,‰Μ•‘κ’¬,131041,“‹“s,Vh‹ζ,‰Μ•‘κ’¬‚P’–Ϊ,2025/12/14,21,’“Τi—Φjκ,’“Τi—Φjκ,{ω‚Ή‚Έ,‚ ‚θ
ή“,Τγ‚Λ‚η‚Ά,Vh,‰Μ•‘κ’¬,131041,“‹“s,Vh‹ζ,‰Μ•‘κ’¬‚Q’–Ϊ,2025/1/28,9,’“Τi—Φjκ,’“Τi—Φjκ,{ω‚Ή‚Έ,‚ ‚θ
ή“,Τγ‚Λ‚η‚Ά,Vh,‰Μ•‘κ’¬,131041,“‹“s,Vh‹ζ,‰Μ•‘κ’¬‚Q’–Ϊ,2025/5/2,5,“ΉHγ,‚»‚Μ‘Ό,{ω‚Ή‚Έ,‚ ‚θ
ή“,Τγ‚Λ‚η‚Ά,Vh,‰Μ•‘κ’¬,131041,“‹“s,Vh‹ζ,‰Μ•‘κ’¬‚Q’–Ϊ,2025/7/2,3,’“Τi—Φjκ,’“Τi—Φjκ,{ω‚Ή‚Έ,‚ ‚θ
ή“,Τγ‚Λ‚η‚Ά,Vh,‰Μ•‘κ’¬,131041,“‹“s,Vh‹ζ,‰Μ•‘κ’¬‚Q’–Ϊ,2025/7/27,5,“ΉHγ,‚»‚Μ‘Ό,{ω‚Ή‚Έ,‚ ‚θ
ή“,Τγ‚Λ‚η‚Ά,Vh,‰Μ•‘κ’¬,131041,“‹“s,Vh‹ζ,‰Μ•‘κ’¬‚Q’–Ϊ,2025/8/30,1,‚»‚Μ‘Ό,‚»‚Μ‘Ό,{ω‚Ή‚Έ,‚Θ‚µ
ή“,Τγ‚Λ‚η‚Ά,Vh,‰Μ•‘κ’¬,131041,“‹“s,Vh‹ζ,‰Μ•‘κ’¬‚Q’–Ϊ,2025/9/17,13,“ΉHγ,‚»‚Μ‘Ό,{ω‚Ή‚Έ,‚ ‚θ
ή“,Τγ‚Λ‚η‚Ά,Vh,‰Μ•‘κ’¬,131041,“‹“s,Vh‹ζ,‰Μ•‘κ’¬‚Q’–Ϊ,2025/9/24,9,“ΉHγ,‚»‚Μ‘Ό,{ω‚Ή‚Έ,‚ ‚θ
ή“,Τγ‚Λ‚η‚Ά,Vh,•Sl’¬,131041,“‹“s,Vh‹ζ,•Sl’¬‚Q’–Ϊ,2025/1/24,7,“ΉHγ,‚»‚Μ‘Ό,{ω‚Ή‚Έ,‚ ‚θ
ή“,Τγ‚Λ‚η‚Ά,Vh,•Sl’¬,131041,“‹“s,Vh‹ζ,•Sl’¬‚Q’–Ϊ,2025/2/27,23,‚»‚Μ‘Ό,‚»‚Μ‘Ό,{ω‚Ή‚Έ,‚Θ‚µ
ή“,Τγ‚Λ‚η‚Ά,Vh,•Sl’¬,131041,“‹“s,Vh‹ζ,•Sl’¬‚Q’–Ϊ,2025/4/28,9,’“Τi—Φjκ,’“Τi—Φjκ,{ω‚Ή‚Έ,‚Θ‚µ
ή“,Τγ‚Λ‚η‚Ά,Λ’Λ,‰Ί—‡‰w‘O,131041,“‹“s,Vh‹ζ,γ—‡‚P’–Ϊ,2025/8/15,5,’“Τi—Φjκ,’“Τi—Φjκ,{ω‚Ή‚Έ,‚Θ‚µ
ή“,Τγ‚Λ‚η‚Ά,Λ’Λ,‰Ί—‡‰w‘O,131041,“‹“s,Vh‹ζ,‰Ί—‡‚P’–Ϊ,2025/8/23,9,“ΉHγ,‚»‚Μ‘Ό,{ω‚Ή‚Έ,‚Θ‚µ
ή“,Τγ‚Λ‚η‚Ά,Λ’Λ,‰Ί—‡‰w‘O,131041,“‹“s,Vh‹ζ,‰Ί—‡‚S’–Ϊ,2025/1/31,14,‚»‚Μ‘Ό,’“Τi—Φjκ,{ω‚Ή‚Έ,‚Θ‚µ
ή“,Τγ‚Λ‚η‚Ά,Λ’Λ,‰Ί—‡‰w‘O,131041,“‹“s,Vh‹ζ,‰Ί—‡‚S’–Ϊ,2025/3/24,16,“ΉHγ,‚»‚Μ‘Ό,{ω‚Ή‚Έ,‚Θ‚µ
ή“,Τγ‚Λ‚η‚Ά,Λ’Λ,‰Ί—‡‰w‘O,131041,“‹“s,Vh‹ζ,‰Ί—‡‚S’–Ϊ,2025/5/8,15,“ΉHγ,‚»‚Μ‘Ό,{ω‚Ή‚Έ,‚Θ‚µ
ή“,Τγ‚Λ‚η‚Ά,Λ’Λ,‰Ί—‡‰w‘O,131041,“‹“s,Vh‹ζ,’†—‡‚Q’–Ϊ,2025/9/4,4,“ΉHγ,‚»‚Μ‘Ό,{ω‚Ή‚Έ,‚ ‚θ
ή“,Τγ‚Λ‚η‚Ά,Λ’Λ,Ό—‡,131041,“‹“s,Vh‹ζ,Ό—‡‚Q’–Ϊ,2025/7/28,10,“ΉHγ,‚»‚Μ‘Ό,{ω‚Ή‚Έ,‚Θ‚µ
ή“,Τγ‚Λ‚η‚Ά,Λ’Λ,Ό—‡,131041,“‹“s,Vh‹ζ,Ό—‡‚R’–Ϊ,2025/2/15,12,‚»‚Μ‘Ό,’“Τi—Φjκ,{ω‚Ή‚Έ,‚Θ‚µ
ή“,Τγ‚Λ‚η‚Ά,Λ’Λ,Ό—‡,131041,“‹“s,Vh‹ζ,Ό—‡‚R’–Ϊ,2025/9/29,16,κΛZ‘ξ,‚»‚Μ‘Ό,{ω‚Ή‚Έ,‚Θ‚µ
ή“,Τγ‚Λ‚η‚Ά,Λ’Λ,Ό—‡,131041,“‹“s,Vh‹ζ,Ό—‡‚S’–Ϊ,2025/3/21,2,’“Τi—Φjκ,’“Τi—Φjκ,{ω‚Ή‚Έ,‚ ‚θ
ή“,Τγ‚Λ‚η‚Ά,Λ’Λ,‚“c”nκ‰w‘O,131041,“‹“s,Vh‹ζ,‚“c”nκ‚R’–Ϊ,2025/10/1,16,’“Τi—Φjκ,’“Τi—Φjκ,{ω‚µ‚½,‚ ‚θ
ή“,Τγ‚Λ‚η‚Ά,l’J,M”Z’¬,131041,“‹“s,Vh‹ζ,α—t‚Q’–Ϊ,2025/3/11,13,‚»‚Μ‘Ό,’“Τi—Φjκ,{ω‚Ή‚Έ,‚Θ‚µ
ή“,Τγ‚Λ‚η‚Ά,l’J,l’J©•,131041,“‹“s,Vh‹ζ,l’J‚P’–Ϊ,2025/3/14,1,“ΉHγ,‚»‚Μ‘Ό,{ω‚Ή‚Έ,‚ ‚θ
ή“,Τγ‚Λ‚η‚Ά,l’J,Vh,131041,“‹“s,Vh‹ζ,Vh‚P’–Ϊ,2025/6/20,19,‚»‚Μ‘Ό,’“Τi—Φjκ,{ω‚Ή‚Έ,‚Θ‚µ
ή“,Τγ‚Λ‚η‚Ά,l’J,’Η•ª,131041,“‹“s,Vh‹ζ,Vh‚R’–Ϊ,2025/4/30,22,’“Τi—Φjκ,’“Τi—Φjκ,{ω‚Ή‚Έ,‚Θ‚µ
ή“,Τγ‚Λ‚η‚Ά,’†–μ,’†‰›ά’–Ϊ,131148,“‹“s,’†–μ‹ζ,’†‰›‚T’–Ϊ,2025/5/5,20,“ΉHγ,‚»‚Μ‘Ό,{ω‚Ή‚Έ,‚ ‚θ
ή“,Τγ‚Λ‚η‚Ά,’†–μ,’†‰›ά’–Ϊ,131148,“‹“s,’†–μ‹ζ,’†‰›‚T’–Ϊ,2025/8/29,21,‚»‚Μ‘Ό,’“Τi—Φjκ,{ω‚Ή‚Έ,‚Θ‚µ
ή“,Τγ‚Λ‚η‚Ά,’†–μ,’†‰›ά’–Ϊ,131148,“‹“s,’†–μ‹ζ,’†‰›‚T’–Ϊ,2025/12/28,22,‚»‚Μ‘Ό,’“Τi—Φjκ,{ω‚Ή‚Έ,‚Θ‚µ
ή“,Τγ‚Λ‚η‚Ά,’†–μ,’†‰›ά’–Ϊ,131148,“‹“s,’†–μ‹ζ,–{’¬‚S’–Ϊ,2025/4/16,0,“ΉHγ,‚»‚Μ‘Ό,{ω‚Ή‚Έ,‚Θ‚µ
ή“,Τγ‚Λ‚η‚Ά,’†–μ,’†–μβγ,131148,“‹“s,’†–μ‹ζ,–ν¶’¬‚P’–Ϊ,2025/6/16,11,“ΉHγ,‚»‚Μ‘Ό,{ω‚Ή‚Έ,‚ ‚θ
ή“,Τγ‚Λ‚η‚Ά,’†–μ,’†–μ‰w‘O,131148,“‹“s,’†–μ‹ζ,’†–μ‚R’–Ϊ,2025/10/13,11,’“Τi—Φjκ,’“Τi—Φjκ,{ω‚Ή‚Έ,‚ ‚θ
ή“,Τγ‚Λ‚η‚Ά,’†–μ,’†–μ‰w‘O,131148,“‹“s,’†–μ‹ζ,’†–μ‚T’–Ϊ,2025/3/18,8,“ΉHγ,‚»‚Μ‘Ό,{ω‚Ή‚Έ,‚Θ‚µ
ή“,Τγ‚Λ‚η‚Ά,’†–μ,’†–μ‰w‘O,131148,“‹“s,’†–μ‹ζ,’†–μ‚T’–Ϊ,2025/4/7,17,“ΉHγ,‚»‚Μ‘Ό,{ω‚Ή‚Έ,‚Θ‚µ
ή“,Τγ‚Λ‚η‚Ά,’†–μ,’†–μ‰w‘O,131148,“‹“s,’†–μ‹ζ,’†–μ‚T’–Ϊ,2025/4/20,11,“ΉHγ,‚»‚Μ‘Ό,{ω‚Ή‚Έ,‚ ‚θ
ή“,Τγ‚Λ‚η‚Ά,’†–μ,’†–μ‰w‘O,131148,“‹“s,’†–μ‹ζ,’†–μ‚T’–Ϊ,2025/7/17,19,’“Τi—Φjκ,’“Τi—Φjκ,{ω‚µ‚½,‚Θ‚µ
ή“,Τγ‚Λ‚η‚Ά,’†–μ,“μ‘δ,131148,“‹“s,’†–μ‹ζ,“μ‘δ‚R’–Ϊ,2025/10/4,12,’“Τi—Φjκ,’“Τi—Φjκ,{ω‚Ή‚Έ,‚ ‚θ
ή“,Τγ‚Λ‚η‚Ά,’†–μ,“μ‘δ,131148,“‹“s,’†–μ‹ζ,–ν¶’¬‚P’–Ϊ,2025/5/15,12,“ΉHγ,‚»‚Μ‘Ό,{ω‚Ή‚Έ,‚ ‚θ
ή“,Τγ‚Λ‚η‚Ά,’†–μ,‘ξ“c’Κ,131148,“‹“s,’†–μ‹ζ,’†–μ‚P’–Ϊ,2025/5/9,13,“ΉHγ,‚»‚Μ‘Ό,{ω‚Ή‚Έ,‚ ‚θ
ή“,Τγ‚Λ‚η‚Ά,’†–μ,‘ξ“c’Κ,131148,“‹“s,’†–μ‹ζ,“’†–μ‚R’–Ϊ,2025/3/15,9,‚»‚Μ‘Ό,’“Τi—Φjκ,{ω‚Ή‚Έ,‚ ‚θ
ή“,Τγ‚Λ‚η‚Ά,’†–μ,“’†–μ‰w‘O,131148,“‹“s,’†–μ‹ζ,“’†–μ‚R’–Ϊ,2025/3/13,14,“ΉHγ,‚»‚Μ‘Ό,{ω‚Ή‚Έ,‚Θ‚µ
ή“,Τγ‚Λ‚η‚Ά,’†–μ,“’†–μ‰w‘O,131148,“‹“s,’†–μ‹ζ,“’†–μ‚S’–Ϊ,2025/9/15,20,“ΉHγ,‚»‚Μ‘Ό,{ω‚Ή‚Έ,‚ ‚θ
ή“,Τγ‚Λ‚η‚Ά,’†–μ,“’†–μ‰w‘O,131148,“‹“s,’†–μ‹ζ,“’†–μ‚T’–Ϊ,2025/10/11,15,‚»‚Μ‘Ό,’“Τi—Φjκ,{ω‚Ή‚Έ,‚Θ‚µ
ή“,Τγ‚Λ‚η‚Ά,–μ•ϋ,γ‚“c,131148,“‹“s,’†–μ‹ζ,γ‚“c‚S’–Ϊ,2025/12/5,8,“ΉHγ,‚»‚Μ‘Ό,{ω‚Ή‚Έ,‚ ‚θ
ή“,Τγ‚Λ‚η‚Ά,–μ•ϋ,γλ‹{,131148,“‹“s,’†–μ‹ζ,γλ‹{‚S’–Ϊ,2025/1/28,16,‚»‚Μ‘Ό,’“Τi—Φjκ,{ω‚Ή‚Έ,‚ ‚θ
ή“,Τγ‚Λ‚η‚Ά,–μ•ϋ,γλ‹{,131148,“‹“s,’†–μ‹ζ,γλ‹{‚T’–Ϊ,2025/3/2,18,‚»‚Μ‘Ό,’“Τi—Φjκ,{ω‚Ή‚Έ,‚Θ‚µ
ή“,Τγ‚Λ‚η‚Ά,–μ•ϋ,‰Ζ­’Κ,131148,“‹“s,’†–μ‹ζ,λ‹{‚P’–Ϊ,2025/7/26,12,’“Τi—Φjκ,’“Τi—Φjκ,{ω‚Ή‚Έ,‚ ‚θ
ή“,Τγ‚Λ‚η‚Ά,–μ•ϋ,]΄’¬,131148,“‹“s,’†–μ‹ζ,]΄’¬‚R’–Ϊ,2025/7/19,19,’“Τi—Φjκ,’“Τi—Φjκ,{ω‚Ή‚Έ,‚ ‚θ
ή“,Τγ‚Λ‚η‚Ά,–μ•ϋ,]Γ“cl’–Ϊ,131148,“‹“s,’†–μ‹ζ,]Γ“c‚P’–Ϊ,2025/10/2,12,’“Τi—Φjκ,’“Τi—Φjκ,{ω‚µ‚½,‚Θ‚µ
ή“,Τγ‚Λ‚η‚Ά,–μ•ϋ,]Γ“cl’–Ϊ,131148,“‹“s,’†–μ‹ζ,]Γ“c‚P’–Ϊ,2025/10/5,11,’“Τi—Φjκ,’“Τi—Φjκ,{ω‚µ‚½,‚Θ‚µ
ή“,Τγ‚Λ‚η‚Ά,–μ•ϋ,]Γ“cl’–Ϊ,131148,“‹“s,’†–μ‹ζ,]Γ“c‚P’–Ϊ,2025/11/15,0,’“Τi—Φjκ,’“Τi—Φjκ,{ω‚µ‚½,‚ ‚θ
ή“,Τγ‚Λ‚η‚Ά,–μ•ϋ,]Γ“cl’–Ϊ,131148,“‹“s,’†–μ‹ζ,]Γ“c‚R’–Ϊ,2025/11/11,16,‚»‚Μ‘Ό,‚»‚Μ‘Ό,{ω‚Ή‚Έ,‚Θ‚µ
ή“,Τγ‚Λ‚η‚Ά,–μ•ϋ,ΐ‘ά,131148,“‹“s,’†–μ‹ζ,Vδ‚R’–Ϊ,2025/5/25,0,‚»‚Μ‘Ό,’“Τi—Φjκ,{ω‚Ή‚Έ,‚Θ‚µ
ή“,Τγ‚Λ‚η‚Ά,–μ•ϋ,ΐ‘ά,131148,“‹“s,’†–μ‹ζ,ΐ‘ά‚Q’–Ϊ,2025/2/14,15,’“Τi—Φjκ,’“Τi—Φjκ,{ω‚Ή‚Έ,‚ ‚θ
ή“,Τγ‚Λ‚η‚Ά,–μ•ϋ,α‹{,131148,“‹“s,’†–μ‹ζ,‘εa’¬‚R’–Ϊ,2025/10/13,8,“ΉHγ,‚»‚Μ‘Ό,{ω‚Ή‚Έ,‚ ‚θ
ή“,Τγ‚Λ‚η‚Ά,–μ•ϋ,α‹{,131148,“‹“s,’†–μ‹ζ,‘εa’¬‚S’–Ϊ,2025/8/18,16,‚»‚Μ‘Ό‚ΜZ‘ξi‚RK‚ΔΘ‰Ί‹¤“―Z‘ξ“™j,‚»‚Μ‘Ό,{ω‚Ή‚Έ,‚ ‚θ
ή“,Τγ‚Λ‚η‚Ά,–μ•ϋ,–ςt‰w‘O,131148,“‹“s,’†–μ‹ζ,Vδ‚T’–Ϊ,2025/1/28,17,‚»‚Μ‘Ό,’“Τi—Φjκ,{ω‚Ή‚Έ,‚Θ‚µ
ή“,Τγ‚Λ‚η‚Ά,–μ•ϋ,–ςt‰w‘O,131148,“‹“s,’†–μ‹ζ,γ‚“c‚R’–Ϊ,2025/3/15,13,‚»‚Μ‘Ό,’“Τi—Φjκ,{ω‚Ή‚Έ,‚Θ‚µ
ή“,Τγ‚Λ‚η‚Ά,–μ•ϋ,–μ•ϋκ’–Ϊ,131148,“‹“s,’†–μ‹ζ,Vδ‚Q’–Ϊ,2025/6/9,6,’“Τi—Φjκ,’“Τi—Φjκ,{ω‚Ή‚Έ,‚Θ‚µ
ή“,Τγ‚Λ‚η‚Ά,–μ•ϋ,–μ•ϋκ’–Ϊ,131148,“‹“s,’†–μ‹ζ,’†–μ‚S’–Ϊ,2025/9/22,12,“ΉHγ,‚»‚Μ‘Ό,{ω‚Ή‚Έ,‚Θ‚µ
ή“,Τγ‚Λ‚η‚Ά,–μ•ϋ,–μ•ϋκ’–Ϊ,131148,“‹“s,’†–μ‹ζ,’†–μ‚S’–Ϊ,2025/10/2,6,‚»‚Μ‘Ό,’“Τi—Φjκ,{ω‚Ή‚Έ,‚Θ‚µ
ή“,Τγ‚Λ‚η‚Ά,–μ•ϋ,–μ•ϋ‰w‘O,131148,“‹“s,’†–μ‹ζ,–μ•ϋ‚T’–Ϊ,2025/12/18,16,“ΉHγ,‚»‚Μ‘Ό,{ω‚Ή‚Έ,‚Θ‚µ
ή“,Τγ‚Λ‚η‚Ά,–μ•ϋ,λ‹{Z’–Ϊ,131148,“‹“s,’†–μ‹ζ,γλ‹{‚T’–Ϊ,2025/1/28,16,‚»‚Μ‘Ό,’“Τi—Φjκ,{ω‚Ή‚Έ,‚Θ‚µ
ή“,Τγ‚Λ‚η‚Ά,–μ•ϋ,λ‹{Z’–Ϊ,131148,“‹“s,’†–μ‹ζ,γλ‹{‚T’–Ϊ,2025/1/30,16,‚»‚Μ‘Ό,’“Τi—Φjκ,{ω‚Ή‚Έ,‚ ‚θ
ή“,Τγ‚Λ‚η‚Ά,–μ•ϋ,λ‹{Z’–Ϊ,131148,“‹“s,’†–μ‹ζ,γλ‹{‚T’–Ϊ,2025/9/11,6,“ΉHγ,‚»‚Μ‘Ό,{ω‚Ή‚Έ,‚ ‚θ
ή“,Τγ‚Λ‚η‚Ά,–μ•ϋ,λ‹{‰w‘O,131148,“‹“s,’†–μ‹ζ,γλ‹{‚Q’–Ϊ,2025/3/30,15,‚»‚Μ‘Ό,‚»‚Μ‘Ό,{ω‚Ή‚Έ,‚Θ‚µ
ή“,Τγ‚Λ‚η‚Ά,™•ΐ,a“c–{’¬,131156,“‹“s,™•ΐ‹ζ,a“c‚P’–Ϊ,2025/10/20,15,’“Τi—Φjκ,’“Τi—Φjκ,{ω‚Ή‚Έ,‚Θ‚µ
ή“,Τγ‚Λ‚η‚Ά,™•ΐ,–xƒm“ΰ,131156,“‹“s,™•ΐ‹ζ,–xƒm“ΰ‚Q’–Ϊ,2025/5/23,20,κΛZ‘ξ,’“Τi—Φjκ,{ω‚Ή‚Έ,‚Θ‚µ
ή“,Τγ‚Λ‚η‚Ά,™•ΐ,–xƒm“ΰ,131156,“‹“s,™•ΐ‹ζ,–xƒm“ΰ‚Q’–Ϊ,2025/6/10,20,κΛZ‘ξ,’“Τi—Φjκ,{ω‚Ή‚Έ,‚ ‚θ
ή“,Τγ‚Λ‚η‚Ά,™•ΐ,–xƒm“ΰ,131156,“‹“s,™•ΐ‹ζ,a“c‚R’–Ϊ,2025/7/17,16,“ΉHγ,‚»‚Μ‘Ό,{ω‚Ή‚Έ,‚ ‚θ
ή“,Τγ‚Λ‚η‚Ά,™•ΐ,¬@,131156,“‹“s,™•ΐ‹ζ,Ά²’J“μ‚R’–Ϊ,2025/4/17,7,κΛZ‘ξ,’“Τi—Φjκ,{ω‚Ή‚Έ,‚Θ‚µ
ή“,Τγ‚Λ‚η‚Ά,™•ΐ,¬“c,131156,“‹“s,™•ΐ‹ζ,”~—Ά‚Q’–Ϊ,2025/2/10,3,’“Τi—Φjκ,’“Τi—Φjκ,{ω‚µ‚½,‚Θ‚µ
ή“,Τγ‚Λ‚η‚Ά,™•ΐ,¬“c,131156,“‹“s,™•ΐ‹ζ,”~—Ά‚Q’–Ϊ,2025/2/17,18,’“Τi—Φjκ,’“Τi—Φjκ,{ω‚µ‚½,‚Θ‚µ
ή“,Τγ‚Λ‚η‚Ά,™•ΐ,¬“c,131156,“‹“s,™•ΐ‹ζ,”~—Ά‚Q’–Ϊ,2025/4/27,22,‚»‚Μ‘Ό‚ΜZ‘ξi‚RK‚ΔΘ‰Ί‹¤“―Z‘ξ“™j,’“Τi—Φjκ,{ω‚Ή‚Έ,‚ ‚θ
ή“,Τγ‚Λ‚η‚Ά,™•ΐ,¬“c,131156,“‹“s,™•ΐ‹ζ,¬“c“‚P’–Ϊ,2025/5/23,16,κΛZ‘ξ,’“Τi—Φjκ,{ω‚Ή‚Έ,‚ ‚θ
ή“,Τγ‚Λ‚η‚Ά,™•ΐ,¬“c,131156,“‹“s,™•ΐ‹ζ,¬“c“‚Q’–Ϊ,2025/5/23,18,κΛZ‘ξ,’“Τi—Φjκ,{ω‚Ή‚Έ,‚ ‚θ
ή“,Τγ‚Λ‚η‚Ά,™•ΐ,¬“c,131156,“‹“s,™•ΐ‹ζ,¬“c“‚Q’–Ϊ,2025/6/8,19,κΛZ‘ξ,’“Τi—Φjκ,{ω‚Ή‚Έ,‚Θ‚µ
ή“,Τγ‚Λ‚η‚Ά,™•ΐ,¬“c,131156,“‹“s,™•ΐ‹ζ,Όƒm–Ψ‚P’–Ϊ,2025/3/30,12,‚»‚Μ‘Ό,’“Τi—Φjκ,{ω‚Ή‚Έ,‚Θ‚µ
ή“,Τγ‚Λ‚η‚Ά,™•ΐ,¬“cΌ,131156,“‹“s,™•ΐ‹ζ,¬“cΌ‚P’–Ϊ,2025/5/21,14,κΛZ‘ξ,’“Τi—Φjκ,{ω‚Ή‚Έ,‚ ‚θ
ή“,Τγ‚Λ‚η‚Ά,™•ΐ,¬“cΌ,131156,“‹“s,™•ΐ‹ζ,¬“cΌ‚Q’–Ϊ,2025/9/17,16,‚SK‚ΔΘγ‹¤“―Z‘ξ,‚»‚Μ‘Ό,{ω‚Ή‚Έ,‚Θ‚µ
ή“,Τγ‚Λ‚η‚Ά,™•ΐ,V‚‰~›‰w‘O,131156,“‹“s,™•ΐ‹ζ,”~—Ά‚Q’–Ϊ,2025/4/7,20,‚»‚Μ‘Ό,’“Τi—Φjκ,{ω‚µ‚½,‚Θ‚µ
ή“,Τγ‚Λ‚η‚Ά,™•ΐ,V‚‰~›‰w‘O,131156,“‹“s,™•ΐ‹ζ,Όƒm–Ψ‚Q’–Ϊ,2025/6/11,0,κΛZ‘ξ,‚»‚Μ‘Ό,{ω‚Ή‚Έ,‚Θ‚µ
ή“,Τγ‚Λ‚η‚Ά,™•ΐ,V‚‰~›‰w‘O,131156,“‹“s,™•ΐ‹ζ,Όƒm–Ψ‚R’–Ϊ,2025/5/15,10,κΛZ‘ξ,‚»‚Μ‘Ό,{ω‚Ή‚Έ,‚ ‚θ
ή“,Τγ‚Λ‚η‚Ά,™•ΐ,““c’¬,131156,“‹“s,™•ΐ‹ζ,Ά²’J“μ‚P’–Ϊ,2025/5/30,13,‚»‚Μ‘Ό,’“Τi—Φjκ,{ω‚Ή‚Έ,‚Θ‚µ
ή“,Τγ‚Λ‚η‚Ά,™•ΐ,““c’¬,131156,“‹“s,™•ΐ‹ζ,Ά²’J“μ‚P’–Ϊ,2025/7/26,11,“ΉHγ,‚»‚Μ‘Ό,{ω‚Ή‚Έ,‚Θ‚µ
ή“,Τγ‚Λ‚η‚Ά,™•ΐ,““c’¬,131156,“‹“s,™•ΐ‹ζ,Ά²’J“μ‚P’–Ϊ,2025/10/4,9,“ΉHγ,‚»‚Μ‘Ό,{ω‚Ή‚Έ,‚ ‚θ
ή“,Τγ‚Λ‚η‚Ά,™•ΐ,““c’¬,131156,“‹“s,™•ΐ‹ζ,Ά²’J“μ‚P’–Ϊ,2025/11/10,19,“ΉHγ,‚»‚Μ‘Ό,{ω‚Ή‚Έ,‚Θ‚µ
ή“,Τγ‚Λ‚η‚Ά,™•ΐ,Ά²’J–k,131156,“‹“s,™•ΐ‹ζ,Ά²’J–k‚U’–Ϊ,2025/5/19,2,‚»‚Μ‘Ό‚ΜZ‘ξi‚RK‚ΔΘ‰Ί‹¤“―Z‘ξ“™j,‚»‚Μ‘Ό,{ω‚Ή‚Έ,‚Θ‚µ
ή“,Τγ‚Λ‚η‚Ά,™•ΐ,Ά²’J‰w‘O,131156,“‹“s,™•ΐ‹ζ,Ά²’J–k‚P’–Ϊ,2025/3/4,8,“ΉHγ,‚»‚Μ‘Ό,{ω‚Ή‚Έ,‚Θ‚µ
ή“,Τγ‚Λ‚η‚Ά,™•ΐ,Ά²’J‰w‘O,131156,“‹“s,™•ΐ‹ζ,Ά²’J“μ‚P’–Ϊ,2025/1/11,10,“ΉHγ,‚»‚Μ‘Ό,{ω‚Ή‚Έ,‚ ‚θ
ή“,Τγ‚Λ‚η‚Ά,™•ΐ,Ά²’J‰w‘O,131156,“‹“s,™•ΐ‹ζ,Ά²’J“μ‚P’–Ϊ,2025/9/21,11,‚»‚Μ‘Ό,’“Τi—Φjκ,{ω‚Ή‚Έ,‚Θ‚µ
ή“,Τγ‚Λ‚η‚Ά,™•ΐ,Ά²’J‰w‘O,131156,“‹“s,™•ΐ‹ζ,Ά²’J“μ‚Q’–Ϊ,2025/3/27,13,’“Τi—Φjκ,’“Τi—Φjκ,{ω‚Ή‚Έ,‚ ‚θ
ή“,Τγ‚Λ‚η‚Ά,™•ΐ,Ά²’J‰w‘O,131156,“‹“s,™•ΐ‹ζ,Ά²’J“μ‚Q’–Ϊ,2025/6/3,11,‚»‚Μ‘Ό,’“Τi—Φjκ,{ω‚Ή‚Έ,‚Θ‚µ
ή“,Τγ‚Λ‚η‚Ά,™•ΐ,Ά²’J‰w‘O,131156,“‹“s,™•ΐ‹ζ,Ά²’J“μ‚Q’–Ϊ,2025/11/1,20,‚»‚Μ‘Ό,’“Τi—Φjκ,{ω‚Ή‚Έ,‚Θ‚µ
ή“,Τγ‚Λ‚η‚Ά,™•ΐ,Ά²’J‰w‘O,131156,“‹“s,™•ΐ‹ζ,Ά²’J“μ‚R’–Ϊ,2025/4/11,14,“ΉHγ,‚»‚Μ‘Ό,{ω‚Ή‚Έ,‚ ‚θ
ή“,Τγ‚Λ‚η‚Ά,™•ΐ,Ά²’J‰w‘O,131156,“‹“s,™•ΐ‹ζ,‚‰~›“μ‚S’–Ϊ,2025/1/23,20,“ΉHγ,‚»‚Μ‘Ό,{ω‚Ή‚Έ,‚Θ‚µ
ή“,Τγ‚Λ‚η‚Ά,™•ΐ,‚‰~›“μl’–Ϊ,131156,“‹“s,™•ΐ‹ζ,‚‰~›“μ‚S’–Ϊ,2025/1/11,12,“ΉHγ,‚»‚Μ‘Ό,{ω‚Ή‚Έ,‚ ‚θ
ή“,Τγ‚Λ‚η‚Ά,™•ΐ,‚‰~›“μl’–Ϊ,131156,“‹“s,™•ΐ‹ζ,‚‰~›“μ‚S’–Ϊ,2025/12/9,9,“ΉHγ,‚»‚Μ‘Ό,{ω‚Ή‚Έ,‚ ‚θ
ή“,Τγ‚Λ‚η‚Ά,™•ΐ,‚‰~›“μl’–Ϊ,131156,“‹“s,™•ΐ‹ζ,‚‰~›“μ‚T’–Ϊ,2024/12/29,20,“ΉHγ,‚»‚Μ‘Ό,{ω‚Ή‚Έ,‚Θ‚µ
ή“,Τγ‚Λ‚η‚Ά,™•ΐ,‚‰~›“μl’–Ϊ,131156,“‹“s,™•ΐ‹ζ,‚‰~›“μ‚T’–Ϊ,2025/3/1,21,‚SK‚ΔΘγ‹¤“―Z‘ξ,‚»‚Μ‘Ό,{ω‚Ή‚Έ,‚Θ‚µ
ή“,Τγ‚Λ‚η‚Ά,™•ΐ,‚‰~›“μl’–Ϊ,131156,“‹“s,™•ΐ‹ζ,‚‰~›“μ‚T’–Ϊ,2025/9/24,21,’“Τi—Φjκ,’“Τi—Φjκ,{ω‚Ή‚Έ,‚ ‚θ
ή“,Τγ‚Λ‚η‚Ά,™•ΐ,‚‰~›‰w‘O,131156,“‹“s,™•ΐ‹ζ,‚‰~›–k‚R’–Ϊ,2025/9/23,10,“ΉHγ,‚»‚Μ‘Ό,{ω‚Ή‚Έ,‚ ‚θ
ή“,Τγ‚Λ‚η‚Ά,™•ΐ,‚‰~›‰w‘O,131156,“‹“s,™•ΐ‹ζ,‚‰~›“μ‚Q’–Ϊ,2025/4/11,15,’“Τi—Φjκ,’“Τi—Φjκ,{ω‚Ή‚Έ,‚ ‚θ
ή“,Τγ‚Λ‚η‚Ά,™•ΐ,‚‰~›‰w‘O,131156,“‹“s,™•ΐ‹ζ,‚‰~›“μ‚S’–Ϊ,2025/1/4,11,“ΉHγ,‚»‚Μ‘Ό,{ω‚Ή‚Έ,‚Θ‚µ
ή“,Τγ‚Λ‚η‚Ά,™•ΐ,‚‰~›‰w‘O,131156,“‹“s,™•ΐ‹ζ,‚‰~›“μ‚S’–Ϊ,2025/1/11,19,“ΉHγ,‚»‚Μ‘Ό,{ω‚Ή‚Έ,‚Θ‚µ
ή“,Τγ‚Λ‚η‚Ά,™•ΐ,‚‰~›‰w‘O,131156,“‹“s,™•ΐ‹ζ,‚‰~›“μ‚S’–Ϊ,2025/8/11,17,“ΉHγ,‚»‚Μ‘Ό,{ω‚Ή‚Έ,‚Θ‚µ
ή“,Τγ‚Λ‚η‚Ά,™•ΐ,‚‰~›‰w‘O,131156,“‹“s,™•ΐ‹ζ,‚‰~›“μ‚S’–Ϊ,2025/10/9,20,‚»‚Μ‘Ό,’“Τi—Φjκ,{ω‚Ή‚Έ,‚ ‚θ
ή“,Τγ‚Λ‚η‚Ά,‚δΛ,‹v‰δR,131156,“‹“s,™•ΐ‹ζ,‹v‰δR‚T’–Ϊ,2025/2/20,13,κΛZ‘ξ,’“Τi—Φjκ,{ω‚Ή‚Έ,‚Θ‚µ
ή“,Τγ‚Λ‚η‚Ά,‚δΛ,‹v‰δRl’–Ϊ,131156,“‹“s,™•ΐ‹ζ,‹v‰δR‚S’–Ϊ,2025/2/20,9,‚»‚Μ‘Ό,‚»‚Μ‘Ό,{ω‚Ή‚Έ,‚Θ‚µ
ή“,Τγ‚Λ‚η‚Ά,‚δΛ,@Ή›‘O,131156,“‹“s,™•ΐ‹ζ,‰Ί‚δΛ‚R’–Ϊ,2025/9/12,16,’“Τi—Φjκ,’“Τi—Φjκ,{ω‚Ή‚Έ,‚ ‚θ
ή“,Τγ‚Λ‚η‚Ά,‚δΛ,@Ή›‘O,131156,“‹“s,™•ΐ‹ζ,‰Ί‚δΛ‚S’–Ϊ,2025/2/7,10,κΛZ‘ξ,’“Τi—Φjκ,{ω‚Ή‚Έ,‚ ‚θ
ή“,Τγ‚Λ‚η‚Ά,‚δΛ,‰i•’¬‰w‘O,131156,“‹“s,™•ΐ‹ζ,aς‚R’–Ϊ,2025/5/25,13,κΛZ‘ξ,’“Τi—Φjκ,{ω‚Ή‚Έ,‚ ‚θ
ή“,Τγ‚Λ‚η‚Ά,‚δΛ,‰i•’¬‰w‘O,131156,“‹“s,™•ΐ‹ζ,aς‚S’–Ϊ,2025/5/23,8,κΛZ‘ξ,’“Τi—Φjκ,{ω‚Ή‚Έ,‚Θ‚µ
ή“,Τγ‚Λ‚η‚Ά,‚δΛ,‰i•’¬‰w‘O,131156,“‹“s,™•ΐ‹ζ,aς‚S’–Ϊ,2025/5/25,11,κΛZ‘ξ,’“Τi—Φjκ,{ω‚Ή‚Έ,‚Θ‚µ
ή“,Τγ‚Λ‚η‚Ά,‚δΛ,‰i•’¬‰w‘O,131156,“‹“s,™•ΐ‹ζ,‰i•‚P’–Ϊ,2025/5/22,20,κΛZ‘ξ,’“Τi—Φjκ,{ω‚Ή‚Έ,‚ ‚θ
ή“,Τγ‚Λ‚η‚Ά,‚δΛ,ς“μ,131156,“‹“s,™•ΐ‹ζ,aς‚P’–Ϊ,2025/9/18,7,‚»‚Μ‘Ό,‚»‚Μ‘Ό,{ω‚Ή‚Έ,‚Θ‚µ
ή“,Τγ‚Λ‚η‚Ά,‚δΛ,ς“μ,131156,“‹“s,™•ΐ‹ζ,aς‚Q’–Ϊ,2025/5/21,18,κΛZ‘ξ,’“Τi—Φjκ,{ω‚Ή‚Έ,‚Θ‚µ
ή“,Τγ‚Λ‚η‚Ά,‚δΛ,ς“μ,131156,“‹“s,™•ΐ‹ζ,aς‚Q’–Ϊ,2025/5/26,1,κΛZ‘ξ,’“Τi—Φjκ,{ω‚µ‚½,‚Θ‚µ
ή“,Τγ‚Λ‚η‚Ά,‚δΛ,ς“μ,131156,“‹“s,™•ΐ‹ζ,aς‚R’–Ϊ,2025/5/17,18,κΛZ‘ξ,’“Τi—Φjκ,{ω‚Ή‚Έ,‚Θ‚µ
ή“,Τγ‚Λ‚η‚Ά,‚δΛ,ς“μ,131156,“‹“s,™•ΐ‹ζ,aς‚S’–Ϊ,2025/6/27,17,κΛZ‘ξ,’“Τi—Φjκ,{ω‚Ή‚Έ,‚Θ‚µ
ή“,Τγ‚Λ‚η‚Ά,‚δΛ,ς“μ,131156,“‹“s,™•ΐ‹ζ,aς‚S’–Ϊ,2025/6/28,0,’“Τi—Φjκ,’“Τi—Φjκ,{ω‚Ή‚Έ,‚Θ‚µ
ή“,Τγ‚Λ‚η‚Ά,‚δΛ,ς“μ,131156,“‹“s,™•ΐ‹ζ,•ϋ“μ‚P’–Ϊ,2025/11/5,23,‚»‚Μ‘Ό,’“Τi—Φjκ,{ω‚Ή‚Έ,‚ ‚θ
ή“,Τγ‚Λ‚η‚Ά,‚δΛ,•l“cR,131156,“‹“s,™•ΐ‹ζ,‚δΛ“‚S’–Ϊ,2025/1/31,20,‚»‚Μ‘Ό,’“Τi—Φjκ,{ω‚Ή‚Έ,‚Θ‚µ
ή“,Τγ‚Λ‚η‚Ά,‚δΛ,•l“cR,131156,“‹“s,™•ΐ‹ζ,•l“cR‚Q’–Ϊ,2025/4/5,16,‚»‚Μ‘Ό,’“Τi—Φjκ,{ω‚Ή‚Έ,‚Θ‚µ
ή“,Τγ‚Λ‚η‚Ά,‚δΛ,Ό‰¬“μ,131156,“‹“s,™•ΐ‹ζ,ΌΑ‚Q’–Ϊ,2025/10/29,9,“ΉHγ,‚»‚Μ‘Ό,{ω‚Ή‚Έ,‚ ‚θ
ή“,Τγ‚Λ‚η‚Ά,‰¬E,‰Ίδ‘‰w‘O,131156,“‹“s,™•ΐ‹ζ,δ‘‚P’–Ϊ,2025/10/8,15,“ΉHγ,‚»‚Μ‘Ό,{ω‚Ή‚Έ,‚ ‚θ
ή“,Τγ‚Λ‚η‚Ά,‰¬E,‰Ίδ‘‰w‘O,131156,“‹“s,™•ΐ‹ζ,‰Ίδ‘‚Q’–Ϊ,2025/11/13,9,κΛZ‘ξ,’“Τi—Φjκ,{ω‚Ή‚Έ,‚ ‚θ
ή“,Τγ‚Λ‚η‚Ά,‰¬E,‰Ίδ‘‰w‘O,131156,“‹“s,™•ΐ‹ζ,‰Ίδ‘‚R’–Ϊ,2025/11/13,8,“ΉHγ,‚»‚Μ‘Ό,{ω‚Ή‚Έ,‚ ‚θ
ή“,Τγ‚Λ‚η‚Ά,‰¬E,‰Ίδ‘‰w‘O,131156,“‹“s,™•ΐ‹ζ,‰Ίδ‘‚S’–Ϊ,2025/10/10,9,“ΉHγ,‚»‚Μ‘Ό,{ω‚Ή‚Έ,‚ ‚θ
ή“,Τγ‚Λ‚η‚Ά,‰¬E,δ‰¬‰w‘O,131156,“‹“s,™•ΐ‹ζ,δ‘‚R’–Ϊ,2025/9/6,17,“ΉHγ,‚»‚Μ‘Ό,{ω‚Ή‚Έ,‚Θ‚µ
ή“,Τγ‚Λ‚η‚Ά,‰¬E,δ‰¬‰w‘O,131156,“‹“s,™•ΐ‹ζ,γδ‘‚P’–Ϊ,2025/11/1,10,“ΉHγ,‚»‚Μ‘Ό,{ω‚Ή‚Έ,‚Θ‚µ
ή“,Τγ‚Λ‚η‚Ά,‰¬E,΅μ,131156,“‹“s,™•ΐ‹ζ,΅μ‚R’–Ϊ,2025/10/29,8,‚SK‚ΔΘγ‹¤“―Z‘ξ,’“Τi—Φjκ,{ω‚Ή‚Έ,‚Θ‚µ
ή“,Τγ‚Λ‚η‚Ά,‰¬E,‘P•›,131156,“‹“s,™•ΐ‹ζ,‘P•›‚Q’–Ϊ,2025/1/29,16,‚»‚Μ‘Ό,‚»‚Μ‘Ό,{ω‚Ή‚Έ,‚Θ‚µ
ή“,Τγ‚Λ‚η‚Ά,‰¬E,‘P•›,131156,“‹“s,™•ΐ‹ζ,‘P•›‚Q’–Ϊ,2025/2/20,13,κΛZ‘ξ,‚»‚Μ‘Ό,{ω‚Ή‚Έ,‚ ‚θ
ή“,Τγ‚Λ‚η‚Ά,‰¬E,‘P•›,131156,“‹“s,™•ΐ‹ζ,‘P•›‚Q’–Ϊ,2025/11/7,9,“ΉHγ,‚»‚Μ‘Ό,{ω‚Ή‚Έ,‚Θ‚µ
ή“,Τγ‚Λ‚η‚Ά,‰¬E,“Vΐ,131156,“‹“s,™•ΐ‹ζ,–{“Vΐ‚R’–Ϊ,2025/6/7,17,‚»‚Μ‘Ό‚ΜZ‘ξi‚RK‚ΔΘ‰Ί‹¤“―Z‘ξ“™j,’“Τi—Φjκ,{ω‚Ή‚Έ,‚ ‚θ
ή“,Τγ‚Λ‚η‚Ά,‰¬E,“δl’–Ϊ,131156,“‹“s,™•ΐ‹ζ,“δ‚Q’–Ϊ,2025/3/27,8,‚»‚Μ‘Ό,’“Τi—Φjκ,{ω‚Ή‚Έ,‚Θ‚µ
ή“,Τγ‚Λ‚η‚Ά,‰¬E,‰¬Eά’–Ϊ,131156,“‹“s,™•ΐ‹ζ,‰¬E‚T’–Ϊ,2025/11/14,13,‚»‚Μ‘Ό,’“Τi—Φjκ,{ω‚Ή‚Έ,‚Θ‚µ
ή“,Τγ‚Λ‚η‚Ά,‰¬E,‰¬E‰w–kϋ,131156,“‹“s,™•ΐ‹ζ,“Vΐ‚Q’–Ϊ,2025/10/30,9,“ΉHγ,‚»‚Μ‘Ό,{ω‚Ή‚Έ,‚ ‚θ
ή“,Τγ‚Λ‚η‚Ά,‰¬E,‰¬E‰w–kϋ,131156,“‹“s,™•ΐ‹ζ,“Vΐ‚R’–Ϊ,2025/9/10,10,“ΉHγ,‚»‚Μ‘Ό,{ω‚Ή‚Έ,‚ ‚θ
ή“,Τγ‚Λ‚η‚Ά,‰¬E,‰¬E‰w“μϋ,131156,“‹“s,™•ΐ‹ζ,‰¬E‚R’–Ϊ,2025/8/19,18,‚»‚Μ‘Ό,’“Τi—Φjκ,{ω‚Ή‚Έ,‚Θ‚µ
ή“,Τγ‚Λ‚η‚Ά,‰¬E,‰¬E‰w“μϋ,131156,“‹“s,™•ΐ‹ζ,‰¬E‚R’–Ϊ,2025/9/6,18,“ΉHγ,‚»‚Μ‘Ό,{ω‚Ή‚Έ,‚ ‚θ
ή“,Τγ‚Λ‚η‚Ά,‰¬E,‰¬E‰w“μϋ,131156,“‹“s,™•ΐ‹ζ,‰¬E‚T’–Ϊ,2025/3/30,18,“ΉHγ,‚»‚Μ‘Ό,{ω‚Ή‚Έ,‚Θ‚µ
ή“,Τγ‚Λ‚η‚Ά,‰¬E,‰¬E‰w“μϋ,131156,“‹“s,™•ΐ‹ζ,‰¬E‚T’–Ϊ,2025/7/23,12,‚»‚Μ‘Ό,‚»‚Μ‘Ό,{ω‚Ή‚Έ,‚Θ‚µ
ή“,Τγ‚Λ‚η‚Ά,‰¬E,Ό‰¬E,131156,“‹“s,™•ΐ‹ζ,Ό‰¬–k‚R’–Ϊ,2025/5/10,14,“ΉHγ,‚»‚Μ‘Ό,{ω‚Ή‚Έ,‚ ‚θ
ή“,Τγ‚Λ‚η‚Ά,•xβ,γy,131059,“‹“s,•¶‹‹ζ,γy‚P’–Ϊ,2025/8/27,18,’“Τi—Φjκ,’“Τi—Φjκ,{ω‚Ή‚Έ,‚ ‚θ
ή“,Τγ‚Λ‚η‚Ά,•xβ,t“ϊ,131059,“‹“s,•¶‹‹ζ,t“ϊ‚P’–Ϊ,2025/10/3,13,‚»‚Μ‘Ό,’“Τi—Φjκ,{ω‚Ή‚Έ,‚ ‚θ
ή“,Τγ‚Λ‚η‚Ά,•xβ,t“ϊ,131059,“‹“s,•¶‹‹ζ,¬Ξμ‚Q’–Ϊ,2025/2/24,12,“ΉHγ,‚»‚Μ‘Ό,{ω‚Ή‚Έ,‚ ‚θ
ή“,Τγ‚Λ‚η‚Ά,•xβ,t“ϊ,131059,“‹“s,•¶‹‹ζ,γy‚P’–Ϊ,2025/1/21,8,’“Τi—Φjκ,’“Τi—Φjκ,{ω‚Ή‚Έ,‚Θ‚µ
ή“,Τγ‚Λ‚η‚Ά,‘ε’Λ,]Λμ‹΄,131059,“‹“s,•¶‹‹ζ,‰Ή‰H‚P’–Ϊ,2025/2/28,20,“ΉHγ,‚»‚Μ‘Ό,{ω‚Ή‚Έ,‚ ‚θ
ή“,Τγ‚Λ‚η‚Ά,‘ε’Λ,δª‰Χ’J‰w‘O,131059,“‹“s,•¶‹‹ζ,‘ε’Λ‚P’–Ϊ,2025/10/15,13,“ΉHγ,‚»‚Μ‘Ό,{ω‚Ή‚Έ,‚ ‚θ
ή“,Τγ‚Λ‚η‚Ά,‘ε’Λ,δª‰Χ’J‰w‘O,131059,“‹“s,•¶‹‹ζ,¬“ϊό‚Q’–Ϊ,2025/8/9,16,’“Τi—Φjκ,’“Τi—Φjκ,{ω‚Ή‚Έ,‚Θ‚µ
ή“,Τγ‚Λ‚η‚Ά,–{•xm,“V_’¬,131059,“‹“s,•¶‹‹ζ,“’“‡‚R’–Ϊ,2025/5/25,15,‚»‚Μ‘Ό,’“Τi—Φjκ,{ω‚Ή‚Έ,‚Θ‚µ
ή“,Τγ‚Λ‚η‚Ά,–{•xm,“V_’¬,131059,“‹“s,•¶‹‹ζ,“’“‡‚R’–Ϊ,2025/7/1,0,“ΉHγ,‚»‚Μ‘Ό,{ω‚Ή‚Έ,‚ ‚θ
ή“,Τγ‚Λ‚η‚Ά,–{•xm,–{‹½,131059,“‹“s,•¶‹‹ζ,–{‹½‚V’–Ϊ,2025/8/20,15,‚»‚Μ‘Ό,‚»‚Μ‘Ό,{ω‚Ή‚Έ,‚ ‚θ
ή“,Τγ‚Λ‚η‚Ά,‹ξ,“®β,131059,“‹“s,•¶‹‹ζ,–{‹ξ‚R’–Ϊ,2025/9/16,0,‚SK‚ΔΘγ‹¤“―Z‘ξ,’“Τi—Φjκ,{ω‚Ή‚Έ,‚ ‚θ
ή“,Τγ‚Λ‚η‚Ά,‹ξ,’cqβ,131059,“‹“s,•¶‹‹ζ,η‘Κ–Ψ‚R’–Ϊ,2025/1/8,12,’“Τi—Φjκ,’“Τi—Φjκ,{ω‚Ή‚Έ,‚ ‚θ
ή“,Τγ‚Λ‚η‚Ά,‘ƒ›,ƒTƒ“ƒVƒƒƒCƒ“‘O,131164,“‹“s,–L“‡‹ζ,“’r‘ά‚T’–Ϊ,2025/4/6,15,κΛZ‘ξ,‚»‚Μ‘Ό,{ω‚Ή‚Έ,‚ ‚θ
ή“,Τγ‚Λ‚η‚Ά,‘ƒ›,ƒTƒ“ƒVƒƒƒCƒ“‘O,131164,“‹“s,–L“‡‹ζ,“’r‘ά‚T’–Ϊ,2025/11/26,19,‚SK‚ΔΘγ‹¤“―Z‘ξ,’“Τi—Φjκ,{ω‚Ή‚Έ,‚ ‚θ
ή“,Τγ‚Λ‚η‚Ά,‘ƒ›,‘ε’Λ‰w‘O,131164,“‹“s,–L“‡‹ζ,–k‘ε’Λ‚Q’–Ϊ,2025/9/6,17,“ΉHγ,‚»‚Μ‘Ό,{ω‚Ή‚Έ,‚ ‚θ
ή“,Τγ‚Λ‚η‚Ά,‘ƒ›,‘ε’Λ‰w‘O,131164,“‹“s,–L“‡‹ζ,–k‘ε’Λ‚Q’–Ϊ,2025/11/14,15,“ΉHγ,‚»‚Μ‘Ό,{ω‚Ή‚Έ,‚ ‚θ
ή“,Τγ‚Λ‚η‚Ά,‘ƒ›,‘ε’Λ‰w‘O,131164,“‹“s,–L“‡‹ζ,“μ‘ε’Λ‚Q’–Ϊ,2025/10/2,20,“ΉHγ,‚»‚Μ‘Ό,{ω‚Ή‚Έ,‚ ‚θ
ή“,Τγ‚Λ‚η‚Ά,‘ƒ›,‘ε’Λ‰w‘O,131164,“‹“s,–L“‡‹ζ,“μ‘ε’Λ‚Q’–Ϊ,2025/12/23,21,“ΉHγ,‚»‚Μ‘Ό,{ω‚Ή‚Έ,‚Θ‚µ
ή“,Τγ‚Λ‚η‚Ά,‘ƒ›,‘ε’Λ‰w‘O,131164,“‹“s,–L“‡‹ζ,“μ‘ε’Λ‚R’–Ϊ,2025/9/7,13,’“Τi—Φjκ,’“Τi—Φjκ,{ω‚Ή‚Έ,‚ ‚θ
ή“,Τγ‚Λ‚η‚Ά,‘ƒ›,‘ƒ›‰w‘O,131164,“‹“s,–L“‡‹ζ,‘ƒ›‚P’–Ϊ,2024/12/31,17,’“Τi—Φjκ,’“Τi—Φjκ,{ω‚Ή‚Έ,‚Θ‚µ
ή“,Τγ‚Λ‚η‚Ά,‘ƒ›,‘ƒ›‰w‘O,131164,“‹“s,–L“‡‹ζ,‘ƒ›‚R’–Ϊ,2025/2/4,19,“ΉHγ,‚»‚Μ‘Ό,{ω‚Ή‚Έ,‚ ‚θ
ή“,Τγ‚Λ‚η‚Ά,‘ƒ›,‘ƒ›‰w‘O,131164,“‹“s,–L“‡‹ζ,‘ƒ›‚R’–Ϊ,2025/5/19,9,‚»‚Μ‘Ό,’“Τi—Φjκ,{ω‚Ή‚Έ,‚Θ‚µ
ή“,Τγ‚Λ‚η‚Ά,‘ƒ›,M\’Λ,131164,“‹“s,–L“‡‹ζ,‘ƒ›‚S’–Ϊ,2025/6/21,8,“ΉHγ,‚»‚Μ‘Ό,{ω‚Ή‚Έ,‚Θ‚µ
ή“,Τγ‚Λ‚η‚Ά,‘ƒ›,M\’Λ,131164,“‹“s,–L“‡‹ζ,‘ƒ›‚S’–Ϊ,2025/7/21,18,‚»‚Μ‘Ό,’“Τi—Φjκ,{ω‚Ή‚Έ,‚Θ‚µ
ή“,Τγ‚Λ‚η‚Ά,‘ƒ›,M\’Λ,131164,“‹“s,–L“‡‹ζ,Ό‘ƒ›‚Q’–Ϊ,2025/1/31,8,“ΉHγ,‚»‚Μ‘Ό,{ω‚Ή‚Έ,‚ ‚θ
ή“,Τγ‚Λ‚η‚Ά,‘ƒ›,‹ξ‰w‘O,131164,“‹“s,–L“‡‹ζ,‹ξ‚P’–Ϊ,2025/10/2,18,’“Τi—Φjκ,’“Τi—Φjκ,{ω‚Ή‚Έ,‚ ‚θ
ή“,Τγ‚Λ‚η‚Ά,’r‘ά,γ’r‘ά,131164,“‹“s,–L“‡‹ζ,γ’r‘ά‚S’–Ϊ,2025/5/5,13,’“Τi—Φjκ,’“Τi—Φjκ,{ω‚Ή‚Έ,‚Θ‚µ
ή“,Τγ‚Λ‚η‚Ά,’r‘ά,Z‚Β–”,131164,“‹“s,–L“‡‹ζ,γ’r‘ά‚Q’–Ϊ,2025/2/13,8,’“Τi—Φjκ,’“Τi—Φjκ,{ω‚Ή‚Έ,‚Θ‚µ
ή“,Τγ‚Λ‚η‚Ά,’r‘ά,Z‚Β–”,131164,“‹“s,–L“‡‹ζ,γ’r‘ά‚Q’–Ϊ,2025/3/7,12,“ΉHγ,‚»‚Μ‘Ό,{ω‚Ή‚Έ,‚ ‚θ
ή“,Τγ‚Λ‚η‚Ά,’r‘ά,μ‰z’Κ,131164,“‹“s,–L“‡‹ζ,’r‘ά‚R’–Ϊ,2025/4/5,21,‚SK‚ΔΘγ‹¤“―Z‘ξ,’“Τi—Φjκ,{ω‚Ή‚Έ,‚Θ‚µ
ή“,Τγ‚Λ‚η‚Ά,’r‘ά,μ‰z’Κ,131164,“‹“s,–L“‡‹ζ,’r‘ά‚S’–Ϊ,2025/12/2,7,‚SK‚ΔΘγ‹¤“―Z‘ξ,’“Τi—Φjκ,{ω‚Ή‚Έ,‚ ‚θ
ή“,Τγ‚Λ‚η‚Ά,’r‘ά,μ‰z’Κ,131164,“‹“s,–L“‡‹ζ,’r‘ά–{’¬‚P’–Ϊ,2025/7/1,18,‚SK‚ΔΘγ‹¤“―Z‘ξ,’“Τi—Φjκ,{ω‚Ή‚Έ,‚Θ‚µ
ή“,Τγ‚Λ‚η‚Ά,’r‘ά,μ‰z’Κ,131164,“‹“s,–L“‡‹ζ,’r‘ά–{’¬‚Q’–Ϊ,2025/2/4,21,’“Τi—Φjκ,’“Τi—Φjκ,{ω‚Ή‚Έ,‚Θ‚µ
ή“,Τγ‚Λ‚η‚Ά,’r‘ά,“’r‘ά,131164,“‹“s,–L“‡‹ζ,“’r‘ά‚S’–Ϊ,2025/7/31,19,’“Τi—Φjκ,’“Τi—Φjκ,{ω‚Ή‚Έ,‚Θ‚µ
ή“,Τγ‚Λ‚η‚Ά,’r‘ά,’r‘ά“ρ–”,131164,“‹“s,–L“‡‹ζ,’r‘ά‚R’–Ϊ,2025/1/12,22,“ΉHγ,‚»‚Μ‘Ό,{ω‚Ή‚Έ,‚Θ‚µ
ή“,Τγ‚Λ‚η‚Ά,’r‘ά,’r‘ά“ρ–”,131164,“‹“s,–L“‡‹ζ,’r‘ά‚R’–Ϊ,2025/7/14,19,‚»‚Μ‘Ό,’“Τi—Φjκ,{ω‚Ή‚Έ,‚Θ‚µ
ή“,Τγ‚Λ‚η‚Ά,’r‘ά,’r‘ά“ρ–”,131164,“‹“s,–L“‡‹ζ,Ό’r‘ά‚T’–Ϊ,2025/3/10,12,“ΉHγ,‚»‚Μ‘Ό,{ω‚Ή‚Έ,‚Θ‚µ
ή“,Τγ‚Λ‚η‚Ά,’r‘ά,’r‘ά“ρ–”,131164,“‹“s,–L“‡‹ζ,Ό’r‘ά‚T’–Ϊ,2025/4/24,17,‚»‚Μ‘Ό,‚»‚Μ‘Ό,{ω‚Ή‚Έ,‚Θ‚µ
ή“,Τγ‚Λ‚η‚Ά,’r‘ά,’r‘ά“ρ–”,131164,“‹“s,–L“‡‹ζ,Ό’r‘ά‚T’–Ϊ,2025/5/24,8,“ΉHγ,‚»‚Μ‘Ό,{ω‚Ή‚Έ,‚Θ‚µ
ή“,Τγ‚Λ‚η‚Ά,’r‘ά,’r‘ά–{’¬,131164,“‹“s,–L“‡‹ζ,’r‘ά–{’¬‚R’–Ϊ,2025/10/4,4,’“Τi—Φjκ,’“Τi—Φjκ,{ω‚Ή‚Έ,‚ ‚θ
ή“,Τγ‚Λ‚η‚Ά,’r‘ά,’r‘ά‰w“ϋ,131164,“‹“s,–L“‡‹ζ,“’r‘ά‚P’–Ϊ,2025/3/22,9,“ΉHγ,‚»‚Μ‘Ό,{ω‚Ή‚Έ,‚ ‚θ
ή“,Τγ‚Λ‚η‚Ά,’r‘ά,’r‘ά‰w“ϋ,131164,“‹“s,–L“‡‹ζ,“’r‘ά‚P’–Ϊ,2025/10/18,13,“ΉHγ,‚»‚Μ‘Ό,{ω‚Ή‚Έ,‚ ‚θ
ή“,Τγ‚Λ‚η‚Ά,’r‘ά,’r‘ά‰w“ϋ,131164,“‹“s,–L“‡‹ζ,“’r‘ά‚P’–Ϊ,2025/10/22,10,“ΉHγ,‚»‚Μ‘Ό,{ω‚Ή‚Έ,‚Θ‚µ
ή“,Τγ‚Λ‚η‚Ά,’r‘ά,’r‘ά‰w“ϋ,131164,“‹“s,–L“‡‹ζ,“μ’r‘ά‚P’–Ϊ,2025/8/19,10,“ΉHγ,‚»‚Μ‘Ό,{ω‚Ή‚Έ,‚ ‚θ
ή“,Τγ‚Λ‚η‚Ά,’r‘ά,’r‘ά‰w“ϋ,131164,“‹“s,–L“‡‹ζ,“μ’r‘ά‚P’–Ϊ,2025/10/16,11,“ΉHγ,‚»‚Μ‘Ό,{ω‚Ή‚Έ,‚ ‚θ
ή“,Τγ‚Λ‚η‚Ά,’r‘ά,’r‘ά‰wΌϋ,131164,“‹“s,–L“‡‹ζ,’r‘ά‚Q’–Ϊ,2025/5/27,4,“ΉHγ,‚»‚Μ‘Ό,{ω‚Ή‚Έ,‚ ‚θ
ή“,Τγ‚Λ‚η‚Ά,’r‘ά,’r‘ά‰wΌϋ,131164,“‹“s,–L“‡‹ζ,’r‘ά‚R’–Ϊ,2025/5/19,16,“ΉHγ,‚»‚Μ‘Ό,{ω‚Ή‚Έ,‚ ‚θ
ή“,Τγ‚Λ‚η‚Ά,’r‘ά,’r‘ά‰wΌϋ,131164,“‹“s,–L“‡‹ζ,Ό’r‘ά‚P’–Ϊ,2025/2/2,23,’“Τi—Φjκ,’“Τi—Φjκ,{ω‚Ή‚Έ,‚ ‚θ
ή“,Τγ‚Λ‚η‚Ά,’r‘ά,’r‘ά‰wΌϋ,131164,“‹“s,–L“‡‹ζ,Ό’r‘ά‚P’–Ϊ,2025/5/17,20,‚»‚Μ‘Ό,‚»‚Μ‘Ό,{ω‚Ή‚Έ,‚Θ‚µ
ή“,Τγ‚Λ‚η‚Ά,’r‘ά,’r‘ά‰wΌϋ,131164,“‹“s,–L“‡‹ζ,Ό’r‘ά‚P’–Ϊ,2025/5/29,13,“ΉHγ,‚»‚Μ‘Ό,{ω‚Ή‚Έ,‚Θ‚µ
ή“,Τγ‚Λ‚η‚Ά,’r‘ά,’r‘ά‰wΌϋ,131164,“‹“s,–L“‡‹ζ,Ό’r‘ά‚R’–Ϊ,2025/5/24,8,“ΉHγ,‚»‚Μ‘Ό,{ω‚Ή‚Έ,‚ ‚θ
ή“,Τγ‚Λ‚η‚Ά,’r‘ά,’r‘ά‰wΌϋ,131164,“‹“s,–L“‡‹ζ,Ό’r‘ά‚R’–Ϊ,2025/7/10,18,‚SK‚ΔΘγ‹¤“―Z‘ξ,‚»‚Μ‘Ό,{ω‚Ή‚Έ,‚ ‚θ
ή“,Τγ‚Λ‚η‚Ά,’r‘ά,’r‘ά‰wΌϋ,131164,“‹“s,–L“‡‹ζ,Ό’r‘ά‚R’–Ϊ,2025/8/1,11,“ΉHγ,‚»‚Μ‘Ό,{ω‚Ή‚Έ,‚Θ‚µ
ή“,Τγ‚Λ‚η‚Ά,–Ϊ”’,η“oΆ‹΄,131164,“‹“s,–L“‡‹ζ,‚“c‚P’–Ϊ,2025/5/7,23,“ΉHγ,‚»‚Μ‘Ό,{ω‚Ή‚Έ,‚Θ‚µ
ή“,Τγ‚Λ‚η‚Ά,–Ϊ”’,η“oΆ‹΄,131164,“‹“s,–L“‡‹ζ,–Ϊ”’‚Q’–Ϊ,2025/5/23,11,“ΉHγ,‚»‚Μ‘Ό,{ω‚µ‚½,‚ ‚θ
ή“,Τγ‚Λ‚η‚Ά,–Ϊ”’,“μ’r‘ά,131164,“‹“s,–L“‡‹ζ,“μ’r‘ά‚P’–Ϊ,2025/10/18,10,“ΉHγ,‚»‚Μ‘Ό,{ω‚Ή‚Έ,‚ ‚θ
ή“,Τγ‚Λ‚η‚Ά,–Ϊ”’,“μ’r‘ά,131164,“‹“s,–L“‡‹ζ,“μ’r‘ά‚R’–Ϊ,2025/3/13,16,“ΉHγ,‚»‚Μ‘Ό,{ω‚Ή‚Έ,‚Θ‚µ
ή“,Τγ‚Λ‚η‚Ά,–Ϊ”’,“μ’·θ,131164,“‹“s,–L“‡‹ζ,“μ’r‘ά‚P’–Ϊ,2025/5/15,0,’“Τi—Φjκ,’“Τi—Φjκ,{ω‚Ή‚Έ,‚Θ‚µ
ή“,Τγ‚Λ‚η‚Ά,–Ϊ”’,“μ’·θ,131164,“‹“s,–L“‡‹ζ,“μ’·θ‚Q’–Ϊ,2024/12/29,23,’“Τi—Φjκ,’“Τi—Φjκ,{ω‚Ή‚Έ,‚Θ‚µ
ή“,Τγ‚Λ‚η‚Ά,–Ϊ”’,“’·θ‰w‘O,131164,“‹“s,–L“‡‹ζ,’·θ‚S’–Ϊ,2025/9/1,9,’“Τi—Φjκ,’“Τi—Φjκ,{ω‚Ή‚Έ,‚Θ‚µ
ή“,Τγ‚Λ‚η‚Ά,–Ϊ”’,“’·θ‰w‘O,131164,“‹“s,–L“‡‹ζ,“μ’·θ‚T’–Ϊ,2025/1/11,10,“ΉHγ,‚»‚Μ‘Ό,{ω‚Ή‚Έ,‚ ‚θ
ή“,Τγ‚Λ‚η‚Ά,–Ϊ”’,“’·θ‰w‘O,131164,“‹“s,–L“‡‹ζ,“μ’·θ‚T’–Ϊ,2025/10/14,11,“ΉHγ,‚»‚Μ‘Ό,{ω‚Ή‚Έ,‚ ‚θ
ή“,Τγ‚Λ‚η‚Ά,–Ϊ”’,’Ε–Ό’¬‰w‘O,131164,“‹“s,–L“‡‹ζ,’·θ‚P’–Ϊ,2025/9/14,21,‚»‚Μ‘Ό,’“Τi—Φjκ,{ω‚Ή‚Έ,‚Θ‚µ
ή“,Τγ‚Λ‚η‚Ά,–Ϊ”’,’Ε–Ό’¬‰w‘O,131164,“‹“s,–L“‡‹ζ,’·θ‚R’–Ϊ,2025/7/4,1,‚SK‚ΔΘγ‹¤“―Z‘ξ,’“Τi—Φjκ,{ω‚Ή‚Έ,‚ ‚θ
ή“,Τγ‚Λ‚η‚Ά,–Ϊ”’,’Ε–Ό’¬‰w‘O,131164,“‹“s,–L“‡‹ζ,’·θ‚R’–Ϊ,2025/7/22,12,“ΉHγ,‚»‚Μ‘Ό,{ω‚Ή‚Έ,‚ ‚θ
ή“,Τγ‚Λ‚η‚Ά,–Ϊ”’,–Ϊ”’‰w‘O,131164,“‹“s,–L“‡‹ζ,‚“c‚R’–Ϊ,2025/9/20,20,‚»‚Μ‘Ό,’“Τi—Φjκ,{ω‚Ή‚Έ,‚Θ‚µ
ή“,Τγ‚Λ‚η‚Ά,–Ϊ”’,–Ϊ”’‰w‘O,131164,“‹“s,–L“‡‹ζ,‚“c‚R’–Ϊ,2025/11/4,19,“ΉHγ,‚»‚Μ‘Ό,{ω‚Ή‚Έ,‚Θ‚µ
ή“,Τγ‚Λ‚η‚Ά,–Ϊ”’,–Ϊ”’‰w‘O,131164,“‹“s,–L“‡‹ζ,–Ϊ”’‚P’–Ϊ,2025/11/17,12,‚»‚Μ‘Ό,‚»‚Μ‘Ό,{ω‚Ή‚Έ,‚ ‚θ
ή“,Τγ‚Λ‚η‚Ά,–Ϊ”’,–Ϊ”’‰w‘O,131164,“‹“s,–L“‡‹ζ,–Ϊ”’‚R’–Ϊ,2025/2/15,16,“ΉHγ,‚»‚Μ‘Ό,{ω‚Ή‚Έ,‚Θ‚µ
ή“,Τγ‚Λ‚η‚Ά,–Ϊ”’,–Ϊ”’‰w‘O,131164,“‹“s,–L“‡‹ζ,–Ϊ”’‚R’–Ϊ,2025/12/9,16,’“Τi—Φjκ,’“Τi—Φjκ,{ω‚Ή‚Έ,‚Θ‚µ
ή“,Τγ‚Λ‚η‚Ά,–Ϊ”’,—v’¬,131164,“‹“s,–L“‡‹ζ,—v’¬‚P’–Ϊ,2025/2/27,1,“ΉHγ,‚»‚Μ‘Ό,{ω‚Ή‚Έ,‚Θ‚µ
ή“,Τγ‚Λ‚η‚Ά,–Ϊ”’,—v’¬,131164,“‹“s,–L“‡‹ζ,—v’¬‚P’–Ϊ,2025/5/17,16,’“Τi—Φjκ,’“Τi—Φjκ,{ω‚Ή‚Έ,‚Θ‚µ
ή“,Τγ‚Λ‚η‚Ά,‘κ–μμ,”φ‹v‰w‘O,131172,“‹“s,–k‹ζ,γ’†—Ά‚R’–Ϊ,2025/10/15,17,“ΉHγ,‚»‚Μ‘Ό,{ω‚Ή‚Έ,‚ ‚θ
ή“,Τγ‚Λ‚η‚Ά,‘κ–μμ,”φ‹v‰w‘O,131172,“‹“s,–k‹ζ,Ίa’¬‚Q’–Ϊ,2025/7/15,11,’“Τi—Φjκ,’“Τi—Φjκ,{ω‚Ή‚Έ,‚Θ‚µ
ή“,Τγ‚Λ‚η‚Ά,‘κ–μμ,”φ‹v‰w‘O,131172,“‹“s,–k‹ζ,Ίa’¬‚Q’–Ϊ,2025/8/28,8,“ΉHγ,‚»‚Μ‘Ό,{ω‚Ή‚Έ,‚ ‚θ
ή“,Τγ‚Λ‚η‚Ά,‘κ–μμ,”φ‹v‰w‘O,131172,“‹“s,–k‹ζ,Ίa’¬‚Q’–Ϊ,2025/8/30,17,“ΉHγ,‚»‚Μ‘Ό,{ω‚Ή‚Έ,‚ ‚θ
ή“,Τγ‚Λ‚η‚Ά,‘κ–μμ,““c’[,131172,“‹“s,–k‹ζ,““c’[‚Q’–Ϊ,2025/11/17,15,‚»‚Μ‘Ό,‚»‚Μ‘Ό,{ω‚Ή‚Έ,‚ ‚θ
ή“,Τγ‚Λ‚η‚Ά,‘κ–μμ,”Β‹΄‰w“ϋ,131172,“‹“s,–k‹ζ,‘κ–μμ‚U’–Ϊ,2024/12/30,12,‚SK‚ΔΘγ‹¤“―Z‘ξ,‚»‚Μ‘Ό,{ω‚Ή‚Έ,‚ ‚θ
ή“,Τγ‚Λ‚η‚Ά,‘κ–μμ,”Β‹΄‰w“ϋ,131172,“‹“s,–k‹ζ,‘κ–μμ‚U’–Ϊ,2025/4/17,20,“ΉHγ,‚»‚Μ‘Ό,{ω‚Ή‚Έ,‚Θ‚µ
ή“,Τγ‚Λ‚η‚Ά,‰¤q,’†\π,131172,“‹“s,–k‹ζ,“\π‚P’–Ϊ,2025/6/21,12,“ΉHγ,‚»‚Μ‘Ό,{ω‚Ή‚Έ,‚ ‚θ
ή“,Τγ‚Λ‚η‚Ά,‰¤q,\π’‡΄,131172,“‹“s,–k‹ζ,\π’‡΄‚S’–Ϊ,2025/8/18,13,‚»‚Μ‘Ό,’“Τi—Φjκ,{ω‚Ή‚Έ,‚ ‚θ
ή“,Τγ‚Λ‚η‚Ά,‰¤q,\π’‡΄,131172,“‹“s,–k‹ζ,“\π‚U’–Ϊ,2025/3/5,9,“ΉHγ,‚»‚Μ‘Ό,{ω‚Ή‚Έ,‚ ‚θ
ή“,Τγ‚Λ‚η‚Ά,‰¤q,\π‰w‘O,131172,“‹“s,–k‹ζ,γ\π‚Q’–Ϊ,2025/5/18,0,“ΉHγ,‚»‚Μ‘Ό,{ω‚Ή‚Έ,‚Θ‚µ
ή“,Τγ‚Λ‚η‚Ά,‰¤q,“\π,131172,“‹“s,–k‹ζ,‰¤q‚U’–Ϊ,2025/9/16,19,‚»‚Μ‘Ό,’“Τi—Φjκ,{ω‚Ή‚Έ,‚Θ‚µ
ή“,Τγ‚Λ‚η‚Ά,‰¤q,“\π,131172,“‹“s,–k‹ζ,‰¤q‚U’–Ϊ,2025/10/27,14,‚»‚Μ‘Ό,’“Τi—Φjκ,{ω‚Ή‚Έ,‚Θ‚µ
ή“,Τγ‚Λ‚η‚Ά,‰¤q,“\π,131172,“‹“s,–k‹ζ,“\π‚S’–Ϊ,2025/1/28,20,“ΉHγ,‚»‚Μ‘Ό,{ω‚Ή‚Έ,‚Θ‚µ
ή“,Τγ‚Λ‚η‚Ά,‰¤q,“\π,131172,“‹“s,–k‹ζ,“\π‚S’–Ϊ,2025/6/25,5,“ΉHγ,‚»‚Μ‘Ό,{ω‚Ή‚Έ,‚ ‚θ
ή“,Τγ‚Λ‚η‚Ά,‰¤q,“\π,131172,“‹“s,–k‹ζ,“\π‚S’–Ϊ,2025/6/25,9,“ΉHγ,‚»‚Μ‘Ό,{ω‚Ή‚Έ,‚ ‚θ
ή“,Τγ‚Λ‚η‚Ά,‰¤q,“\π,131172,“‹“s,–k‹ζ,“\π‚T’–Ϊ,2025/6/24,13,“ΉHγ,‚»‚Μ‘Ό,{ω‚Ή‚Έ,‚Θ‚µ
ή“,Τγ‚Λ‚η‚Ά,‰¤q,‰¤qά’–Ϊ,131172,“‹“s,–k‹ζ,–L“‡‚S’–Ϊ,2025/6/6,20,‚SK‚ΔΘγ‹¤“―Z‘ξ,’“Τi—Φjκ,{ω‚Ή‚Έ,‚Θ‚µ
ή“,Τγ‚Λ‚η‚Ά,‰¤q,‰¤qά’–Ϊ,131172,“‹“s,–k‹ζ,–L“‡‚V’–Ϊ,2025/2/10,20,‚»‚Μ‘Ό,’“Τi—Φjκ,{ω‚Ή‚Έ,‚ ‚θ
ή“,Τγ‚Λ‚η‚Ά,‰¤q,‰¤q‰w‘O,131172,“‹“s,–k‹ζ,‰¤q‚P’–Ϊ,2025/2/19,18,“ΉHγ,‚»‚Μ‘Ό,{ω‚Ή‚Έ,‚ ‚θ
ή“,Τγ‚Λ‚η‚Ά,‰¤q,‰¤q‰w‘O,131172,“‹“s,–k‹ζ,‰¤q‚P’–Ϊ,2025/2/21,15,‚»‚Μ‘Ό,’“Τi—Φjκ,{ω‚Ή‚Έ,‚Θ‚µ
ή“,Τγ‚Λ‚η‚Ά,‰¤q,‰¤q‰w‘O,131172,“‹“s,–k‹ζ,‰¤q‚P’–Ϊ,2025/3/7,11,“ΉHγ,‚»‚Μ‘Ό,{ω‚Ή‚Έ,‚ ‚θ
ή“,Τγ‚Λ‚η‚Ά,‰¤q,‰¤q‰w‘O,131172,“‹“s,–k‹ζ,‰¤q‚P’–Ϊ,2025/5/7,18,“ΉHγ,‚»‚Μ‘Ό,{ω‚Ή‚Έ,‚Θ‚µ
ή“,Τγ‚Λ‚η‚Ά,‰¤q,‰¤q‰w‘O,131172,“‹“s,–k‹ζ,‰¤q‚P’–Ϊ,2025/9/1,9,“ΉHγ,‚»‚Μ‘Ό,{ω‚Ή‚Έ,‚ ‚θ
ή“,Τγ‚Λ‚η‚Ά,‰¤q,‰¤q‰w‘O,131172,“‹“s,–k‹ζ,‰¤q‚P’–Ϊ,2025/11/18,7,’“Τi—Φjκ,’“Τi—Φjκ,{ω‚Ή‚Έ,‚Θ‚µ
ή“,Τγ‚Λ‚η‚Ά,‰¤q,‰¤q‰w‘O,131172,“‹“s,–k‹ζ,έ’¬‚Q’–Ϊ,2025/3/27,8,“ΉHγ,‚»‚Μ‘Ό,{ω‚Ή‚Έ,‚ ‚θ
ή“,Τγ‚Λ‚η‚Ά,‰¤q,‰¤q‰w‘O,131172,“‹“s,–k‹ζ,–x‘D‚R’–Ϊ,2025/2/10,18,“ΉHγ,‚»‚Μ‘Ό,{ω‚Ή‚Έ,‚ ‚θ
ή“,Τγ‚Λ‚η‚Ά,‰¤q,‰¤q‰w‘O,131172,“‹“s,–k‹ζ,–x‘D‚R’–Ϊ,2025/10/23,10,“ΉHγ,‚»‚Μ‘Ό,{ω‚Ή‚Έ,‚Θ‚µ
ή“,Τγ‚Λ‚η‚Ά,Τ‰H,‹{–x,131172,“‹“s,–k‹ζ,_’J‚Q’–Ϊ,2025/8/31,18,“ΉHγ,‚»‚Μ‘Ό,{ω‚Ή‚Έ,‚ ‚θ
ή“,Τγ‚Λ‚η‚Ά,Τ‰H,‹{–x,131172,“‹“s,–k‹ζ,_’J‚Q’–Ϊ,2025/11/27,16,‚»‚Μ‘Ό,‚»‚Μ‘Ό,{ω‚Ή‚Έ,‚ ‚θ
ή“,Τγ‚Λ‚η‚Ά,Τ‰H,‹{–x,131172,“‹“s,–k‹ζ,_’J‚Q’–Ϊ,2025/12/23,17,’“Τi—Φjκ,’“Τi—Φjκ,{ω‚Ή‚Έ,‚Θ‚µ
ή“,Τγ‚Λ‚η‚Ά,Τ‰H,u–Ξl’–Ϊ,131172,“‹“s,–k‹ζ,u–Ξ‚P’–Ϊ,2025/2/19,12,“ΉHγ,‚»‚Μ‘Ό,{ω‚Ή‚Έ,‚ ‚θ
ή“,Τγ‚Λ‚η‚Ά,Τ‰H,u–Ξl’–Ϊ,131172,“‹“s,–k‹ζ,u–Ξ‚Q’–Ϊ,2025/2/19,16,“ΉHγ,‚»‚Μ‘Ό,{ω‚Ή‚Έ,‚ ‚θ
ή“,Τγ‚Λ‚η‚Ά,Τ‰H,–@‘P›,131172,“‹“s,–k‹ζ,Τ‰HΌ‚T’–Ϊ,2025/4/16,9,‚»‚Μ‘Ό‚ΜZ‘ξi‚RK‚ΔΘ‰Ί‹¤“―Z‘ξ“™j,‚»‚Μ‘Ό,{ω‚Ή‚Έ,‚ ‚θ
ή“,Τγ‚Λ‚η‚Ά,Τ‰H,Ό‚ª‹u,131172,“‹“s,–k‹ζ,Ό‚ª‹u‚R’–Ϊ,2025/5/15,15,‚SK‚ΔΘγ‹¤“―Z‘ξ,’“Τi—Φjκ,{ω‚µ‚½,‚Θ‚µ
ή“,Τγ‚Λ‚η‚Ά,Τ‰H,Τ‰H–k,131172,“‹“s,–k‹ζ,Τ‰H–k‚Q’–Ϊ,2025/2/24,20,’“Τi—Φjκ,’“Τi—Φjκ,{ω‚µ‚½,‚ ‚θ
ή“,Τγ‚Λ‚η‚Ά,Τ‰H,Τ‰H‰w‘O,131172,“‹“s,–k‹ζ,Τ‰H‚P’–Ϊ,2025/8/3,22,’“Τi—Φjκ,’“Τi—Φjκ,{ω‚Ή‚Έ,‚Θ‚µ
ή“,Τγ‚Λ‚η‚Ά,Τ‰H,Τ‰H‰w‘O,131172,“‹“s,–k‹ζ,Τ‰H‚Q’–Ϊ,2025/6/21,8,“ΉHγ,‚»‚Μ‘Ό,{ω‚Ή‚Έ,‚Θ‚µ
ή“,Τγ‚Λ‚η‚Ά,Τ‰H,Τ‰H‰w‘O,131172,“‹“s,–k‹ζ,Τ‰H‚Q’–Ϊ,2025/11/11,9,“ΉHγ,‚»‚Μ‘Ό,{ω‚Ή‚Έ,‚Θ‚µ
ή“,Τγ‚Λ‚η‚Ά,Τ‰H,Τ‰H‰w‘O,131172,“‹“s,–k‹ζ,Τ‰HΌ‚P’–Ϊ,2025/9/29,4,‚»‚Μ‘Ό,’“Τi—Φjκ,{ω‚Ή‚Έ,‚ ‚θ
ή“,Τγ‚Λ‚η‚Ά,Τ‰H,Τ‰H‰w‘O,131172,“‹“s,–k‹ζ,Τ‰H“μ‚Q’–Ϊ,2025/8/20,21,‚»‚Μ‘Ό,‚»‚Μ‘Ό,{ω‚Ή‚Έ,‚ ‚θ
ή“,Τγ‚Λ‚η‚Ά,Τ‰H,Τ‰H‰w‘O,131172,“‹“s,–k‹ζ,_’J‚P’–Ϊ,2025/6/26,6,“ΉHγ,‚»‚Μ‘Ό,{ω‚Ή‚Έ,‚ ‚θ
ή“,Τγ‚Λ‚η‚Ά,Τ‰H,Τ‰H‰w‘O,131172,“‹“s,–k‹ζ,u–Ξ‚P’–Ϊ,2025/1/27,13,‚»‚Μ‘Ό,’“Τi—Φjκ,{ω‚Ή‚Έ,‚Θ‚µ
ή“,Τγ‚Λ‚η‚Ά,”Β‹΄,γ”Β‹΄‰w‘O,131199,“‹“s,”Β‹΄‹ζ,γ”Β‹΄‚R’–Ϊ,2025/5/22,10,‚SK‚ΔΘγ‹¤“―Z‘ξ,‚»‚Μ‘Ό,{ω‚Ή‚Έ,‚ ‚θ
ή“,Τγ‚Λ‚η‚Ά,”Β‹΄,γ”Β‹΄‰w‘O,131199,“‹“s,”Β‹΄‹ζ,ν”Υ‘δ‚S’–Ϊ,2025/1/21,17,‚»‚Μ‘Ό,’“Τi—Φjκ,{ω‚Ή‚Έ,‚Θ‚µ
ή“,Τγ‚Λ‚η‚Ά,”Β‹΄,’†”Β‹΄,131199,“‹“s,”Β‹΄‹ζ,’‡’¬,2025/1/28,15,“ΉHγ,‚»‚Μ‘Ό,{ω‚Ή‚Έ,‚ ‚θ
ή“,Τγ‚Λ‚η‚Ά,”Β‹΄,’†”Β‹΄,131199,“‹“s,”Β‹΄‹ζ,‘o—t’¬,2025/8/7,19,“ΉHγ,‚»‚Μ‘Ό,{ω‚Ή‚Έ,‚Θ‚µ
ή“,Τγ‚Λ‚η‚Ά,”Β‹΄,‘εR’¬,131199,“‹“s,”Β‹΄‹ζ,‘εR‹ΰδ’¬,2025/7/11,7,’“Τi—Φjκ,’“Τi—Φjκ,{ω‚Ή‚Έ,‚ ‚θ
ή“,Τγ‚Λ‚η‚Ά,”Β‹΄,‘εR’¬,131199,“‹“s,”Β‹΄‹ζ,‘εR’¬,2025/1/8,13,“ΉHγ,‚»‚Μ‘Ό,{ω‚Ή‚Έ,‚ ‚θ
ή“,Τγ‚Λ‚η‚Ά,”Β‹΄,‘εR’¬,131199,“‹“s,”Β‹΄‹ζ,‘εR’¬,2025/9/21,10,“ΉHγ,‚»‚Μ‘Ό,{ω‚Ή‚Έ,‚ ‚θ
ή“,Τγ‚Λ‚η‚Ά,”Β‹΄,‘εR’¬,131199,“‹“s,”Β‹΄‹ζ,K’¬,2024/9/11,•s–Ύ,“ΉHγ,‚»‚Μ‘Ό,{ω‚Ή‚Έ,‚ ‚θ
ή“,Τγ‚Λ‚η‚Ά,”Β‹΄,‘εR’¬,131199,“‹“s,”Β‹΄‹ζ,K’¬,2025/6/1,11,“ΉHγ,‚»‚Μ‘Ό,{ω‚Ή‚Έ,‚Θ‚µ
ή“,Τγ‚Λ‚η‚Ά,”Β‹΄,‘ε’Jϋ,131199,“‹“s,”Β‹΄‹ζ,‘ε’Jϋγ’¬,2025/11/26,19,‚»‚Μ‘Ό,’“Τi—Φjκ,{ω‚Ή‚Έ,‚Θ‚µ
ή“,Τγ‚Λ‚η‚Ά,”Β‹΄,ν”Υ‘δ,131199,“‹“s,”Β‹΄‹ζ,“μν”Υ‘δ‚P’–Ϊ,2025/2/1,5,‚»‚Μ‘Ό,‚»‚Μ‘Ό,{ω‚Ή‚Έ,‚ ‚θ
ή“,Τγ‚Λ‚η‚Ά,”Β‹΄,•½”φ,131199,“‹“s,”Β‹΄‹ζ,”Β‹΄‚Q’–Ϊ,2025/5/20,17,‚»‚Μ‘Ό,’“Τi—Φjκ,{ω‚Ή‚Έ,‚ ‚θ
ή“,Τγ‚Λ‚η‚Ά,”Β‹΄,•½”φ,131199,“‹“s,”Β‹΄‹ζ,”Β‹΄‚R’–Ϊ,2025/11/24,14,“ΉHγ,‚»‚Μ‘Ό,{ω‚Ή‚Έ,‚Θ‚µ
ή“,Τγ‚Λ‚η‚Ά,”Β‹΄,”Β‹΄–{’¬,131199,“‹“s,”Β‹΄‹ζ,–{’¬,2025/8/26,18,‚»‚Μ‘Ό,’“Τi—Φjκ,{ω‚Ή‚Έ,‚ ‚θ
ή“,Τγ‚Λ‚η‚Ά,”Β‹΄,χμO’–Ϊ,131199,“‹“s,”Β‹΄‹ζ,χμ‚P’–Ϊ,2025/10/30,16,‚»‚Μ‘Ό,‚»‚Μ‘Ό,{ω‚Ή‚Έ,‚Θ‚µ
ή“,Τγ‚Λ‚η‚Ά,”Β‹΄,F–μ’¬,131199,“‹“s,”Β‹΄‹ζ,F–μ’¬,2025/3/1,7,“ΉHγ,‚»‚Μ‘Ό,{ω‚Ή‚Έ,‚ ‚θ
ή“,Τγ‚Λ‚η‚Ά,”Β‹΄,F–μ’¬,131199,“‹“s,”Β‹΄‹ζ,F–μ’¬,2025/5/13,20,‚SK‚ΔΘγ‹¤“―Z‘ξ,’“Τi—Φjκ,{ω‚Ή‚Έ,‚Θ‚µ
ή“,Τγ‚Λ‚η‚Ά,”Β‹΄,F–μ’¬,131199,“‹“s,”Β‹΄‹ζ,’†Ϋ’¬,2025/3/27,7,’“Τi—Φjκ,’“Τi—Φjκ,{ω‚Ή‚Έ,‚Θ‚µ
ή“,Τγ‚Λ‚η‚Ά,”Β‹΄,—{η‰@‘O,131199,“‹“s,”Β‹΄‹ζ,•Xμ’¬,2025/10/29,12,“ΉHγ,‚»‚Μ‘Ό,{ω‚Ή‚Έ,‚ ‚θ
ή“,Τγ‚Λ‚η‚Ά,”Β‹΄,,131172,“‹“s,–k‹ζ,‘κ–μμ‚U’–Ϊ,2025/11/30,3,‚»‚Μ‘Ό‚ΜZ‘ξi‚RK‚ΔΘ‰Ί‹¤“―Z‘ξ“™j,’“Τi—Φjκ,{ω‚Ή‚Έ,‚ ‚θ
ή“,Τγ‚Λ‚η‚Ά,u‘Ί,’†‘δ,131199,“‹“s,”Β‹΄‹ζ,’†‘δ‚P’–Ϊ,2025/4/14,11,κΛZ‘ξ,’“Τi—Φjκ,{ω‚Ή‚Έ,‚Θ‚µ
ή“,Τγ‚Λ‚η‚Ά,u‘Ί,’†‘δ,131199,“‹“s,”Β‹΄‹ζ,’†‘δ‚P’–Ϊ,2025/4/16,8,κΛZ‘ξ,’“Τi—Φjκ,{ω‚Ή‚Έ,‚Θ‚µ
ή“,Τγ‚Λ‚η‚Ά,u‘Ί,’†‘δ,131199,“‹“s,”Β‹΄‹ζ,‘O–μ’¬‚U’–Ϊ,2025/2/13,17,“ΉHγ,‚»‚Μ‘Ό,{ω‚Ή‚Έ,‚Θ‚µ
ή“,Τγ‚Λ‚η‚Ά,u‘Ί,‘O–μ’¬,131199,“‹“s,”Β‹΄‹ζ,‘O–μ’¬‚Q’–Ϊ,2025/6/27,20,‚»‚Μ‘Ό,’“Τi—Φjκ,{ω‚Ή‚Έ,‚ ‚θ
ή“,Τγ‚Λ‚η‚Ά,u‘Ί,‘O–μ’¬,131199,“‹“s,”Β‹΄‹ζ,‘O–μ’¬‚R’–Ϊ,2025/8/19,12,“ΉHγ,‚»‚Μ‘Ό,{ω‚Ή‚Έ,‚ ‚θ
ή“,Τγ‚Λ‚η‚Ά,u‘Ί,βγ,131199,“‹“s,”Β‹΄‹ζ,β‰Ί‚P’–Ϊ,2021/12/1,11,‚»‚Μ‘Ό,’“Τi—Φjκ,{ω‚Ή‚Έ,‚Θ‚µ
ή“,Τγ‚Λ‚η‚Ά,u‘Ί,βγ,131199,“‹“s,”Β‹΄‹ζ,β‰Ί‚P’–Ϊ,2025/1/13,7,‚»‚Μ‘Ό,’“Τi—Φjκ,{ω‚Ή‚Έ,‚ ‚θ
ή“,Τγ‚Λ‚η‚Ά,u‘Ί,βγ,131199,“‹“s,”Β‹΄‹ζ,u‘Ί‚R’–Ϊ,2025/12/21,9,κΛZ‘ξ,’“Τi—Φjκ,{ω‚Ή‚Έ,‚ ‚θ
ή“,Τγ‚Λ‚η‚Ά,u‘Ί,β‰Ί,131199,“‹“s,”Β‹΄‹ζ,β‰Ί‚Q’–Ϊ,2025/10/22,11,‚»‚Μ‘Ό,‚»‚Μ‘Ό,{ω‚Ή‚Έ,‚ ‚θ
ή“,Τγ‚Λ‚η‚Ά,u‘Ί,β‰Ί,131199,“‹“s,”Β‹΄‹ζ,β‰Ί‚R’–Ϊ,2025/3/12,11,‚»‚Μ‘Ό,’“Τi—Φjκ,{ω‚Ή‚Έ,‚Θ‚µ
ή“,Τγ‚Λ‚η‚Ά,u‘Ί,β‰Ί,131199,“‹“s,”Β‹΄‹ζ,β‰Ί‚R’–Ϊ,2025/8/18,13,“ΉHγ,‚»‚Μ‘Ό,{ω‚Ή‚Έ,‚ ‚θ
ή“,Τγ‚Λ‚η‚Ά,u‘Ί,β‰Ί,131199,“‹“s,”Β‹΄‹ζ,M“n‚P’–Ϊ,2025/4/4,18,‚»‚Μ‘Ό,’“Τi—Φjκ,{ω‚Ή‚Έ,‚ ‚θ
ή“,Τγ‚Λ‚η‚Ά,u‘Ί,β‰Ί,131199,“‹“s,”Β‹΄‹ζ,M“n‚P’–Ϊ,2025/9/2,18,‚»‚Μ‘Ό,’“Τi—Φjκ,{ω‚Ή‚Έ,‚Θ‚µ
ή“,Τγ‚Λ‚η‚Ά,u‘Ί,β‰Ί,131199,“‹“s,”Β‹΄‹ζ,M“n‚Q’–Ϊ,2025/5/31,21,‚»‚Μ‘Ό,’“Τi—Φjκ,{ω‚µ‚½,‚ ‚θ
ή“,Τγ‚Λ‚η‚Ά,u‘Ί,¬“¤‘ς,131199,“‹“s,”Β‹΄‹ζ,¬“¤‘ς‚P’–Ϊ,2025/1/15,13,“ΉHγ,‚»‚Μ‘Ό,{ω‚Ή‚Έ,‚ ‚θ
ή“,Τγ‚Λ‚η‚Ά,u‘Ί,¬“¤‘ς,131199,“‹“s,”Β‹΄‹ζ,¬“¤‘ς‚R’–Ϊ,2025/3/7,19,‚»‚Μ‘Ό,‚»‚Μ‘Ό,{ω‚Ή‚Έ,‚ ‚θ
ή“,Τγ‚Λ‚η‚Ά,u‘Ί,¬“¤‘ς,131199,“‹“s,”Β‹΄‹ζ,¬“¤‘ς‚S’–Ϊ,2025/7/27,9,‚»‚Μ‘Ό,’“Τi—Φjκ,{ω‚Ή‚Έ,‚ ‚θ
ή“,Τγ‚Λ‚η‚Ά,u‘Ί,΄…’¬,131199,“‹“s,”Β‹΄‹ζ,΄…’¬,2025/9/3,22,“ΉHγ,‚»‚Μ‘Ό,{ω‚Ή‚Έ,‚ ‚θ
ή“,Τγ‚Λ‚η‚Ά,u‘Ί,΄…’¬,131199,“‹“s,”Β‹΄‹ζ,‹{–{’¬,2025/11/19,9,“ΉHγ,‚»‚Μ‘Ό,{ω‚Ή‚Έ,‚Θ‚µ
ή“,Τγ‚Λ‚η‚Ά,u‘Ί,@ª,131199,“‹“s,”Β‹΄‹ζ,@ª‚R’–Ϊ,2025/10/5,10,‚»‚Μ‘Ό,’“Τi—Φjκ,{ω‚Ή‚Έ,‚Θ‚µ
ή“,Τγ‚Λ‚η‚Ά,—ϋ”n,’†‘Ί‹΄,131202,“‹“s,—ϋ”n‹ζ,’†‘Ί–k‚S’–Ϊ,2025/8/6,18,‚»‚Μ‘Ό,’“Τi—Φjκ,{ω‚Ή‚Έ,‚ ‚θ
ή“,Τγ‚Λ‚η‚Ά,—ϋ”n,’†‘Ί‹΄,131202,“‹“s,—ϋ”n‹ζ,’†‘Ί“μ‚Q’–Ϊ,2025/2/25,11,“ΉHγ,‚»‚Μ‘Ό,{ω‚Ή‚Έ,‚ ‚θ
ή“,Τγ‚Λ‚η‚Ά,—ϋ”n,•xm©‘δ‰w‘O,131202,“‹“s,—ϋ”n‹ζ,Ρδ‚P’–Ϊ,2025/11/11,9,“ΉHγ,‚»‚Μ‘Ό,{ω‚Ή‚Έ,‚Θ‚µ
ή“,Τγ‚Λ‚η‚Ά,—ϋ”n,•xm©‘δ‰w‘O,131202,“‹“s,—ϋ”n‹ζ,Ρδ‚R’–Ϊ,2025/4/15,12,“ΉHγ,‚»‚Μ‘Ό,{ω‚Ή‚Έ,‚ ‚θ
ή“,Τγ‚Λ‚η‚Ά,—ϋ”n,•xm©‘δ‰w‘O,131202,“‹“s,—ϋ”n‹ζ,Ρδ‚S’–Ϊ,2025/4/6,13,‚SK‚ΔΘγ‹¤“―Z‘ξ,’“Τi—Φjκ,{ω‚Ή‚Έ,‚ ‚θ
ή“,Τγ‚Λ‚η‚Ά,—ϋ”n,•xm©‘δ‰w‘O,131202,“‹“s,—ϋ”n‹ζ,Ρδ‚S’–Ϊ,2025/7/29,15,‚»‚Μ‘Ό,‚»‚Μ‘Ό,{ω‚Ή‚Έ,‚ ‚θ
ή“,Τγ‚Λ‚η‚Ά,—ϋ”n,¬’|’¬,131202,“‹“s,—ϋ”n‹ζ,¬’|’¬‚P’–Ϊ,2025/12/9,14,‚»‚Μ‘Ό,‚»‚Μ‘Ό,{ω‚µ‚½,‚ ‚θ
ή“,Τγ‚Λ‚η‚Ά,—ϋ”n,¬’|’¬,131202,“‹“s,—ϋ”n‹ζ,¬’|’¬‚P’–Ϊ,2025/12/11,8,“ΉHγ,‚»‚Μ‘Ό,{ω‚Ή‚Έ,‚Θ‚µ
ή“,Τγ‚Λ‚η‚Ά,—ϋ”n,‘‹{,131202,“‹“s,—ϋ”n‹ζ,‘‹{‚R’–Ϊ,2025/2/21,9,“ΉHγ,‚»‚Μ‘Ό,{ω‚Ή‚Έ,‚ ‚θ
ή“,Τγ‚Λ‚η‚Ά,—ϋ”n,‘‹{,131202,“‹“s,—ϋ”n‹ζ,•½a‘δ‚S’–Ϊ,2025/12/23,13,‚»‚Μ‘Ό‚ΜZ‘ξi‚RK‚ΔΘ‰Ί‹¤“―Z‘ξ“™j,‚»‚Μ‘Ό,{ω‚Ή‚Έ,‚Θ‚µ
ή“,Τγ‚Λ‚η‚Ά,—ϋ”n,t“ϊ’¬,131202,“‹“s,—ϋ”n‹ζ,t“ϊ’¬‚P’–Ϊ,2025/6/9,16,‚»‚Μ‘Ό,‚»‚Μ‘Ό,{ω‚Ή‚Έ,‚ ‚θ
ή“,Τγ‚Λ‚η‚Ά,—ϋ”n,t“ϊ’¬,131202,“‹“s,—ϋ”n‹ζ,t“ϊ’¬‚P’–Ϊ,2025/6/18,14,‚»‚Μ‘Ό,‚»‚Μ‘Ό,{ω‚Ή‚Έ,‚ ‚θ
ή“,Τγ‚Λ‚η‚Ά,—ϋ”n,t“ϊ’¬,131202,“‹“s,—ϋ”n‹ζ,t“ϊ’¬‚T’–Ϊ,2025/12/7,8,“ΉHγ,‚»‚Μ‘Ό,{ω‚Ή‚Έ,‚Θ‚µ
ή“,Τγ‚Λ‚η‚Ά,—ϋ”n,χ‘δ,131202,“‹“s,—ϋ”n‹ζ,χ‘δ‚P’–Ϊ,2025/6/27,16,“ΉHγ,‚»‚Μ‘Ό,{ω‚Ή‚Έ,‚Θ‚µ
ή“,Τγ‚Λ‚η‚Ά,—ϋ”n,•Xμ‘δ,131202,“‹“s,—ϋ”n‹ζ,•Xμ‘δ‚P’–Ϊ,2025/7/13,16,‚»‚Μ‘Ό,‚»‚Μ‘Ό,{ω‚Ή‚Έ,‚Θ‚µ
ή“,Τγ‚Λ‚η‚Ά,—ϋ”n,•Xμ_Π‘O,131202,“‹“s,—ϋ”n‹ζ,’†‘Ί‚P’–Ϊ,2025/7/29,14,‚»‚Μ‘Ό,‚»‚Μ‘Ό,{ω‚Ή‚Έ,‚ ‚θ
ή“,Τγ‚Λ‚η‚Ά,—ϋ”n,•Xμ_Π‘O,131202,“‹“s,—ϋ”n‹ζ,’†‘Ί“μ‚P’–Ϊ,2025/5/19,8,‚»‚Μ‘Ό‚ΜZ‘ξi‚RK‚ΔΘ‰Ί‹¤“―Z‘ξ“™j,’“Τi—Φjκ,{ω‚Ή‚Έ,‚ ‚θ
ή“,Τγ‚Λ‚η‚Ά,—ϋ”n,—ϋ”n‰w‘O,131202,“‹“s,—ϋ”n‹ζ,—ϋ”n‚P’–Ϊ,2025/8/17,5,’“Τi—Φjκ,’“Τi—Φjκ,{ω‚Ή‚Έ,‚ ‚θ
ή“,Τγ‚Λ‚η‚Ά,—ϋ”n,—ϋ”n‰w‘O,131202,“‹“s,—ϋ”n‹ζ,—ϋ”n‚P’–Ϊ,2025/9/5,18,“ΉHγ,‚»‚Μ‘Ό,{ω‚Ή‚Έ,‚Θ‚µ
ή“,Τγ‚Λ‚η‚Ά,—ϋ”n,–L“‡‰€‘O,131202,“‹“s,—ϋ”n‹ζ,όR‚R’–Ϊ,2025/2/21,17,‚»‚Μ‘Ό,’“Τi—Φjκ,{ω‚Ή‚Έ,‚ ‚θ
ή“,Τγ‚Λ‚η‚Ά,—ϋ”n,–L‹Κ,131202,“‹“s,—ϋ”n‹ζ,–L‹Κγ‚Q’–Ϊ,2025/6/4,16,‚»‚Μ‘Ό,‚»‚Μ‘Ό,{ω‚Ή‚Έ,‚ ‚θ
ή“,Τγ‚Λ‚η‚Ά,—ϋ”n,Ρδ,131202,“‹“s,—ϋ”n‹ζ,όR‚S’–Ϊ,2025/6/7,18,“ΉHγ,‚»‚Μ‘Ό,{ω‚Ή‚Έ,‚ ‚θ
ή“,Τγ‚Λ‚η‚Ά,Ξ_δ,γΞ_δ‰w‘O,131202,“‹“s,—ϋ”n‹ζ,γΞ_δ‚Q’–Ϊ,2025/6/5,8,‚»‚Μ‘Ό,’“Τi—Φjκ,{ω‚Ή‚Έ,‚Θ‚µ
ή“,Τγ‚Λ‚η‚Ά,Ξ_δ,γΞ_δ‰w‘O,131202,“‹“s,—ϋ”n‹ζ,γΞ_δ‚Q’–Ϊ,2025/10/12,9,“ΉHγ,‚»‚Μ‘Ό,{ω‚Ή‚Έ,‚Θ‚µ
ή“,Τγ‚Λ‚η‚Ά,Ξ_δ,–k‘ες,131202,“‹“s,—ϋ”n‹ζ,‘ες’¬‚S’–Ϊ,2025/5/4,16,‚»‚Μ‘Ό,‚»‚Μ‘Ό,{ω‚Ή‚Έ,‚ ‚θ
ή“,Τγ‚Λ‚η‚Ά,Ξ_δ,–k‘ες,131202,“‹“s,—ϋ”n‹ζ,‘ες’¬‚S’–Ϊ,2025/5/4,16,‚»‚Μ‘Ό,’“Τi—Φjκ,{ω‚Ή‚Έ,‚Θ‚µ
ή“,Τγ‚Λ‚η‚Ά,Ξ_δ,“μ‘ες,131202,“‹“s,—ϋ”n‹ζ,“‘ες‚V’–Ϊ,2025/4/29,15,’“Τi—Φjκ,’“Τi—Φjκ,{ω‚Ή‚Έ,‚ ‚θ
ή“,Τγ‚Λ‚η‚Ά,Ξ_δ,“μ‘ες,131202,“‹“s,—ϋ”n‹ζ,“‘ες‚V’–Ϊ,2025/11/10,15,‚»‚Μ‘Ό,’“Τi—Φjκ,{ω‚Ή‚Έ,‚ ‚θ
ή“,Τγ‚Λ‚η‚Ά,Ξ_δ,“μ‘ες,131202,“‹“s,—ϋ”n‹ζ,“‘ες‚V’–Ϊ,2025/12/1,16,‚»‚Μ‘Ό,’“Τi—Φjκ,{ω‚Ή‚Έ,‚ ‚θ
ή“,Τγ‚Λ‚η‚Ά,Ξ_δ,‘εςw‰€,131202,“‹“s,—ϋ”n‹ζ,‘εςw‰€’¬‚U’–Ϊ,2025/2/8,16,‚»‚Μ‘Ό,’“Τi—Φjκ,{ω‚Ή‚Έ,‚Θ‚µ
ή“,Τγ‚Λ‚η‚Ά,Ξ_δ,‘εςw‰€,131202,“‹“s,—ϋ”n‹ζ,‘εςw‰€’¬‚X’–Ϊ,2025/1/25,11,‚»‚Μ‘Ό,’“Τi—Φjκ,{ω‚Ή‚Έ,‚Θ‚µ
ή“,Τγ‚Λ‚η‚Ά,Ξ_δ,‘εςw‰€‰w‘O,131202,“‹“s,—ϋ”n‹ζ,“‘ες‚P’–Ϊ,2025/5/18,2,‚»‚Μ‘Ό,’“Τi—Φjκ,{ω‚Ή‚Έ,‚Θ‚µ
ή“,Τγ‚Λ‚η‚Ά,Ξ_δ,‘εςw‰€‰w‘O,131202,“‹“s,—ϋ”n‹ζ,“‘ες‚P’–Ϊ,2025/8/23,11,‚»‚Μ‘Ό,’“Τi—Φjκ,{ω‚Ή‚Έ,‚Θ‚µ
ή“,Τγ‚Λ‚η‚Ά,Ξ_δ,‘εςw‰€‰w‘O,131202,“‹“s,—ϋ”n‹ζ,“‘ες‚P’–Ϊ,2025/12/5,22,‚SK‚ΔΘγ‹¤“―Z‘ξ,‚»‚Μ‘Ό,{ω‚Ή‚Έ,‚ ‚θ
ή“,Τγ‚Λ‚η‚Ά,Ξ_δ,•xmX“Ή,131202,“‹“s,—ϋ”n‹ζ,Ξ_δ‘δ‚Q’–Ϊ,2025/2/28,15,‚»‚Μ‘Ό,’“Τi—Φjκ,{ω‚Ή‚Έ,‚ ‚θ
ή“,Τγ‚Λ‚η‚Ά,Ξ_δ,“‘ες,131202,“‹“s,—ϋ”n‹ζ,“‘ες‚Q’–Ϊ,2025/9/26,14,‚»‚Μ‘Ό,’“Τi—Φjκ,{ω‚Ή‚Έ,‚Θ‚µ
ή“,Τγ‚Λ‚η‚Ά,Ξ_δ,•‘ Φ‰w‘O,131202,“‹“s,—ϋ”n‹ζ,Φ’¬–k‚T’–Ϊ,2025/6/6,20,‚SK‚ΔΘγ‹¤“―Z‘ξ,’“Τi—Φjκ,{ω‚Ή‚Έ,‚Θ‚µ
ή“,Τγ‚Λ‚η‚Ά,Ξ_δ,•‘ Φ‰w‘O,131202,“‹“s,—ϋ”n‹ζ,Φ’¬–k‚T’–Ϊ,2025/12/6,17,‚SK‚ΔΘγ‹¤“―Z‘ξ,’“Τi—Φjκ,{ω‚Ή‚Έ,‚Θ‚µ
ή“,Τγ‚Λ‚η‚Ά,Ξ_δ,Ξ_δφ‰€‰w‘O,131202,“‹“s,—ϋ”n‹ζ,Ξ_δ’¬‚P’–Ϊ,2025/8/14,5,’“Τi—Φjκ,’“Τi—Φjκ,{ω‚Ή‚Έ,‚Θ‚µ
ή“,Τγ‚Λ‚η‚Ά,Ξ_δ,Ξ_δφ‰€‰w‘O,131202,“‹“s,—ϋ”n‹ζ,Ξ_δ’¬‚Q’–Ϊ,2025/1/6,2,“ΉHγ,‚»‚Μ‘Ό,{ω‚Ή‚Έ,‚ ‚θ
ή“,Τγ‚Λ‚η‚Ά,Ξ_δ,Ξ_δφ‰€‰w‘O,131202,“‹“s,—ϋ”n‹ζ,Ξ_δ’¬‚S’–Ϊ,2025/1/7,18,‚»‚Μ‘Ό,’“Τi—Φjκ,{ω‚Ή‚Έ,‚Θ‚µ
ή“,Τγ‚Λ‚η‚Ά,Ξ_δ,Ξ_δφ‰€‰w‘O,131202,“‹“s,—ϋ”n‹ζ,Ξ_δ’¬‚U’–Ϊ,2025/11/25,18,‚»‚Μ‘Ό,’“Τi—Φjκ,{ω‚Ή‚Έ,‚Θ‚µ
ή“,Τγ‚Λ‚η‚Ά,Ξ_δ,Ξ_δφ‰€‰w‘O,131202,“‹“s,—ϋ”n‹ζ,Ξ_δ’¬‚W’–Ϊ,2025/8/11,17,‚»‚Μ‘Ό‚ΜZ‘ξi‚RK‚ΔΘ‰Ί‹¤“―Z‘ξ“™j,‚»‚Μ‘Ό,{ω‚Ή‚Έ,‚Θ‚µ
ή“,Τγ‚Λ‚η‚Ά,Ξ_δ,Ξ_δ“μ,131202,“‹“s,—ϋ”n‹ζ,‰ΊΞ_δ‚S’–Ϊ,2025/11/21,17,‚»‚Μ‘Ό,’“Τi—Φjκ,{ω‚Ή‚Έ,‚Θ‚µ
ή“,Τγ‚Λ‚η‚Ά,Ξ_δ,Ό‘ες,131202,“‹“s,—ϋ”n‹ζ,Ό‘ες‚R’–Ϊ,2025/12/23,17,‚»‚Μ‘Ό,‚»‚Μ‘Ό,{ω‚Ή‚Έ,‚ ‚θ
ή“,Τγ‚Λ‚η‚Ά,Ξ_δ,Φ’¬,131202,“‹“s,—ϋ”n‹ζ,—§–μ’¬,2025/6/12,19,‚»‚Μ‘Ό,’“Τi—Φjκ,{ω‚Ή‚Έ,‚Θ‚µ
ή“,Τγ‚Λ‚η‚Ά,Ξ_δ,Φ’¬,131202,“‹“s,—ϋ”n‹ζ,—§–μ’¬,2025/6/21,14,‚»‚Μ‘Ό,’“Τi—Φjκ,{ω‚Ή‚Έ,‚ ‚θ
ή“,Τγ‚Λ‚η‚Ά,Ξ_δ,Φ’¬,131202,“‹“s,—ϋ”n‹ζ,Φ’¬“μ‚R’–Ϊ,2025/10/25,12,‚»‚Μ‘Ό‚ΜZ‘ξi‚RK‚ΔΘ‰Ί‹¤“―Z‘ξ“™j,’“Τi—Φjκ,{ω‚Ή‚Έ,‚ ‚θ
ή“,Τγ‚Λ‚η‚Ά,‚“‡•½,γΤ’Λ,131199,“‹“s,”Β‹΄‹ζ,Τ’Λ‚R’–Ϊ,2025/6/4,15,‚»‚Μ‘Ό,‚»‚Μ‘Ό,{ω‚Ή‚Έ,‚ ‚θ
ή“,Τγ‚Λ‚η‚Ά,‚“‡•½,γΤ’Λ,131199,“‹“s,”Β‹΄‹ζ,Τ’Λ‚R’–Ϊ,2025/10/19,16,‚»‚Μ‘Ό,‚»‚Μ‘Ό,{ω‚Ή‚Έ,‚ ‚θ
ή“,Τγ‚Λ‚η‚Ά,‚“‡•½,‰ΊΤ’Λ,131199,“‹“s,”Β‹΄‹ζ,Τ’Λ‚P’–Ϊ,2025/6/21,4,’“Τi—Φjκ,’“Τi—Φjκ,{ω‚µ‚½,‚Θ‚µ
ή“,Τγ‚Λ‚η‚Ά,‚“‡•½,‰ΊΤ’Λ,131199,“‹“s,”Β‹΄‹ζ,Τ’Λ‚U’–Ϊ,2025/3/7,16,“ΉHγ,‚»‚Μ‘Ό,{ω‚Ή‚Έ,‚Θ‚µ
ή“,Τγ‚Λ‚η‚Ά,‚“‡•½,–k–μ,131199,“‹“s,”Β‹΄‹ζ,“ΏΫ‚P’–Ϊ,2025/2/22,19,‚»‚Μ‘Ό,’“Τi—Φjκ,{ω‚Ή‚Έ,‚Θ‚µ
ή“,Τγ‚Λ‚η‚Ά,‚“‡•½,–k–μ,131199,“‹“s,”Β‹΄‹ζ,“ΏΫ‚P’–Ϊ,2025/4/19,14,‚»‚Μ‘Ό,‚»‚Μ‘Ό,{ω‚Ή‚Έ,‚Θ‚µ
ή“,Τγ‚Λ‚η‚Ά,‚“‡•½,–k–μ,131199,“‹“s,”Β‹΄‹ζ,“ΏΫ‚R’–Ϊ,2025/3/18,20,“ΉHγ,‚»‚Μ‘Ό,{ω‚Ή‚Έ,‚Θ‚µ
ή“,Τγ‚Λ‚η‚Ά,‚“‡•½,–k–μ,131199,“‹“s,”Β‹΄‹ζ,“ΏΫ‚R’–Ϊ,2025/9/20,5,“ΉHγ,‚»‚Μ‘Ό,{ω‚Ή‚Έ,‚ ‚θ
ή“,Τγ‚Λ‚η‚Ά,‚“‡•½,–k–μ,131199,“‹“s,”Β‹΄‹ζ,“ΏΫ‚R’–Ϊ,2025/11/29,20,“ΉHγ,‚»‚Μ‘Ό,{ω‚µ‚½,‚Θ‚µ
ή“,Τγ‚Λ‚η‚Ά,‚“‡•½,–k–μ,131199,“‹“s,”Β‹΄‹ζ,“ΏΫ‚U’–Ϊ,2025/5/27,15,“ΉHγ,‚»‚Μ‘Ό,{ω‚Ή‚Έ,‚ ‚θ
ή“,Τγ‚Λ‚η‚Ά,‚“‡•½,¬‘‰w‘O,131199,“‹“s,”Β‹΄‹ζ,¬‘‚Q’–Ϊ,2025/9/1,2,’“Τi—Φjκ,’“Τi—Φjκ,{ω‚Ή‚Έ,‚ ‚θ
ή“,Τγ‚Λ‚η‚Ά,‚“‡•½,¬‘‰w‘O,131199,“‹“s,”Β‹΄‹ζ,¬‘‚Q’–Ϊ,2025/12/22,18,’“Τi—Φjκ,’“Τi—Φjκ,{ω‚Ή‚Έ,‚Θ‚µ
ή“,Τγ‚Λ‚η‚Ά,‚“‡•½,¬‘‰w‘O,131199,“‹“s,”Β‹΄‹ζ,¬‘‚R’–Ϊ,2025/7/31,8,’“Τi—Φjκ,’“Τi—Φjκ,{ω‚Ή‚Έ,‚Θ‚µ
ή“,Τγ‚Λ‚η‚Ά,‚“‡•½,Ό‰@‘O,131199,“‹“s,”Β‹΄‹ζ,‘ε–ε,2025/10/21,21,‚»‚Μ‘Ό,‚»‚Μ‘Ό,{ω‚Ή‚Έ,‚Θ‚µ
ή“,Τγ‚Λ‚η‚Ά,‚“‡•½,ω–Ϊ‹΄,131199,“‹“s,”Β‹΄‹ζ,O‰€‚P’–Ϊ,2024/12/26,16,‚»‚Μ‘Ό,’“Τi—Φjκ,{ω‚Ή‚Έ,‚ ‚θ
ή“,Τγ‚Λ‚η‚Ά,‚“‡•½,Ό‘δ‰w‘O,131199,“‹“s,”Β‹΄‹ζ,‚“‡•½‚P’–Ϊ,2025/2/17,12,‚SK‚ΔΘγ‹¤“―Z‘ξ,’“Τi—Φjκ,{ω‚Ή‚Έ,‚ ‚θ
ή“,Τγ‚Λ‚η‚Ά,‚“‡•½,Ό‘δ‰w‘O,131199,“‹“s,”Β‹΄‹ζ,‚“‡•½‚P’–Ϊ,2025/5/31,20,‚»‚Μ‘Ό,’“Τi—Φjκ,{ω‚µ‚½,‚ ‚θ
ή“,Τγ‚Λ‚η‚Ά,‚“‡•½,Ό‘δ‰w‘O,131199,“‹“s,”Β‹΄‹ζ,‚“‡•½‚P’–Ϊ,2025/8/3,6,“ΉHγ,‚»‚Μ‘Ό,{ω‚Ή‚Έ,‚ ‚θ
ή“,Τγ‚Λ‚η‚Ά,‚“‡•½,Τ’Λ,131199,“‹“s,”Β‹΄‹ζ,Τ’ΛV’¬‚R’–Ϊ,2025/1/29,16,“ΉHγ,‚»‚Μ‘Ό,{ω‚Ή‚Έ,‚Θ‚µ
ή“,Τγ‚Λ‚η‚Ά,‚“‡•½,‚“‡•½‰w‘O,131199,“‹“s,”Β‹΄‹ζ,‚“‡•½‚P’–Ϊ,2025/3/30,13,‚SK‚ΔΘγ‹¤“―Z‘ξ,’“Τi—Φjκ,{ω‚Ή‚Έ,‚ ‚θ
ή“,Τγ‚Λ‚η‚Ά,‚“‡•½,‚“‡•½‰w‘O,131199,“‹“s,”Β‹΄‹ζ,‚“‡•½‚P’–Ϊ,2025/8/19,9,“ΉHγ,‚»‚Μ‘Ό,{ω‚Ή‚Έ,‚Θ‚µ
ή“,Τγ‚Λ‚η‚Ά,‚“‡•½,‚“‡•½‰w‘O,131199,“‹“s,”Β‹΄‹ζ,‚“‡•½‚R’–Ϊ,2025/2/6,20,‚SK‚ΔΘγ‹¤“―Z‘ξ,’“Τi—Φjκ,{ω‚Ή‚Έ,‚Θ‚µ
ή“,Τγ‚Λ‚η‚Ά,‚“‡•½,‚“‡•½‰w‘O,131199,“‹“s,”Β‹΄‹ζ,‚“‡•½‚V’–Ϊ,2025/7/24,18,‚»‚Μ‘Ό‚ΜZ‘ξi‚RK‚ΔΘ‰Ί‹¤“―Z‘ξ“™j,’“Τi—Φjκ,{ω‚Ή‚Έ,‚ ‚θ
ή“,Τγ‚Λ‚η‚Ά,‚“‡•½,,131199,“‹“s,”Β‹΄‹ζ,K’¬,2025/6/12,10,’“Τi—Φjκ,’“Τi—Φjκ,{ω‚µ‚½,‚ ‚θ
ή“,Τγ‚Λ‚η‚Ά,υ‚ª‹u,υ‚ª‹uO’–Ϊ,131202,“‹“s,—ϋ”n‹ζ,υ‚ª‹u‚R’–Ϊ,2025/3/31,10,“ΉHγ,‚»‚Μ‘Ό,{ω‚Ή‚Έ,‚ ‚θ
ή“,Τγ‚Λ‚η‚Ά,υ‚ª‹u,υ‚ª‹uO’–Ϊ,131202,“‹“s,—ϋ”n‹ζ,υ‚ª‹u‚R’–Ϊ,2025/8/16,13,‚»‚Μ‘Ό,’“Τi—Φjκ,{ω‚Ή‚Έ,‚Θ‚µ
ή“,Τγ‚Λ‚η‚Ά,υ‚ª‹u,υ‚ª‹uO’–Ϊ,131202,“‹“s,—ϋ”n‹ζ,υ‚ª‹u‚S’–Ϊ,2025/9/8,10,‚»‚Μ‘Ό,‚»‚Μ‘Ό,{ω‚Ή‚Έ,‚Θ‚µ
ή“,Τγ‚Λ‚η‚Ά,υ‚ª‹u,υ‚ª‹uO’–Ϊ,131202,“‹“s,—ϋ”n‹ζ,υ‚ª‹u‚T’–Ϊ,2025/2/15,11,‚»‚Μ‘Ό,’“Τi—Φjκ,{ω‚Ή‚Έ,‚Θ‚µ
ή“,Τγ‚Λ‚η‚Ά,υ‚ª‹u,υ‚ª‹uO’–Ϊ,131202,“‹“s,—ϋ”n‹ζ,υ‚ª‹u‚T’–Ϊ,2025/7/13,10,‚»‚Μ‘Ό,’“Τi—Φjκ,{ω‚µ‚½,‚Θ‚µ
ή“,Τγ‚Λ‚η‚Ά,υ‚ª‹u,υ‚ª‹uO’–Ϊ,131202,“‹“s,—ϋ”n‹ζ,υ‚ª‹u‚T’–Ϊ,2025/12/24,14,“ΉHγ,‚»‚Μ‘Ό,{ω‚Ή‚Έ,‚ ‚θ
ή“,Τγ‚Λ‚η‚Ά,υ‚ª‹u,–k’¬,131202,“‹“s,—ϋ”n‹ζ,–k’¬‚P’–Ϊ,2025/9/3,11,‚SK‚ΔΘγ‹¤“―Z‘ξ,‚»‚Μ‘Ό,{ω‚Ή‚Έ,‚Θ‚µ
ή“,Τγ‚Λ‚η‚Ά,υ‚ª‹u,–k’¬,131202,“‹“s,—ϋ”n‹ζ,–k’¬‚Q’–Ϊ,2025/9/1,15,’“Τi—Φjκ,’“Τi—Φjκ,{ω‚Ή‚Έ,‚Θ‚µ
ή“,Τγ‚Λ‚η‚Ά,υ‚ª‹u,–k’¬,131202,“‹“s,—ϋ”n‹ζ,–k’¬‚Q’–Ϊ,2025/9/25,20,’“Τi—Φjκ,’“Τi—Φjκ,{ω‚Ή‚Έ,‚Θ‚µ
ή“,Τγ‚Λ‚η‚Ά,υ‚ª‹u,–k’¬,131202,“‹“s,—ϋ”n‹ζ,–k’¬‚U’–Ϊ,2025/9/22,16,‚»‚Μ‘Ό,’“Τi—Φjκ,{ω‚Ή‚Έ,‚Θ‚µ
ή“,Τγ‚Λ‚η‚Ά,υ‚ª‹u,“yx“c,131202,“‹“s,—ϋ”n‹ζ,®’¬‚P’–Ϊ,2025/2/24,23,‚SK‚ΔΘγ‹¤“―Z‘ξ,’“Τi—Φjκ,{ω‚Ή‚Έ,‚Θ‚µ
ή“,Τγ‚Λ‚η‚Ά,υ‚ª‹u,“c•Ώ,131202,“‹“s,—ϋ”n‹ζ,–k’¬‚V’–Ϊ,2025/2/6,17,“ΉHγ,‚»‚Μ‘Ό,{ω‚Ή‚Έ,‚Θ‚µ
ή“,Τγ‚Λ‚η‚Ά,υ‚ª‹u,“c•Ώ,131202,“‹“s,—ϋ”n‹ζ,υ‚ª‹u‚S’–Ϊ,2025/4/10,17,‚»‚Μ‘Ό,‚»‚Μ‘Ό,{ω‚Ή‚Έ,‚ ‚θ
ή“,Τγ‚Λ‚η‚Ά,υ‚ª‹u,“c•Ώ,131202,“‹“s,—ϋ”n‹ζ,υ‚ª‹u‚S’–Ϊ,2025/10/18,12,‚»‚Μ‘Ό,‚»‚Μ‘Ό,{ω‚µ‚½,‚ ‚θ
ή“,Τγ‚Λ‚η‚Ά,υ‚ª‹u,“c•Ώ,131202,“‹“s,—ϋ”n‹ζ,υ‚ª‹u‚S’–Ϊ,2025/10/21,16,‚»‚Μ‘Ό,‚»‚Μ‘Ό,{ω‚µ‚½,‚Θ‚µ
ή“,Τγ‚Λ‚η‚Ά,υ‚ª‹u,—ϋ”n‚–μ‘δ‰w‘O,131202,“‹“s,—ϋ”n‹ζ,‚–μ‘δ‚P’–Ϊ,2025/3/30,12,’“Τi—Φjκ,’“Τi—Φjκ,{ω‚Ή‚Έ,‚ ‚θ
ή“,Τγ‚Λ‚η‚Ά,υ‚ª‹u,’J΄,131202,“‹“s,—ϋ”n‹ζ,‚Ό‚R’–Ϊ,2025/6/1,9,‚»‚Μ‘Ό,’“Τi—Φjκ,{ω‚Ή‚Έ,‚Θ‚µ
ή“,Τγ‚Λ‚η‚Ά,υ‚ª‹u,’J΄,131202,“‹“s,—ϋ”n‹ζ,•xm©‘δ‚R’–Ϊ,2025/2/2,15,κΛZ‘ξ,’“Τi—Φjκ,{ω‚Ή‚Έ,‚Θ‚µ
ή“,Τγ‚Λ‚η‚Ά,γ–μ,γ–μ‰w‘O,131067,“‹“s,‘δ“‹ζ,γ–μ‚V’–Ϊ,2025/9/29,5,‚SK‚ΔΘγ‹¤“―Z‘ξ,’“Τi—Φjκ,{ω‚Ή‚Έ,‚Θ‚µ
ή“,Τγ‚Λ‚η‚Ά,γ–μ,φ‰€‘O,131067,“‹“s,‘δ“‹ζ,γ–μ‚S’–Ϊ,2025/1/4,15,“ΉHγ,‚»‚Μ‘Ό,{ω‚Ή‚Έ,‚Θ‚µ
ή“,Τγ‚Λ‚η‚Ά,γ–μ,φ‰€‘O,131067,“‹“s,‘δ“‹ζ,γ–μ‚U’–Ϊ,2025/8/18,10,“ΉHγ,‚»‚Μ‘Ό,{ω‚Ή‚Έ,‚Θ‚µ
ή“,Τγ‚Λ‚η‚Ά,γ–μ,“®•¨‰€‘O,131067,“‹“s,‘δ“‹ζ,γ–μφ‰€,2024/12/29,13,’“Τi—Φjκ,’“Τi—Φjκ,{ω‚Ή‚Έ,‚Θ‚µ
ή“,Τγ‚Λ‚η‚Ά,γ–μ,δ“k’¬,131067,“‹“s,‘δ“‹ζ,γ–μ‚T’–Ϊ,2025/5/23,6,“ΉHγ,‚»‚Μ‘Ό,{ω‚Ή‚Έ,‚ ‚θ
ή“,Τγ‚Λ‚η‚Ά,γ–μ,δ“k’¬,131067,“‹“s,‘δ“‹ζ,γ–μ‚T’–Ϊ,2025/8/7,22,“ΉHγ,‚»‚Μ‘Ό,{ω‚Ή‚Έ,‚Θ‚µ
ή“,Τγ‚Λ‚η‚Ά,γ–μ,δ“k’¬,131067,“‹“s,‘δ“‹ζ,γ–μ‚T’–Ϊ,2025/10/6,23,‚»‚Μ‘Ό,‚»‚Μ‘Ό,{ω‚Ή‚Έ,‚Θ‚µ
ή“,Τγ‚Λ‚η‚Ά,γ–μ,δ“k’¬,131067,“‹“s,‘δ“‹ζ,“γ–μ‚P’–Ϊ,2025/6/6,21,“ΉHγ,‚»‚Μ‘Ό,{ω‚Ή‚Έ,‚ ‚θ
ή“,Τγ‚Λ‚η‚Ά,γ–μ,δ“k’¬,131067,“‹“s,‘δ“‹ζ,“γ–μ‚Q’–Ϊ,2025/2/11,19,“ΉHγ,‚»‚Μ‘Ό,{ω‚µ‚½,‚ ‚θ
ή“,Τγ‚Λ‚η‚Ά,γ–μ,•–ε,131067,“‹“s,‘δ“‹ζ,γ–μ‚R’–Ϊ,2025/2/6,12,“ΉHγ,‚»‚Μ‘Ό,{ω‚Ή‚Έ,‚ ‚θ
ή“,Τγ‚Λ‚η‚Ά,γ–μ,•–ε,131067,“‹“s,‘δ“‹ζ,γ–μ‚R’–Ϊ,2025/8/16,21,“ΉHγ,‚»‚Μ‘Ό,{ω‚µ‚½,‚ ‚θ
ή“,Τγ‚Λ‚η‚Ά,‰Ί’J,Oƒm—Φ,131067,“‹“s,‘δ“‹ζ,“ϊ–{’η‚Q’–Ϊ,2025/8/26,13,“ΉHγ,‚»‚Μ‘Ό,{ω‚Ή‚Έ,‚ ‚θ
ή“,Τγ‚Λ‚η‚Ά,‰Ί’J,Oƒm—Φ,131067,“‹“s,‘δ“‹ζ,ªέ‚T’–Ϊ,2025/2/12,0,“ΉHγ,‚»‚Μ‘Ό,{ω‚Ή‚Έ,‚Θ‚µ
ή“,Τγ‚Λ‚η‚Ά,‰Ί’J,Oƒm—Φ,131067,“‹“s,‘δ“‹ζ,Oƒm—Φ‚Q’–Ϊ,2025/8/30,10,‚»‚Μ‘Ό,’“Τi—Φjκ,{ω‚Ή‚Έ,‚Θ‚µ
ή“,Τγ‚Λ‚η‚Ά,‰Ί’J,Oƒm—Φ,131067,“‹“s,‘δ“‹ζ,Oƒm—Φ‚Q’–Ϊ,2025/8/30,10,“ΉHγ,‚»‚Μ‘Ό,{ω‚Ή‚Έ,‚ ‚θ
ή“,Τγ‚Λ‚η‚Ά,‰Ί’J,Oƒm—Φ,131067,“‹“s,‘δ“‹ζ,—³ς‚Q’–Ϊ,2025/8/31,9,‚SK‚ΔΘγ‹¤“―Z‘ξ,’“Τi—Φjκ,{ω‚Ή‚Έ,‚ ‚θ
ή“,Τγ‚Λ‚η‚Ά,‰Ί’J,“ό’J“,131067,“‹“s,‘δ“‹ζ,“ό’J‚P’–Ϊ,2025/4/16,21,‚SK‚ΔΘγ‹¤“―Z‘ξ,‚»‚Μ‘Ό,{ω‚Ή‚Έ,‚Θ‚µ
ή“,Τγ‚Λ‚η‚Ά,‰Ί’J,“ό’J“,131067,“‹“s,‘δ“‹ζ,“ό’J‚Q’–Ϊ,2025/4/12,20,’“Τi—Φjκ,’“Τi—Φjκ,{ω‚Ή‚Έ,‚ ‚θ
ή“,Τγ‚Λ‚η‚Ά,‰Ί’J,“ό’J“,131067,“‹“s,‘δ“‹ζ,ªέ‚S’–Ϊ,2025/8/26,20,“ΉHγ,‚»‚Μ‘Ό,{ω‚Ή‚Έ,‚ ‚θ
ή“,Τγ‚Λ‚η‚Ά,‰Ί’J,“ό’J“,131067,“‹“s,‘δ“‹ζ,—³ς‚P’–Ϊ,2025/8/31,12,κΛZ‘ξ,’“Τi—Φjκ,{ω‚Ή‚Έ,‚ ‚θ
ή“,Τγ‚Λ‚η‚Ά,‰Ί’J,“ό’JΌ,131067,“‹“s,‘δ“‹ζ,“ό’J‚P’–Ϊ,2025/6/16,18,‚»‚Μ‘Ό,’“Τi—Φjκ,{ω‚Ή‚Έ,‚ ‚θ
ή“,Τγ‚Λ‚η‚Ά,‰Ί’J,“ό’JΌ,131067,“‹“s,‘δ“‹ζ,–kγ–μ‚Q’–Ϊ,2025/3/26,16,“ΉHγ,‚»‚Μ‘Ό,{ω‚Ή‚Έ,‚ ‚θ
ή“,Τγ‚Λ‚η‚Ά,‰Ί’J,“ό’JΌ,131067,“‹“s,‘δ“‹ζ,–kγ–μ‚Q’–Ϊ,2025/6/5,12,“ΉHγ,‚»‚Μ‘Ό,{ω‚Ή‚Έ,‚Θ‚µ
ή“,Τγ‚Λ‚η‚Ά,‰Ί’J,’J’†,131067,“‹“s,‘δ“‹ζ,γ–μχ–Ψ‚Q’–Ϊ,2025/3/20,16,‚SK‚ΔΘγ‹¤“―Z‘ξ,’“Τi—Φjκ,{ω‚Ή‚Έ,‚ ‚θ
ή“,Τγ‚Λ‚η‚Ά,‰Ί’J,’J’†,131067,“‹“s,‘δ“‹ζ,γ–μχ–Ψ‚Q’–Ϊ,2025/10/4,6,‚SK‚ΔΘγ‹¤“―Z‘ξ,’“Τi—Φjκ,{ω‚Ή‚Έ,‚Θ‚µ
ή“,Τγ‚Λ‚η‚Ά,‰Ί’J,’J’†,131067,“‹“s,‘δ“‹ζ,’J’†‚S’–Ϊ,2025/3/24,6,’“Τi—Φjκ,’“Τi—Φjκ,{ω‚Ή‚Έ,‚ ‚θ
ή“,Τγ‚Λ‚η‚Ά,‰Ί’J,ις’J‰w‘O,131067,“‹“s,‘δ“‹ζ,ªέ‚P’–Ϊ,2025/2/20,10,‚»‚Μ‘Ό,’“Τi—Φjκ,{ω‚Ή‚Έ,‚Θ‚µ
ή“,Τγ‚Λ‚η‚Ά,‰Ί’J,ις’J‰w‘O,131067,“‹“s,‘δ“‹ζ,ªέ‚P’–Ϊ,2025/3/22,14,“ΉHγ,‚»‚Μ‘Ό,{ω‚Ή‚Έ,‚Θ‚µ
ή“,Τγ‚Λ‚η‚Ά,‰Ί’J,ις’J‰w‘O,131067,“‹“s,‘δ“‹ζ,ªέ‚R’–Ϊ,2025/2/20,19,’“Τi—Φjκ,’“Τi—Φjκ,{ω‚µ‚½,‚Θ‚µ
ή“,Τγ‚Λ‚η‚Ά,σ‘,φ‰€Z‹ζ,131067,“‹“s,‘δ“‹ζ,σ‘‚P’–Ϊ,2025/3/21,15,“ΉHγ,‚»‚Μ‘Ό,{ω‚µ‚½,‚Θ‚µ
ή“,Τγ‚Λ‚η‚Ά,σ‘,φ‰€Z‹ζ,131067,“‹“s,‘δ“‹ζ,σ‘‚Q’–Ϊ,2025/5/18,3,“ΉHγ,‚»‚Μ‘Ό,{ω‚Ή‚Έ,‚Θ‚µ
ή“,Τγ‚Λ‚η‚Ά,σ‘,φ‰€Z‹ζ,131067,“‹“s,‘δ“‹ζ,σ‘‚Q’–Ϊ,2025/8/10,14,’“Τi—Φjκ,’“Τi—Φjκ,{ω‚Ή‚Έ,‚Θ‚µ
ή“,Τγ‚Λ‚η‚Ά,σ‘,φ‰€Z‹ζ,131067,“‹“s,‘δ“‹ζ,σ‘‚R’–Ϊ,2025/7/3,8,“ΉHγ,‚»‚Μ‘Ό,{ω‚Ή‚Έ,‚Θ‚µ
ή“,Τγ‚Λ‚η‚Ά,σ‘,‹g΄,131067,“‹“s,‘δ“‹ζ,η‘©‚R’–Ϊ,2025/11/24,16,‚»‚Μ‘Ό,’“Τi—Φjκ,{ω‚Ή‚Έ,‚ ‚θ
ή“,Τγ‚Λ‚η‚Ά,σ‘,‹g΄,131067,“‹“s,‘δ“‹ζ,η‘©‚S’–Ϊ,2025/8/28,13,“ΉHγ,‚»‚Μ‘Ό,{ω‚Ή‚Έ,‚ ‚θ
ή“,Τγ‚Λ‚η‚Ά,σ‘,“ϊ–{’η,131067,“‹“s,‘δ“‹ζ,΄μ‚Q’–Ϊ,2025/8/27,5,“ΉHγ,‚»‚Μ‘Ό,{ω‚Ή‚Έ,‚ ‚θ
ή“,Τγ‚Λ‚η‚Ά,σ‘,“ϊ–{’η,131067,“‹“s,‘δ“‹ζ,΄μ‚Q’–Ϊ,2025/11/26,19,“ΉHγ,‚»‚Μ‘Ό,{ω‚Ή‚Έ,‚Θ‚µ
ή“,Τγ‚Λ‚η‚Ά,σ‘,“ϊ–{’η,131067,“‹“s,‘δ“‹ζ,“ϊ–{’η‚P’–Ϊ,2025/12/20,17,“ΉHγ,‚»‚Μ‘Ό,{ω‚Ή‚Έ,‚Θ‚µ
ή“,Τγ‚Λ‚η‚Ά,σ‘,“ϊ–{’η,131067,“‹“s,‘δ“‹ζ,“ϊ–{’η‚Q’–Ϊ,2025/8/28,11,“ΉHγ,‚»‚Μ‘Ό,{ω‚Ή‚Έ,‚ ‚θ
ή“,Τγ‚Λ‚η‚Ά,σ‘,“ϊ–{’η,131067,“‹“s,‘δ“‹ζ,“ϊ–{’η‚Q’–Ϊ,2025/8/30,11,“ΉHγ,‚»‚Μ‘Ό,{ω‚Ή‚Έ,‚Θ‚µ
ή“,Τγ‚Λ‚η‚Ά,σ‘,“ϊ–{’η,131067,“‹“s,‘δ“‹ζ,“ϊ–{’η‚Q’–Ϊ,2025/9/2,12,“ΉHγ,‚»‚Μ‘Ό,{ω‚Ή‚Έ,‚ ‚θ
ή“,Τγ‚Λ‚η‚Ά,σ‘,“ϊ–{’η,131067,“‹“s,‘δ“‹ζ,“σ‘‚Q’–Ϊ,2025/8/14,22,“ΉHγ,‚»‚Μ‘Ό,{ω‚Ή‚Έ,‚ ‚θ
ή“,Τγ‚Λ‚η‚Ά,σ‘,“σ‘,131067,“‹“s,‘δ“‹ζ,σ‘‚T’–Ϊ,2025/8/18,4,“ΉHγ,‚»‚Μ‘Ό,{ω‚Ή‚Έ,‚ ‚θ
ή“,Τγ‚Λ‚η‚Ά,σ‘,‹΄κ,131067,“‹“s,‘δ“‹ζ,‹΄κ‚P’–Ϊ,2025/12/15,18,“ΉHγ,‚»‚Μ‘Ό,{ω‚Ή‚Έ,‚ ‚θ
ή“,Τγ‚Λ‚η‚Ά,σ‘,‰ΤμΛ,131067,“‹“s,‘δ“‹ζ,σ‘‚R’–Ϊ,2025/5/18,22,’“Τi—Φjκ,’“Τi—Φjκ,{ω‚Ή‚Έ,‚ ‚θ
ή“,Τγ‚Λ‚η‚Ά,σ‘,Όσ‘O’–Ϊ,131067,“‹“s,‘δ“‹ζ,η‘©‚P’–Ϊ,2025/9/1,15,“ΉHγ,‚»‚Μ‘Ό,{ω‚Ή‚Έ,‚ ‚θ
ή“,Τγ‚Λ‚η‚Ά,σ‘,Όσ‘O’–Ϊ,131067,“‹“s,‘δ“‹ζ,η‘©‚P’–Ϊ,2025/10/2,14,“ΉHγ,‚»‚Μ‘Ό,{ω‚Ή‚Έ,‚Θ‚µ
ή“,Τγ‚Λ‚η‚Ά,‘ ‘O,¬“‡“ρ’–Ϊ,131067,“‹“s,‘δ“‹ζ,“γ–μ‚U’–Ϊ,2025/2/19,17,‚»‚Μ‘Ό,’“Τi—Φjκ,{ω‚Ή‚Έ,‚Θ‚µ
ή“,Τγ‚Λ‚η‚Ά,‘ ‘O,¬“‡“ρ’–Ϊ,131067,“‹“s,‘δ“‹ζ,³σ‘‚R’–Ϊ,2025/2/14,18,“ΉHγ,‚»‚Μ‘Ό,{ω‚µ‚½,‚Θ‚µ
ή“,Τγ‚Λ‚η‚Ά,‘ ‘O,“c΄’¬,131067,“‹“s,‘δ“‹ζ,υ‚P’–Ϊ,2025/2/6,18,“ΉHγ,‚»‚Μ‘Ό,{ω‚µ‚½,‚ ‚θ
ή“,Τγ‚Λ‚η‚Ά,‘ ‘O,“c΄’¬,131067,“‹“s,‘δ“‹ζ,Όσ‘‚Q’–Ϊ,2025/7/7,17,“ΉHγ,‚»‚Μ‘Ό,{ω‚Ή‚Έ,‚ ‚θ
ή“,Τγ‚Λ‚η‚Ά,‘ ‘O,‹e‰®‹΄,131067,“‹“s,‘δ“‹ζ,Ό‚ª’J‚P’–Ϊ,2025/2/7,16,‚»‚Μ‘Ό,‚»‚Μ‘Ό,{ω‚Ή‚Έ,‚Θ‚µ
ή“,Τγ‚Λ‚η‚Ά,‘ ‘O,‹e‰®‹΄,131067,“‹“s,‘δ“‹ζ,Ό‚ª’J‚P’–Ϊ,2025/9/6,18,“ΉHγ,‚»‚Μ‘Ό,{ω‚Ή‚Έ,‚Θ‚µ
ή“,Τγ‚Λ‚η‚Ά,‘ ‘O,‹e‰®‹΄,131067,“‹“s,‘δ“‹ζ,Ό‚ª’J‚Q’–Ϊ,2025/5/17,17,“ΉHγ,‚»‚Μ‘Ό,{ω‚Ή‚Έ,‚Θ‚µ
ή“,Τγ‚Λ‚η‚Ά,‘ ‘O,{‰κ‹΄,131067,“‹“s,‘δ“‹ζ,σ‘‹΄‚Q’–Ϊ,2025/9/3,7,‚»‚Μ‘Ό,’“Τi—Φjκ,{ω‚Ή‚Έ,‚ ‚θ
ή“,Τγ‚Λ‚η‚Ά,‘ ‘O,{‰κ‹΄,131067,“‹“s,‘δ“‹ζ,σ‘‹΄‚Q’–Ϊ,2025/10/13,19,“ΉHγ,‚»‚Μ‘Ό,{ω‚Ή‚Έ,‚Θ‚µ
ή“,Τγ‚Λ‚η‚Ά,‘ ‘O,{‰κ‹΄,131067,“‹“s,‘δ“‹ζ,‘ ‘O‚P’–Ϊ,2025/1/9,18,‚SK‚ΔΘγ‹¤“―Z‘ξ,’“Τi—Φjκ,{ω‚Ή‚Έ,‚Θ‚µ
ή“,Τγ‚Λ‚η‚Ά,”φ‹v,F–μ‘O,131181,“‹“s,rμ‹ζ,“”φ‹v‚U’–Ϊ,2025/6/1,17,‚»‚Μ‘Ό,’“Τi—Φjκ,{ω‚Ή‚Έ,‚Θ‚µ
ή“,Τγ‚Λ‚η‚Ά,”φ‹v,F–μ‘O,131181,“‹“s,rμ‹ζ,“”φ‹v‚U’–Ϊ,2025/9/12,18,‚»‚Μ‘Ό,’“Τi—Φjκ,{ω‚Ή‚Έ,‚Θ‚µ
ή“,Τγ‚Λ‚η‚Ά,”φ‹v,F–μ‘O,131181,“‹“s,rμ‹ζ,“”φ‹v‚V’–Ϊ,2025/10/15,18,‚»‚Μ‘Ό,‚»‚Μ‘Ό,{ω‚Ή‚Έ,‚ ‚θ
ή“,Τγ‚Λ‚η‚Ά,”φ‹v,F–μ‘O,131181,“‹“s,rμ‹ζ,“”φ‹v‚V’–Ϊ,2025/10/24,20,‚»‚Μ‘Ό,‚»‚Μ‘Ό,{ω‚Ή‚Έ,‚ ‚θ
ή“,Τγ‚Λ‚η‚Ά,”φ‹v,F–μ‘O,131181,“‹“s,rμ‹ζ,“”φ‹v‚V’–Ϊ,2025/12/15,18,‚»‚Μ‘Ό,‚»‚Μ‘Ό,{ω‚Ή‚Έ,‚Θ‚µ
ή“,Τγ‚Λ‚η‚Ά,”φ‹v,rμ—V‰€‘O,131181,“‹“s,rμ‹ζ,Ό”φ‹v‚W’–Ϊ,2025/2/22,21,κΛZ‘ξ,’“Τi—Φjκ,{ω‚Ή‚Έ,‚ ‚θ
ή“,Τγ‚Λ‚η‚Ά,”φ‹v,Ό”φ‹v,131181,“‹“s,rμ‹ζ,Ό”φ‹v‚Q’–Ϊ,2025/5/28,10,“ΉHγ,‚»‚Μ‘Ό,{ω‚Ή‚Έ,‚ ‚θ
ή“,Τγ‚Λ‚η‚Ά,”φ‹v,Ό”φ‹v,131181,“‹“s,rμ‹ζ,Ό”φ‹v‚S’–Ϊ,2025/8/28,10,“ΉHγ,‚»‚Μ‘Ό,{ω‚Ή‚Έ,‚ ‚θ
ή“,Τγ‚Λ‚η‚Ά,”φ‹v,Τ“y,131181,“‹“s,rμ‹ζ,“”φ‹v‚R’–Ϊ,2025/2/15,10,‚SK‚ΔΘγ‹¤“―Z‘ξ,’“Τi—Φjκ,{ω‚Ή‚Έ,‚ ‚θ
ή“,Τγ‚Λ‚η‚Ά,“μηZ,“μηZκ’–Ϊ,131181,“‹“s,rμ‹ζ,““ϊ•ι—Ά‚P’–Ϊ,2025/3/7,19,“ΉHγ,‚»‚Μ‘Ό,{ω‚Ή‚Έ,‚ ‚θ
ή“,Τγ‚Λ‚η‚Ά,“μηZ,“μηZκ’–Ϊ,131181,“‹“s,rμ‹ζ,““ϊ•ι—Ά‚P’–Ϊ,2025/6/24,19,‚»‚Μ‘Ό,’“Τi—Φjκ,{ω‚Ή‚Έ,‚ ‚θ
ή“,Τγ‚Λ‚η‚Ά,“μηZ,“μηZκ’–Ϊ,131181,“‹“s,rμ‹ζ,“μηZ‚P’–Ϊ,2025/7/11,18,“ΉHγ,‚»‚Μ‘Ό,{ω‚Ή‚Έ,‚ ‚θ
ή“,Τγ‚Λ‚η‚Ά,“μηZ,“μηZκ’–Ϊ,131181,“‹“s,rμ‹ζ,“μηZ‚P’–Ϊ,2025/7/30,17,“ΉHγ,‚»‚Μ‘Ό,{ω‚Ή‚Έ,‚Θ‚µ
ή“,Τγ‚Λ‚η‚Ά,“μηZ,“μηZO’–Ϊ,131181,“‹“s,rμ‹ζ,“μηZ‚Q’–Ϊ,2025/3/8,16,‚»‚Μ‘Ό,‚»‚Μ‘Ό,{ω‚Ή‚Έ,‚ ‚θ
ή“,Τγ‚Λ‚η‚Ά,“μηZ,“μηZ”ª’–Ϊ,131181,“‹“s,rμ‹ζ,“μηZ‚S’–Ϊ,2025/3/17,15,‚SK‚ΔΘγ‹¤“―Z‘ξ,‚»‚Μ‘Ό,{ω‚µ‚½,‚Θ‚µ
ή“,Τγ‚Λ‚η‚Ά,“μηZ,“μηZ”ª’–Ϊ,131181,“‹“s,rμ‹ζ,“μηZ‚S’–Ϊ,2025/6/20,1,“ΉHγ,‚»‚Μ‘Ό,{ω‚Ή‚Έ,‚ ‚θ
ή“,Τγ‚Λ‚η‚Ά,“μηZ,“μηZ‰w“ϋ,131181,“‹“s,rμ‹ζ,“μηZ‚Q’–Ϊ,2025/8/29,10,“ΉHγ,‚»‚Μ‘Ό,{ω‚Ή‚Έ,‚ ‚θ
ή“,Τγ‚Λ‚η‚Ά,“μηZ,“μηZ‰w“ϋ,131181,“‹“s,rμ‹ζ,“μηZ‚S’–Ϊ,2025/1/15,15,‚»‚Μ‘Ό,’“Τi—Φjκ,{ω‚Ή‚Έ,‚Θ‚µ
ή“,Τγ‚Λ‚η‚Ά,“μηZ,“V‰¤‘O,131181,“‹“s,rμ‹ζ,“μηZ‚U’–Ϊ,2025/2/9,15,‚»‚Μ‘Ό,’“Τi—Φjκ,{ω‚Ή‚Έ,‚Θ‚µ
ή“,Τγ‚Λ‚η‚Ά,“μηZ,“V‰¤‘O,131181,“‹“s,rμ‹ζ,“μηZ‚U’–Ϊ,2025/5/10,15,‚»‚Μ‘Ό,’“Τi—Φjκ,{ω‚Ή‚Έ,‚Θ‚µ
ή“,Τγ‚Λ‚η‚Ά,“μηZ,“V‰¤‘O,131181,“‹“s,rμ‹ζ,“μηZ‚U’–Ϊ,2025/8/4,15,‚SK‚ΔΘγ‹¤“―Z‘ξ,’“Τi—Φjκ,{ω‚Ή‚Έ,‚Θ‚µ
ή“,Τγ‚Λ‚η‚Ά,rμ,O‰Ν“‡‰w‘O,131181,“‹“s,rμ‹ζ,““ϊ•ι—Ά‚Q’–Ϊ,2025/5/20,16,‚»‚Μ‘Ό,’“Τi—Φjκ,{ω‚Ή‚Έ,‚Θ‚µ
ή“,Τγ‚Λ‚η‚Ά,rμ,“ϊ•ι—Ά‰w‘O,131181,“‹“s,rμ‹ζ,Ό“ϊ•ι—Ά‚Q’–Ϊ,2025/1/20,9,’“Τi—Φjκ,’“Τi—Φjκ,{ω‚Ή‚Έ,‚Θ‚µ
ή“,Τγ‚Λ‚η‚Ά,rμ,“ϊ•ι—Ά‰w‘O,131181,“‹“s,rμ‹ζ,““ϊ•ι—Ά‚S’–Ϊ,2025/6/12,12,‚»‚Μ‘Ό,’“Τi—Φjκ,{ω‚Ή‚Έ,‚Θ‚µ
ή“,Τγ‚Λ‚η‚Ά,rμ,“ϊ•ι—Ά‰w‘O,131181,“‹“s,rμ‹ζ,““ϊ•ι—Ά‚S’–Ϊ,2025/6/19,12,‚»‚Μ‘Ό,’“Τi—Φjκ,{ω‚Ή‚Έ,‚Θ‚µ
ή“,Τγ‚Λ‚η‚Ά,rμ,“ϊ•ι—Ά‰w‘O,131181,“‹“s,rμ‹ζ,““ϊ•ι—Ά‚T’–Ϊ,2025/4/11,10,‚»‚Μ‘Ό,‚»‚Μ‘Ό,{ω‚Ή‚Έ,‚Θ‚µ
ή“,Τγ‚Λ‚η‚Ά,rμ,“ϊ•ι—Ά‰w‘O,131181,“‹“s,rμ‹ζ,““ϊ•ι—Ά‚T’–Ϊ,2025/9/21,2,“ΉHγ,‚»‚Μ‘Ό,{ω‚Ή‚Έ,‚ ‚θ
ή“,Τγ‚Λ‚η‚Ά,rμ,“ϊ•ι—Ά‰w‘O,131181,“‹“s,rμ‹ζ,““ϊ•ι—Ά‚T’–Ϊ,2025/12/11,17,‚»‚Μ‘Ό,’“Τi—Φjκ,{ω‚Ή‚Έ,‚Θ‚µ
ή“,Τγ‚Λ‚η‚Ά,rμ,““ϊ•ι—Ά,131181,“‹“s,rμ‹ζ,““ϊ•ι—Ά‚P’–Ϊ,2025/5/16,12,“ΉHγ,‚»‚Μ‘Ό,{ω‚Ή‚Έ,‚Θ‚µ
ή“,Τγ‚Λ‚η‚Ά,rμ,““ϊ•ι—Ά,131181,“‹“s,rμ‹ζ,““ϊ•ι—Ά‚P’–Ϊ,2025/8/29,13,“ΉHγ,‚»‚Μ‘Ό,{ω‚Ή‚Έ,‚ ‚θ
ή“,Τγ‚Λ‚η‚Ά,rμ,““ϊ•ι—Ά,131181,“‹“s,rμ‹ζ,““ϊ•ι—Ά‚P’–Ϊ,2025/12/18,23,κΛZ‘ξ,’“Τi—Φjκ,{ω‚Ή‚Έ,‚Θ‚µ
ή“,Τγ‚Λ‚η‚Ά,rμ,““ϊ•ι—Ά,131181,“‹“s,rμ‹ζ,““ϊ•ι—Ά‚Q’–Ϊ,2025/8/26,15,“ΉHγ,‚»‚Μ‘Ό,{ω‚Ή‚Έ,‚Θ‚µ
ή“,Τγ‚Λ‚η‚Ά,rμ,’¬‰®,131181,“‹“s,rμ‹ζ,’¬‰®‚P’–Ϊ,2025/10/17,11,’“Τi—Φjκ,’“Τi—Φjκ,{ω‚Ή‚Έ,‚ ‚θ
ή“,Τγ‚Λ‚η‚Ά,rμ,’¬‰®,131181,“‹“s,rμ‹ζ,’¬‰®‚Q’–Ϊ,2025/4/3,19,“ΉHγ,‚»‚Μ‘Ό,{ω‚Ή‚Έ,‚Θ‚µ
ή“,Τγ‚Λ‚η‚Ά,rμ,’¬‰®,131181,“‹“s,rμ‹ζ,’¬‰®‚W’–Ϊ,2025/7/25,16,κΛZ‘ξ,’“Τi—Φjκ,{ω‚Ή‚Έ,‚ ‚θ
ή“,Τγ‚Λ‚η‚Ά,rμ,rμά’–Ϊ,131181,“‹“s,rμ‹ζ,rμ‚P’–Ϊ,2025/3/19,14,“ΉHγ,‚»‚Μ‘Ό,{ω‚Ή‚Έ,‚Θ‚µ
ή“,Τγ‚Λ‚η‚Ά,rμ,rμά’–Ϊ,131181,“‹“s,rμ‹ζ,rμ‚P’–Ϊ,2025/6/28,14,‚»‚Μ‘Ό‚ΜZ‘ξi‚RK‚ΔΘ‰Ί‹¤“―Z‘ξ“™j,’“Τi—Φjκ,{ω‚Ή‚Έ,‚Θ‚µ
ή“,Τγ‚Λ‚η‚Ά,rμ,rμά’–Ϊ,131181,“‹“s,rμ‹ζ,rμ‚Q’–Ϊ,2025/5/20,9,‚»‚Μ‘Ό,’“Τi—Φjκ,{ω‚Ή‚Έ,‚Θ‚µ
ή“,Τγ‚Λ‚η‚Ά,rμ,rμά’–Ϊ,131181,“‹“s,rμ‹ζ,rμ‚S’–Ϊ,2025/8/11,9,“ΉHγ,‚»‚Μ‘Ό,{ω‚Ή‚Έ,‚Θ‚µ
ή“,Τγ‚Λ‚η‚Ά,rμ,rμά’–Ϊ,131181,“‹“s,rμ‹ζ,rμ‚V’–Ϊ,2025/3/27,20,‚»‚Μ‘Ό,’“Τi—Φjκ,{ω‚Ή‚Έ,‚Θ‚µ
ή“,Τγ‚Λ‚η‚Ά,rμ,Ό“ϊ•ι—ΆZ’–Ϊ,131181,“‹“s,rμ‹ζ,rμ‚T’–Ϊ,2025/8/28,8,“ΉHγ,‚»‚Μ‘Ό,{ω‚Ή‚Έ,‚ ‚θ
ή“,Τγ‚Λ‚η‚Ά,rμ,Ό“ϊ•ι—Ά‰w‘O,131181,“‹“s,rμ‹ζ,Ό“ϊ•ι—Ά‚T’–Ϊ,2025/3/10,12,’“Τi—Φjκ,’“Τi—Φjκ,{ω‚Ή‚Έ,‚Θ‚µ
ή“,Τγ‚Λ‚η‚Ά,rμ,Ό“ϊ•ι—Ά‰w‘O,131181,“‹“s,rμ‹ζ,Ό“ϊ•ι—Ά‚T’–Ϊ,2025/5/24,8,‚»‚Μ‘Ό‚ΜZ‘ξi‚RK‚ΔΘ‰Ί‹¤“―Z‘ξ“™j,‚»‚Μ‘Ό,{ω‚Ή‚Έ,‚ ‚θ
ή“,Τγ‚Λ‚η‚Ά,rμ,Ό“ϊ•ι—Ά‰w‘O,131181,“‹“s,rμ‹ζ,Ό“ϊ•ι—Ά‚U’–Ϊ,2025/3/1,18,κΛZ‘ξ,‚»‚Μ‘Ό,{ω‚Ή‚Έ,‚Θ‚µ
ή“,Τγ‚Λ‚η‚Ά,ηZ,–kηZ‰w“ϋ,131211,“‹“s,‘«—§‹ζ,–φ΄‚Q’–Ϊ,2025/10/15,16,“ΉHγ,‚»‚Μ‘Ό,{ω‚Ή‚Έ,‚ ‚θ
ή“,Τγ‚Λ‚η‚Ά,ηZ,–kηZ‰wΌϋ,131211,“‹“s,‘«—§‹ζ,ηZ‚Q’–Ϊ,2025/10/22,16,“ΉHγ,‚»‚Μ‘Ό,{ω‚Ή‚Έ,‚Θ‚µ
ή“,Τγ‚Λ‚η‚Ά,ηZ,–kηZ‰wΌϋ,131211,“‹“s,‘«—§‹ζ,ηZ’†‹’¬,2025/5/30,17,“ΉHγ,‚»‚Μ‘Ό,{ω‚Ή‚Έ,‚Θ‚µ
ή“,Τγ‚Λ‚η‚Ά,ηZ,ηZl’–Ϊ,131211,“‹“s,‘«—§‹ζ,ηZ‚T’–Ϊ,2025/7/22,5,‚»‚Μ‘Ό,‚»‚Μ‘Ό,{ω‚Ή‚Έ,‚ ‚θ
ή“,Τγ‚Λ‚η‚Ά,ηZ,‘ε‹΄,131211,“‹“s,‘«—§‹ζ,ηZ‰Ν΄’¬,2025/10/29,15,“ΉHγ,‚»‚Μ‘Ό,{ω‚Ή‚Έ,‚Θ‚µ
ή“,Τγ‚Λ‚η‚Ά,ηZ,χ–Ψ’¬,131211,“‹“s,‘«—§‹ζ,ηZχ–Ψ‚P’–Ϊ,2025/3/9,12,’“Τi—Φjκ,’“Τi—Φjκ,{ω‚µ‚½,‚ ‚θ
ή“,Τγ‚Λ‚η‚Ά,ΌVδ,‘εt‘O,131211,“‹“s,‘«—§‹ζ,ΌVδ‚P’–Ϊ,2025/1/25,16,‚»‚Μ‘Ό,’“Τi—Φjκ,{ω‚Ή‚Έ,‚Θ‚µ
ή“,Τγ‚Λ‚η‚Ά,ΌVδ,‘εt‘O,131211,“‹“s,‘«—§‹ζ,ΌVδ‚P’–Ϊ,2025/7/28,20,‚»‚Μ‘Ό,’“Τi—Φjκ,{ω‚Ή‚Έ,‚Θ‚µ
ή“,Τγ‚Λ‚η‚Ά,ΌVδ,‘εt‘O,131211,“‹“s,‘«—§‹ζ,ΌVδ‚P’–Ϊ,2025/9/13,20,“ΉHγ,‚»‚Μ‘Ό,{ω‚Ή‚Έ,‚Θ‚µ
ή“,Τγ‚Λ‚η‚Ά,ΌVδ,‘εt‘O,131211,“‹“s,‘«—§‹ζ,ΌVδ‚P’–Ϊ,2025/11/15,20,‚»‚Μ‘Ό,’“Τi—Φjκ,{ω‚Ή‚Έ,‚Θ‚µ
ή“,Τγ‚Λ‚η‚Ά,ΌVδ,‘εt‘O,131211,“‹“s,‘«—§‹ζ,ΌVδ‚U’–Ϊ,2025/7/6,16,κΛZ‘ξ,’“Τi—Φjκ,{ω‚Ή‚Έ,‚Θ‚µ
ή“,Τγ‚Λ‚η‚Ά,ΌVδ,‘εt‘O,131211,“‹“s,‘«—§‹ζ,ΌVδ‚U’–Ϊ,2025/12/1,20,‚»‚Μ‘Ό,’“Τi—Φjκ,{ω‚Ή‚Έ,‚Θ‚µ
ή“,Τγ‚Λ‚η‚Ά,ΌVδ,‘εt‘O,131211,“‹“s,‘«—§‹ζ,ΌVδ‚V’–Ϊ,2025/6/2,16,‚»‚Μ‘Ό,’“Τi—Φjκ,{ω‚Ή‚Έ,‚Θ‚µ
ή“,Τγ‚Λ‚η‚Ά,ΌVδ,‘εt‘O,131211,“‹“s,‘«—§‹ζ,ΌVδ‚V’–Ϊ,2025/6/30,20,‚»‚Μ‘Ό,’“Τi—Φjκ,{ω‚Ή‚Έ,‚Θ‚µ
ή“,Τγ‚Λ‚η‚Ά,ΌVδ,‘εt‘O,131211,“‹“s,‘«—§‹ζ,ΌVδ–{’¬‚P’–Ϊ,2025/6/5,22,‚»‚Μ‘Ό‚ΜZ‘ξi‚RK‚ΔΘ‰Ί‹¤“―Z‘ξ“™j,‚»‚Μ‘Ό,{ω‚Ή‚Έ,‚ ‚θ
ή“,Τγ‚Λ‚η‚Ά,ΌVδ,‘εt‘O,131211,“‹“s,‘«—§‹ζ,–{–Ψ‚P’–Ϊ,2025/7/30,8,‚»‚Μ‘Ό,’“Τi—Φjκ,{ω‚Ή‚Έ,‚Θ‚µ
ή“,Τγ‚Λ‚η‚Ά,ΌVδ,“‡ª,131211,“‹“s,‘«—§‹ζ,“‡ª‚S’–Ϊ,2025/4/17,15,‚»‚Μ‘Ό,’“Τi—Φjκ,{ω‚Ή‚Έ,‚Θ‚µ
ή“,Τγ‚Λ‚η‚Ά,ΌVδ,“‡ª,131211,“‹“s,‘«—§‹ζ,Z‚P’–Ϊ,2025/4/17,20,‚»‚Μ‘Ό,’“Τi—Φjκ,{ω‚Ή‚Έ,‚ ‚θ
ή“,Τγ‚Λ‚η‚Ά,ΌVδ,ξ,131211,“‹“s,‘«—§‹ζ,ξ‚Q’–Ϊ,2025/8/22,20,‚»‚Μ‘Ό,’“Τi—Φjκ,{ω‚Ή‚Έ,‚Θ‚µ
ή“,Τγ‚Λ‚η‚Ά,ΌVδ,V“c,131211,“‹“s,‘«—§‹ζ,V“c‚R’–Ϊ,2025/2/11,19,‚»‚Μ‘Ό,’“Τi—Φjκ,{ω‚Ή‚Έ,‚Θ‚µ
ή“,Τγ‚Λ‚η‚Ά,ΌVδ,V“c,131211,“‹“s,‘«—§‹ζ,V“c‚R’–Ϊ,2025/4/15,15,‚»‚Μ‘Ό,’“Τi—Φjκ,{ω‚Ή‚Έ,‚Θ‚µ
ή“,Τγ‚Λ‚η‚Ά,ΌVδ,–{–Ψ,131211,“‹“s,‘«—§‹ζ,‹»–μ‚P’–Ϊ,2025/1/5,15,“ΉHγ,‚»‚Μ‘Ό,{ω‚Ή‚Έ,‚ ‚θ
ή“,Τγ‚Λ‚η‚Ά,ΌVδ,–{–Ψ,131211,“‹“s,‘«—§‹ζ,‹»–μ‚Q’–Ϊ,2025/4/5,22,’“Τi—Φjκ,’“Τi—Φjκ,{ω‚Ή‚Έ,‚ ‚θ
ή“,Τγ‚Λ‚η‚Ά,ΌVδ,–{–Ψ,131211,“‹“s,‘«—§‹ζ,‹»–μ‚Q’–Ϊ,2025/9/6,18,’“Τi—Φjκ,’“Τi—Φjκ,{ω‚Ή‚Έ,‚Θ‚µ
ή“,Τγ‚Λ‚η‚Ά,ΌVδ,–{–Ψ,131211,“‹“s,‘«—§‹ζ,–{–Ψ‚P’–Ϊ,2025/7/30,8,‚»‚Μ‘Ό,’“Τi—Φjκ,{ω‚Ή‚Έ,‚Θ‚µ
ή“,Τγ‚Λ‚η‚Ά,ΌVδ,–{–Ψ,131211,“‹“s,‘«—§‹ζ,–{–Ψ‚Q’–Ϊ,2025/6/17,20,“ΉHγ,‚»‚Μ‘Ό,{ω‚Ή‚Έ,‚ ‚θ
ή“,Τγ‚Λ‚η‚Ά,ΌVδ,–{–Ψ,131211,“‹“s,‘«—§‹ζ,–{–Ψ“’¬,2025/9/12,18,κΛZ‘ξ,’“Τi—Φjκ,{ω‚Ή‚Έ,‚Θ‚µ
ή“,Τγ‚Λ‚η‚Ά,ΌVδ,–{–Ψ,131211,“‹“s,‘«—§‹ζ,–{–Ψ“μ’¬,2025/9/12,19,’“Τi—Φjκ,’“Τi—Φjκ,{ω‚Ή‚Έ,‚Θ‚µ
ή“,Τγ‚Λ‚η‚Ά,ΌVδ,”~“cκ’–Ϊ,131211,“‹“s,‘«—§‹ζ,”~“c‚P’–Ϊ,2024/12/31,10,“ΉHγ,‚»‚Μ‘Ό,{ω‚Ή‚Έ,‚ ‚θ
ή“,Τγ‚Λ‚η‚Ά,ΌVδ,”~“cκ’–Ϊ,131211,“‹“s,‘«—§‹ζ,”~“c‚P’–Ϊ,2025/2/3,10,‚»‚Μ‘Ό,’“Τi—Φjκ,{ω‚Ή‚Έ,‚ ‚θ
ή“,Τγ‚Λ‚η‚Ά,ΌVδ,”~“cµ’–Ϊ,131211,“‹“s,‘«—§‹ζ,”~“‡‚Q’–Ϊ,2025/11/12,10,‚»‚Μ‘Ό,’“Τi—Φjκ,{ω‚Ή‚Έ,‚Θ‚µ
ή“,Τγ‚Λ‚η‚Ά,ΌVδ,]–k,131211,“‹“s,‘«—§‹ζ,]–k‚R’–Ϊ,2025/9/23,0,’“Τi—Φjκ,’“Τi—Φjκ,{ω‚µ‚½,‚ ‚θ
ή“,Τγ‚Λ‚η‚Ά,ΌVδ,]–k,131211,“‹“s,‘«—§‹ζ,]–k‚S’–Ϊ,2025/2/19,16,‚»‚Μ‘Ό,‚»‚Μ‘Ό,{ω‚Ή‚Έ,‚ ‚θ
ή“,Τγ‚Λ‚η‚Ά,ΌVδ,]–k,131211,“‹“s,‘«—§‹ζ,]–k‚S’–Ϊ,2025/8/17,20,’“Τi—Φjκ,’“Τi—Φjκ,{ω‚Ή‚Έ,‚Θ‚µ
ή“,Τγ‚Λ‚η‚Ά,ΌVδ,Mΐ,131211,“‹“s,‘«—§‹ζ,‰Α‰κ‚P’–Ϊ,2025/2/28,16,“ΉHγ,‚»‚Μ‘Ό,{ω‚Ή‚Έ,‚ ‚θ
ή“,Τγ‚Λ‚η‚Ά,ΌVδ,Mΐ,131211,“‹“s,‘«—§‹ζ,]–k‚U’–Ϊ,2025/7/12,13,’“Τi—Φjκ,’“Τi—Φjκ,{ω‚Ή‚Έ,‚ ‚θ
ή“,Τγ‚Λ‚η‚Ά,ΌVδ,Mΐ,131211,“‹“s,‘«—§‹ζ,’Jέ‰Ζ‚R’–Ϊ,2025/5/30,19,‚»‚Μ‘Ό,’“Τi—Φjκ,{ω‚Ή‚Έ,‚Θ‚µ
ή“,Τγ‚Λ‚η‚Ά,ΌVδ,ΌVδά’–Ϊ,131211,“‹“s,‘«—§‹ζ,ΌVδ‚S’–Ϊ,2025/11/24,16,‚»‚Μ‘Ό‚ΜZ‘ξi‚RK‚ΔΘ‰Ί‹¤“―Z‘ξ“™j,‚»‚Μ‘Ό,{ω‚Ή‚Έ,‚ ‚θ
ή“,Τγ‚Λ‚η‚Ά,ΌVδ,ΌVδ‰w‘O,131211,“‹“s,‘«—§‹ζ,”~“‡‚R’–Ϊ,2025/4/7,14,“ΉHγ,‚»‚Μ‘Ό,{ω‚Ή‚Έ,‚Θ‚µ
ή“,Τγ‚Λ‚η‚Ά,ΌVδ,ΌVδ‰w‘O,131211,“‹“s,‘«—§‹ζ,”~“‡‚R’–Ϊ,2025/8/1,15,‚»‚Μ‘Ό,’“Τi—Φjκ,{ω‚Ή‚Έ,‚Θ‚µ
ή“,Τγ‚Λ‚η‚Ά,ΌVδ,ΌVδ‰w‘O,131211,“‹“s,‘«—§‹ζ,ΌVδ‰h’¬‚P’–Ϊ,2025/3/2,13,‚»‚Μ‘Ό,’“Τi—Φjκ,{ω‚Ή‚Έ,‚Θ‚µ
ή“,Τγ‚Λ‚η‚Ά,ΌVδ,ΌVδ‰w‘O,131211,“‹“s,‘«—§‹ζ,ΌVδ‰h’¬‚P’–Ϊ,2025/9/8,19,‚»‚Μ‘Ό,’“Τi—Φjκ,{ω‚Ή‚Έ,‚Θ‚µ
ή“,Τγ‚Λ‚η‚Ά,ΌVδ,ΌVδ‰w‘O,131211,“‹“s,‘«—§‹ζ,ΌVδ‰h’¬‚Q’–Ϊ,2025/7/8,15,‚»‚Μ‘Ό,‚»‚Μ‘Ό,{ω‚Ή‚Έ,‚ ‚θ
ή“,Τγ‚Λ‚η‚Ά,ΌVδ,Φ΄O’–Ϊ,131211,“‹“s,‘«—§‹ζ,Φ΄‚R’–Ϊ,2025/2/21,15,“ΉHγ,‚»‚Μ‘Ό,{ω‚Ή‚Έ,‚ ‚θ
ή“,Τγ‚Λ‚η‚Ά,»£,κƒc‰Ζ,131211,“‹“s,‘«—§‹ζ,Ό‰Α•½‚Q’–Ϊ,2025/4/26,22,‚»‚Μ‘Ό,’“Τi—Φjκ,{ω‚Ή‚Έ,‚Θ‚µ
ή“,Τγ‚Λ‚η‚Ά,»£,κƒc‰Ζ,131211,“‹“s,‘«—§‹ζ,κƒc‰Ζ‚Q’–Ϊ,2025/6/19,18,‚SK‚ΔΘγ‹¤“―Z‘ξ,’“Τi—Φjκ,{ω‚Ή‚Έ,‚ ‚θ
ή“,Τγ‚Λ‚η‚Ά,»£,κƒc‰Ζ,131211,“‹“s,‘«—§‹ζ,Z’¬‚P’–Ϊ,2025/7/12,16,‚»‚Μ‘Ό‚ΜZ‘ξi‚RK‚ΔΘ‰Ί‹¤“―Z‘ξ“™j,’“Τi—Φjκ,{ω‚Ή‚Έ,‚ ‚θ
ή“,Τγ‚Λ‚η‚Ά,»£,’†‰›–{’¬,131211,“‹“s,‘«—§‹ζ,κƒc‰Ζ‚P’–Ϊ,2025/8/9,20,‚»‚Μ‘Ό,’“Τi—Φjκ,{ω‚Ή‚Έ,‚Θ‚µ
ή“,Τγ‚Λ‚η‚Ά,»£,ά”½–μ‰w‘O,131211,“‹“s,‘«—§‹ζ,‘«—§‚P’–Ϊ,2025/7/6,10,‚»‚Μ‘Ό,‚»‚Μ‘Ό,{ω‚Ή‚Έ,‚ ‚θ
ή“,Τγ‚Λ‚η‚Ά,»£,ά”½–μ‰w‘O,131211,“‹“s,‘«—§‹ζ,‘«—§‚S’–Ϊ,2025/3/7,20,“ΉHγ,‚»‚Μ‘Ό,{ω‚Ή‚Έ,‚Θ‚µ
ή“,Τγ‚Λ‚η‚Ά,»£,ά”½–μ‰w‘O,131211,“‹“s,‘«—§‹ζ,‘«—§‚S’–Ϊ,2025/11/24,15,‚SK‚ΔΘγ‹¤“―Z‘ξ,’“Τi—Φjκ,{ω‚µ‚½,‚Θ‚µ
ή“,Τγ‚Λ‚η‚Ά,»£,ά”½–μ‰w‘O,131211,“‹“s,‘«—§‹ζ,O“Ή‚P’–Ϊ,2025/2/16,19,“ΉHγ,‚»‚Μ‘Ό,{ω‚Ή‚Έ,‚Θ‚µ
ή“,Τγ‚Λ‚η‚Ά,»£,ά”½–μ‰w‘O,131211,“‹“s,‘«—§‹ζ,’†‰›–{’¬‚P’–Ϊ,2025/2/5,22,‚SK‚ΔΘγ‹¤“―Z‘ξ,’“Τi—Φjκ,{ω‚Ή‚Έ,‚Θ‚µ
ή“,Τγ‚Λ‚η‚Ά,»£,‘ε’J“c,131211,“‹“s,‘«—§‹ζ,‘ε’J“c‚R’–Ϊ,2025/1/12,17,κΛZ‘ξ,’“Τi—Φjκ,{ω‚Ή‚Έ,‚Θ‚µ
ή“,Τγ‚Λ‚η‚Ά,»£,‘ε’J“c,131211,“‹“s,‘«—§‹ζ,²–μ‚P’–Ϊ,2025/12/8,18,’“Τi—Φjκ,’“Τi—Φjκ,{ω‚Ή‚Έ,‚Θ‚µ
ή“,Τγ‚Λ‚η‚Ά,»£,‘ε’J“c,131211,“‹“s,‘«—§‹ζ,’†μ‚P’–Ϊ,2025/8/13,0,‚»‚Μ‘Ό,‚»‚Μ‘Ό,{ω‚Ή‚Έ,‚ ‚θ
ή“,Τγ‚Λ‚η‚Ά,»£,‘ε’J“c,131211,“‹“s,‘«—§‹ζ,’J’†‚R’–Ϊ,2025/8/31,17,“ΉHγ,‚»‚Μ‘Ό,{ω‚Ή‚Έ,‚ ‚θ
ή“,Τγ‚Λ‚η‚Ά,»£,O“Ή,131211,“‹“s,‘«—§‹ζ,Βδ‚Q’–Ϊ,2025/3/2,16,‚»‚Μ‘Ό,’“Τi—Φjκ,{ω‚Ή‚Έ,‚Θ‚µ
ή“,Τγ‚Λ‚η‚Ά,»£,O“Ή,131211,“‹“s,‘«—§‹ζ,Βδ‚Q’–Ϊ,2025/9/16,19,‚»‚Μ‘Ό,‚»‚Μ‘Ό,{ω‚Ή‚Έ,‚ ‚θ
ή“,Τγ‚Λ‚η‚Ά,»£,O“Ή,131211,“‹“s,‘«—§‹ζ,Βδ‚R’–Ϊ,2025/3/20,15,‚»‚Μ‘Ό,‚»‚Μ‘Ό,{ω‚Ή‚Έ,‚ ‚θ
ή“,Τγ‚Λ‚η‚Ά,»£,“a,131211,“‹“s,‘«—§‹ζ,“a‚P’–Ϊ,2025/5/23,17,“ΉHγ,‚»‚Μ‘Ό,{ω‚Ή‚Έ,‚ ‚θ
ή“,Τγ‚Λ‚η‚Ά,»£,“a,131211,“‹“s,‘«—§‹ζ,“a‚R’–Ϊ,2025/5/16,18,‚»‚Μ‘Ό,’“Τi—Φjκ,{ω‚Ή‚Έ,‚Θ‚µ
ή“,Τγ‚Λ‚η‚Ά,»£,“a,131211,“‹“s,‘«—§‹ζ,“a‚T’–Ϊ,2025/7/17,13,“ΉHγ,‚»‚Μ‘Ό,{ω‚Ή‚Έ,‚Θ‚µ
ή“,Τγ‚Λ‚η‚Ά,»£,_–Ύ,131211,“‹“s,‘«—§‹ζ,–k‰Α•½’¬,2025/1/16,13,κΛZ‘ξ,’“Τi—Φjκ,{ω‚Ή‚Έ,‚ ‚θ
ή“,Τγ‚Λ‚η‚Ά,»£,_–Ύ,131211,“‹“s,‘«—§‹ζ,’Cΐ‚P’–Ϊ,2025/7/12,9,“ΉHγ,‚»‚Μ‘Ό,{ω‚Ή‚Έ,‚ ‚θ
ή“,Τγ‚Λ‚η‚Ά,»£,_–Ύ,131211,“‹“s,‘«—§‹ζ,’Cΐ‚P’–Ϊ,2025/8/21,23,‚»‚Μ‘Ό‚ΜZ‘ξi‚RK‚ΔΘ‰Ί‹¤“―Z‘ξ“™j,’“Τi—Φjκ,{ω‚Ή‚Έ,‚ ‚θ
ή“,Τγ‚Λ‚η‚Ά,»£,_–Ύ,131211,“‹“s,‘«—§‹ζ,’Cΐ‚Q’–Ϊ,2025/8/31,17,“ΉHγ,‚»‚Μ‘Ό,{ω‚Ή‚Έ,‚ ‚θ
ή“,Τγ‚Λ‚η‚Ά,»£,_–Ύ,131211,“‹“s,‘«—§‹ζ,Z–Ψ‚R’–Ϊ,2025/7/2,20,‚»‚Μ‘Ό‚ΜZ‘ξi‚RK‚ΔΘ‰Ί‹¤“―Z‘ξ“™j,‚»‚Μ‘Ό,{ω‚Ή‚Έ,‚ ‚θ
ή“,Τγ‚Λ‚η‚Ά,»£,_–Ύ,131211,“‹“s,‘«—§‹ζ,’J’†‚T’–Ϊ,2025/7/30,17,“ΉHγ,‚»‚Μ‘Ό,{ω‚Ή‚Έ,‚Θ‚µ
ή“,Τγ‚Λ‚η‚Ά,»£,»£Z’–Ϊ,131211,“‹“s,‘«—§‹ζ,»£‚S’–Ϊ,2025/11/19,17,‚»‚Μ‘Ό,‚»‚Μ‘Ό,{ω‚Ή‚Έ,‚Θ‚µ
ή“,Τγ‚Λ‚η‚Ά,»£,»£Z’–Ϊ,131211,“‹“s,‘«—§‹ζ,»£‚U’–Ϊ,2025/2/27,1,‚»‚Μ‘Ό,‚»‚Μ‘Ό,{ω‚Ή‚Έ,‚ ‚θ
ή“,Τγ‚Λ‚η‚Ά,»£,»£Z’–Ϊ,131211,“‹“s,‘«—§‹ζ,»£‚V’–Ϊ,2025/11/10,19,‚»‚Μ‘Ό,’“Τi—Φjκ,{ω‚µ‚½,‚Θ‚µ
ή“,Τγ‚Λ‚η‚Ά,»£,»£Z’–Ϊ,131211,“‹“s,‘«—§‹ζ,“»£‚R’–Ϊ,2025/11/12,19,‚»‚Μ‘Ό,‚»‚Μ‘Ό,{ω‚Ή‚Έ,‚Θ‚µ
ή“,Τγ‚Λ‚η‚Ά,»£,»£‰w“ϋ,131211,“‹“s,‘«—§‹ζ,»£‚R’–Ϊ,2025/1/8,20,‚»‚Μ‘Ό,’“Τi—Φjκ,{ω‚Ή‚Έ,‚Θ‚µ
ή“,Τγ‚Λ‚η‚Ά,»£,»£‰w“ϋ,131211,“‹“s,‘«—§‹ζ,»£‚T’–Ϊ,2025/6/13,19,“ΉHγ,‚»‚Μ‘Ό,{ω‚Ή‚Έ,‚ ‚θ
ή“,Τγ‚Λ‚η‚Ά,»£,»£‰w“ϋ,131211,“‹“s,‘«—§‹ζ,»£‚T’–Ϊ,2025/10/25,13,‚SK‚ΔΘγ‹¤“―Z‘ξ,‚»‚Μ‘Ό,{ω‚Ή‚Έ,‚ ‚θ
ή“,Τγ‚Λ‚η‚Ά,’|‚Μ’Λ,Ι‹»’¬,131211,“‹“s,‘«—§‹ζ,Ι‹»‚P’–Ϊ,2025/10/30,13,κΛZ‘ξ,‚»‚Μ‘Ό,{ω‚Ή‚Έ,‚ ‚θ
ή“,Τγ‚Λ‚η‚Ά,’|‚Μ’Λ,Ι‹»’¬,131211,“‹“s,‘«—§‹ζ,Ι‹»‚Q’–Ϊ,2025/4/4,18,‚»‚Μ‘Ό,’“Τi—Φjκ,{ω‚Ή‚Έ,‚Θ‚µ
ή“,Τγ‚Λ‚η‚Ά,’|‚Μ’Λ,Ι‹»’¬,131211,“‹“s,‘«—§‹ζ,Ι‹»‚Q’–Ϊ,2025/4/5,17,‚»‚Μ‘Ό,’“Τi—Φjκ,{ω‚Ή‚Έ,‚ ‚θ
ή“,Τγ‚Λ‚η‚Ά,’|‚Μ’Λ,Ι‹»’¬,131211,“‹“s,‘«—§‹ζ,Ι‹»‚R’–Ϊ,2025/1/2,9,‚»‚Μ‘Ό,’“Τi—Φjκ,{ω‚Ή‚Έ,‚ ‚θ
ή“,Τγ‚Λ‚η‚Ά,’|‚Μ’Λ,Ι‹»’¬,131211,“‹“s,‘«—§‹ζ,Ι‹»‚R’–Ϊ,2025/4/11,13,“ΉHγ,‚»‚Μ‘Ό,{ω‚Ή‚Έ,‚ ‚θ
ή“,Τγ‚Λ‚η‚Ά,’|‚Μ’Λ,Ι‹»’¬,131211,“‹“s,‘«—§‹ζ,Ι‹»‚S’–Ϊ,2025/5/23,8,‚»‚Μ‘Ό,’“Τi—Φjκ,{ω‚Ή‚Έ,‚Θ‚µ
ή“,Τγ‚Λ‚η‚Ά,’|‚Μ’Λ,Ι‹»’¬,131211,“‹“s,‘«—§‹ζ,ΌΙ‹»‚S’–Ϊ,2025/3/22,13,‚»‚Μ‘Ό,’“Τi—Φjκ,{ω‚Ή‚Έ,‚Θ‚µ
ή“,Τγ‚Λ‚η‚Ά,’|‚Μ’Λ,Ι‹»’¬,131211,“‹“s,‘«—§‹ζ,ΌΙ‹»‚S’–Ϊ,2025/3/30,19,‚»‚Μ‘Ό,’“Τi—Φjκ,{ω‚Ή‚Έ,‚Θ‚µ
ή“,Τγ‚Λ‚η‚Ά,’|‚Μ’Λ,Ι‹»’¬,131211,“‹“s,‘«—§‹ζ,ΌΙ‹»‚S’–Ϊ,2025/4/11,18,‚»‚Μ‘Ό,’“Τi—Φjκ,{ω‚Ή‚Έ,‚Θ‚µ
ή“,Τγ‚Λ‚η‚Ά,’|‚Μ’Λ,Ι‹»’¬,131211,“‹“s,‘«—§‹ζ,Ό’|‚Μ’Λ‚P’–Ϊ,2025/11/20,18,‚SK‚ΔΘγ‹¤“―Z‘ξ,‚»‚Μ‘Ό,{ω‚µ‚½,‚Θ‚µ
ή“,Τγ‚Λ‚η‚Ά,’|‚Μ’Λ,Ι‹»’¬,131211,“‹“s,‘«—§‹ζ,Ό’|‚Μ’Λ‚Q’–Ϊ,2025/3/24,14,’“Τi—Φjκ,’“Τi—Φjκ,{ω‚Ή‚Έ,‚Θ‚µ
ή“,Τγ‚Λ‚η‚Ά,’|‚Μ’Λ,Ι‹»’¬,131211,“‹“s,‘«—§‹ζ,Ό’|‚Μ’Λ‚Q’–Ϊ,2025/10/29,10,‚»‚Μ‘Ό,’“Τi—Φjκ,{ω‚Ή‚Έ,‚Θ‚µ
ή“,Τγ‚Λ‚η‚Ά,’|‚Μ’Λ,Ι‹»’¬,131211,“‹“s,‘«—§‹ζ,“Ι‹»‚Q’–Ϊ,2025/12/3,16,’“Τi—Φjκ,’“Τi—Φjκ,{ω‚Ή‚Έ,‚Θ‚µ
ή“,Τγ‚Λ‚η‚Ά,’|‚Μ’Λ,•Ϋ–ΨΤ,131211,“‹“s,‘«—§‹ζ,•Ϋ–ΨΤ‚R’–Ϊ,2025/1/15,10,‚»‚Μ‘Ό,’“Τi—Φjκ,{ω‚Ή‚Έ,‚Θ‚µ
ή“,Τγ‚Λ‚η‚Ά,’|‚Μ’Λ,•Ϋ–ΨΤ,131211,“‹“s,‘«—§‹ζ,•Ϋ–ΨΤ‚R’–Ϊ,2025/1/18,14,“ΉHγ,‚»‚Μ‘Ό,{ω‚Ή‚Έ,‚ ‚θ
ή“,Τγ‚Λ‚η‚Ά,’|‚Μ’Λ,•Ϋ–ΨΤ,131211,“‹“s,‘«—§‹ζ,•Ϋ–ΨΤ‚T’–Ϊ,2025/9/13,20,‚»‚Μ‘Ό,’“Τi—Φjκ,{ω‚Ή‚Έ,‚Θ‚µ
ή“,Τγ‚Λ‚η‚Ά,’|‚Μ’Λ,“ό’J’¬,131211,“‹“s,‘«—§‹ζ,“ό’J‚Q’–Ϊ,2025/10/2,17,‚»‚Μ‘Ό,‚»‚Μ‘Ό,{ω‚Ή‚Έ,‚Θ‚µ
ή“,Τγ‚Λ‚η‚Ά,’|‚Μ’Λ,“ό’J’¬,131211,“‹“s,‘«—§‹ζ,“ό’J‚R’–Ϊ,2025/6/17,8,‚SK‚ΔΘγ‹¤“―Z‘ξ,’“Τi—Φjκ,{ω‚Ή‚Έ,‚ ‚θ
ή“,Τγ‚Λ‚η‚Ά,’|‚Μ’Λ,“ό’J’¬,131211,“‹“s,‘«—§‹ζ,“ό’J‚R’–Ϊ,2025/8/12,10,“ΉHγ,‚»‚Μ‘Ό,{ω‚Ή‚Έ,‚ ‚θ
ή“,Τγ‚Λ‚η‚Ά,’|‚Μ’Λ,Γη’J,131211,“‹“s,‘«—§‹ζ,ΌΙ‹»‚P’–Ϊ,2025/5/16,16,‚»‚Μ‘Ό,’“Τi—Φjκ,{ω‚Ή‚Έ,‚ ‚θ
ή“,Τγ‚Λ‚η‚Ά,’|‚Μ’Λ,’|‚Μ’Λ‰w‘O,131211,“‹“s,‘«—§‹ζ,’|‚Μ’Λ‚P’–Ϊ,2025/1/17,23,’“Τi—Φjκ,’“Τi—Φjκ,{ω‚Ή‚Έ,‚ ‚θ
ή“,Τγ‚Λ‚η‚Ά,’|‚Μ’Λ,’|‚Μ’Λ‰w‘O,131211,“‹“s,‘«—§‹ζ,’|‚Μ’Λ‚P’–Ϊ,2025/1/19,23,“ΉHγ,‚»‚Μ‘Ό,{ω‚Ή‚Έ,‚Θ‚µ
ή“,Τγ‚Λ‚η‚Ά,’|‚Μ’Λ,’|‚Μ’Λ‰w‘O,131211,“‹“s,‘«—§‹ζ,’|‚Μ’Λ‚P’–Ϊ,2025/4/3,17,“ΉHγ,‚»‚Μ‘Ό,{ω‚Ή‚Έ,‚ ‚θ
ή“,Τγ‚Λ‚η‚Ά,’|‚Μ’Λ,’|‚Μ’Λ‰w‘O,131211,“‹“s,‘«—§‹ζ,’|‚Μ’Λ‚P’–Ϊ,2025/7/4,19,“ΉHγ,‚»‚Μ‘Ό,{ω‚Ή‚Έ,‚ ‚θ
ή“,Τγ‚Λ‚η‚Ά,’|‚Μ’Λ,’|‚Μ’Λ‰w‘O,131211,“‹“s,‘«—§‹ζ,’|‚Μ’Λ‚S’–Ϊ,2025/8/29,15,‚»‚Μ‘Ό‚ΜZ‘ξi‚RK‚ΔΘ‰Ί‹¤“―Z‘ξ“™j,’“Τi—Φjκ,{ω‚Ή‚Έ,‚Θ‚µ
ή“,Τγ‚Λ‚η‚Ά,’|‚Μ’Λ,’|‚Μ’Λ‰w‘O,131211,“‹“s,‘«—§‹ζ,’|‚Μ’Λ‚T’–Ϊ,2025/6/7,17,“ΉHγ,‚»‚Μ‘Ό,{ω‚Ή‚Έ,‚Θ‚µ
ή“,Τγ‚Λ‚η‚Ά,’|‚Μ’Λ,’|‚Μ’Λ‰w‘O,131211,“‹“s,‘«—§‹ζ,’|‚Μ’Λ‚U’–Ϊ,2025/12/5,21,‚»‚Μ‘Ό,’“Τi—Φjκ,{ω‚Ή‚Έ,‚Θ‚µ
ή“,Τγ‚Λ‚η‚Ά,’|‚Μ’Λ,’|‚Μ’Λ‰w‘O,131211,“‹“s,‘«—§‹ζ,‰Τ”¨‚S’–Ϊ,2025/9/3,17,‚»‚Μ‘Ό‚ΜZ‘ξi‚RK‚ΔΘ‰Ί‹¤“―Z‘ξ“™j,’“Τi—Φjκ,{ω‚Ή‚Έ,‚Θ‚µ
ή“,Τγ‚Λ‚η‚Ά,’|‚Μ’Λ,’|‚Μ’Λ‰w‘O,131211,“‹“s,‘«—§‹ζ,Ό’|‚Μ’Λ‚P’–Ϊ,2025/8/28,18,’“Τi—Φjκ,’“Τi—Φjκ,{ω‚Ή‚Έ,‚Θ‚µ
ή“,Τγ‚Λ‚η‚Ά,’|‚Μ’Λ,‰Τ”¨,131211,“‹“s,‘«—§‹ζ,’|‚Μ’Λ‚U’–Ϊ,2025/3/6,14,‚»‚Μ‘Ό,’“Τi—Φjκ,{ω‚Ή‚Έ,‚Θ‚µ
ή“,Τγ‚Λ‚η‚Ά,’|‚Μ’Λ,‰Τ”¨,131211,“‹“s,‘«—§‹ζ,‰Τ”¨‚S’–Ϊ,2025/11/6,10,‚»‚Μ‘Ό,’“Τi—Φjκ,{ω‚Ή‚Έ,‚Θ‚µ
ή“,Τγ‚Λ‚η‚Ά,’|‚Μ’Λ,‰Τ”¨,131211,“‹“s,‘«—§‹ζ,“μ‰Τ”¨‚Q’–Ϊ,2025/3/24,13,‚»‚Μ‘Ό,’“Τi—Φjκ,{ω‚Ή‚Έ,‚Θ‚µ
ή“,Τγ‚Λ‚η‚Ά,’|‚Μ’Λ,‰Τ”¨,131211,“‹“s,‘«—§‹ζ,“μ‰Τ”¨‚T’–Ϊ,2025/6/16,21,“ΉHγ,‚»‚Μ‘Ό,{ω‚Ή‚Έ,‚ ‚θ
ή“,Τγ‚Λ‚η‚Ά,’|‚Μ’Λ,‰Τ”¨–k,131211,“‹“s,‘«—§‹ζ,‰Τ”¨‚T’–Ϊ,2025/7/6,14,‚»‚Μ‘Ό,’“Τi—Φjκ,{ω‚Ή‚Έ,‚Θ‚µ
ή“,Τγ‚Λ‚η‚Ά,’|‚Μ’Λ,‰Τ”¨–k,131211,“‹“s,‘«—§‹ζ,‰Τ”¨‚T’–Ϊ,2025/10/20,19,‚»‚Μ‘Ό,’“Τi—Φjκ,{ω‚Ή‚Έ,‚ ‚θ
ή“,Τγ‚Λ‚η‚Ά,’|‚Μ’Λ,Ό•Ϋ–ΨΤ,131211,“‹“s,‘«—§‹ζ,Ό•Ϋ–ΨΤ‚P’–Ϊ,2025/4/26,15,‚»‚Μ‘Ό,’“Τi—Φjκ,{ω‚Ή‚Έ,‚Θ‚µ
ή“,Τγ‚Λ‚η‚Ά,’|‚Μ’Λ,Ό•Ϋ–ΨΤ,131211,“‹“s,‘«—§‹ζ,Ό•Ϋ–ΨΤ‚Q’–Ϊ,2025/6/13,20,‚»‚Μ‘Ό,’“Τi—Φjκ,{ω‚µ‚½,‚ ‚θ
ή“,Τγ‚Λ‚η‚Ά,’|‚Μ’Λ,©ΐ‘γe…φ‰€‰w‘O,131211,“‹“s,‘«—§‹ζ,Ιl‚S’–Ϊ,2025/3/4,9,‚»‚Μ‘Ό,’“Τi—Φjκ,{ω‚Ή‚Έ,‚Θ‚µ
ή“,Τγ‚Λ‚η‚Ά,’|‚Μ’Λ,©ΐ‘γe…φ‰€‰w‘O,131211,“‹“s,‘«—§‹ζ,Γη’J–{’¬‚P’–Ϊ,2025/5/13,9,’“Τi—Φjκ,’“Τi—Φjκ,{ω‚Ή‚Έ,‚Θ‚µ
ή“,Τγ‚Λ‚η‚Ά,’|‚Μ’Λ,©ΐ‘γe…φ‰€‰w‘O,131211,“‹“s,‘«—§‹ζ,Γη’J–{’¬‚P’–Ϊ,2025/6/22,8,‚»‚Μ‘Ό,‚»‚Μ‘Ό,{ω‚Ή‚Έ,‚ ‚θ
ή“,Τγ‚Λ‚η‚Ά,ι“,‹TΛ,131083,“‹“s,]“‹ζ,‹TΛ‚V’–Ϊ,2025/8/26,9,“ΉHγ,‚»‚Μ‘Ό,{ω‚Ή‚Έ,‚Θ‚µ
ή“,Τγ‚Λ‚η‚Ά,ι“,‹TΛ,131083,“‹“s,]“‹ζ,‹TΛ‚V’–Ϊ,2025/12/10,12,’“Τi—Φjκ,’“Τi—Φjκ,{ω‚Ή‚Έ,‚ ‚θ
ή“,Τγ‚Λ‚η‚Ά,ι“,‹TΛ,131083,“‹“s,]“‹ζ,‹TΛ‚X’–Ϊ,2025/8/13,11,‚»‚Μ‘Ό,‚»‚Μ‘Ό,{ω‚Ή‚Έ,‚ ‚θ
ή“,Τγ‚Λ‚η‚Ά,ι“,‹TΛ‰w‘O,131083,“‹“s,]“‹ζ,‹TΛ‚Q’–Ϊ,2025/1/7,19,“ΉHγ,‚»‚Μ‘Ό,{ω‚Ή‚Έ,‚ ‚θ
ή“,Τγ‚Λ‚η‚Ά,ι“,‹TΛ‰w‘O,131083,“‹“s,]“‹ζ,‹TΛ‚Q’–Ϊ,2025/11/28,16,“ΉHγ,‚»‚Μ‘Ό,{ω‚Ή‚Έ,‚Θ‚µ
ή“,Τγ‚Λ‚η‚Ά,ι“,‹TΛ‰w‘O,131083,“‹“s,]“‹ζ,‹TΛ‚Q’–Ϊ,2025/12/21,18,‚»‚Μ‘Ό,’“Τi—Φjκ,{ω‚Ή‚Έ,‚Θ‚µ
ή“,Τγ‚Λ‚η‚Ά,ι“,‹TΛ‰w‘O,131083,“‹“s,]“‹ζ,‹TΛ‚T’–Ϊ,2025/8/2,17,κΛZ‘ξ,’“Τi—Φjκ,{ω‚Ή‚Έ,‚ ‚θ
ή“,Τγ‚Λ‚η‚Ά,ι“,‹TΛ‰w‘O,131083,“‹“s,]“‹ζ,‹TΛ‚U’–Ϊ,2025/3/8,18,‚SK‚ΔΘγ‹¤“―Z‘ξ,’“Τi—Φjκ,{ω‚Ή‚Έ,‚Θ‚µ
ή“,Τγ‚Λ‚η‚Ά,ι“,‹TΛ‰w‘O,131083,“‹“s,]“‹ζ,‹TΛ‚U’–Ϊ,2025/6/7,10,‚»‚Μ‘Ό,’“Τi—Φjκ,{ω‚Ή‚Έ,‚Θ‚µ
ή“,Τγ‚Λ‚η‚Ά,ι“,³”ª”¦,131083,“‹“s,]“‹ζ,V»‚R’–Ϊ,2025/7/3,6,‚»‚Μ‘Ό,’“Τi—Φjκ,{ω‚Ή‚Έ,‚Θ‚µ
ή“,Τγ‚Λ‚η‚Ά,ι“,³”ª”¦,131083,“‹“s,]“‹ζ,“μ»‚U’–Ϊ,2024/11/12,13,’“Τi—Φjκ,’“Τi—Φjκ,{ω‚µ‚½,‚ ‚θ
ή“,Τγ‚Λ‚η‚Ά,ι“,³”ª”¦,131083,“‹“s,]“‹ζ,“μ»‚U’–Ϊ,2025/10/16,17,‚»‚Μ‘Ό,’“Τi—Φjκ,{ω‚Ή‚Έ,‚Θ‚µ
ή“,Τγ‚Λ‚η‚Ά,ι“,–k»ά’–Ϊ,131083,“‹“s,]“‹ζ,‘ε“‡‚T’–Ϊ,2025/5/27,7,‚SK‚ΔΘγ‹¤“―Z‘ξ,‚»‚Μ‘Ό,{ω‚Ή‚Έ,‚Θ‚µ
ή“,Τγ‚Λ‚η‚Ά,ι“,–k»ά’–Ϊ,131083,“‹“s,]“‹ζ,–k»‚P’–Ϊ,2025/1/26,13,“ΉHγ,‚»‚Μ‘Ό,{ω‚Ή‚Έ,‚Θ‚µ
ή“,Τγ‚Λ‚η‚Ά,ι“,–k»ά’–Ϊ,131083,“‹“s,]“‹ζ,–k»‚T’–Ϊ,2025/4/17,15,‚SK‚ΔΘγ‹¤“―Z‘ξ,‚»‚Μ‘Ό,{ω‚Ή‚Έ,‚ ‚θ
ή“,Τγ‚Λ‚η‚Ά,ι“,–k»ά’–Ϊ,131083,“‹“s,]“‹ζ,–k»‚T’–Ϊ,2025/4/17,15,‚SK‚ΔΘγ‹¤“―Z‘ξ,‚»‚Μ‘Ό,{ω‚Ή‚Έ,‚ ‚θ
ή“,Τγ‚Λ‚η‚Ά,ι“,–k»ά’–Ϊ,131083,“‹“s,]“‹ζ,–k»‚T’–Ϊ,2025/4/29,16,‚SK‚ΔΘγ‹¤“―Z‘ξ,‚»‚Μ‘Ό,{ω‚Ή‚Έ,‚ ‚θ
ή“,Τγ‚Λ‚η‚Ά,ι“,–k»ά’–Ϊ,131083,“‹“s,]“‹ζ,–k»‚T’–Ϊ,2025/5/4,7,‚SK‚ΔΘγ‹¤“―Z‘ξ,‚»‚Μ‘Ό,{ω‚Ή‚Έ,‚Θ‚µ
ή“,Τγ‚Λ‚η‚Ά,ι“,–k»ά’–Ϊ,131083,“‹“s,]“‹ζ,–k»‚T’–Ϊ,2025/11/7,18,“ΉHγ,‚»‚Μ‘Ό,{ω‚Ή‚Έ,‚ ‚θ
ή“,Τγ‚Λ‚η‚Ά,ι“,–k»ά’–Ϊ,131083,“‹“s,]“‹ζ,–k»‚T’–Ϊ,2025/12/28,18,‚SK‚ΔΘγ‹¤“―Z‘ξ,‚»‚Μ‘Ό,{ω‚Ή‚Έ,‚ ‚θ
ή“,Τγ‚Λ‚η‚Ά,ι“,‘ε“‡,131083,“‹“s,]“‹ζ,‘ε“‡‚T’–Ϊ,2025/12/2,20,‚»‚Μ‘Ό,’“Τi—Φjκ,{ω‚Ή‚Έ,‚ ‚θ
ή“,Τγ‚Λ‚η‚Ά,ι“,‘ε“‡,131083,“‹“s,]“‹ζ,‘ε“‡‚U’–Ϊ,2025/6/20,0,‚SK‚ΔΘγ‹¤“―Z‘ξ,’“Τi—Φjκ,{ω‚Ή‚Έ,‚ ‚θ
ή“,Τγ‚Λ‚η‚Ά,ι“,“V_‹΄,131083,“‹“s,]“‹ζ,‹TΛ‚R’–Ϊ,2025/10/13,0,‚SK‚ΔΘγ‹¤“―Z‘ξ,’“Τi—Φjκ,{ω‚Ή‚Έ,‚Θ‚µ
ή“,Τγ‚Λ‚η‚Ά,ι“,“ϊ‘‚‹΄,131083,“‹“s,]“‹ζ,“μ»‚Q’–Ϊ,2025/8/19,13,‚SK‚ΔΘγ‹¤“―Z‘ξ,‚»‚Μ‘Ό,{ω‚Ή‚Έ,‚Θ‚µ
ή“,Τγ‚Λ‚η‚Ά,ι“,“ϊ‘‚‹΄,131083,“‹“s,]“‹ζ,“μ»‚R’–Ϊ,2025/6/13,4,’“Τi—Φjκ,’“Τi—Φjκ,{ω‚Ή‚Έ,‚ ‚θ
ή“,Τγ‚Λ‚η‚Ά,ι“,“ϊ‘‚‹΄,131083,“‹“s,]“‹ζ,“μ»‚R’–Ϊ,2025/7/3,17,‚SK‚ΔΘγ‹¤“―Z‘ξ,’“Τi—Φjκ,{ω‚Ή‚Έ,‚Θ‚µ
ή“,Τγ‚Λ‚η‚Ά,ι“,“‘ε“‡‰w‘O,131083,“‹“s,]“‹ζ,‘ε“‡‚W’–Ϊ,2025/6/21,9,‚»‚Μ‘Ό‚ΜZ‘ξi‚RK‚ΔΘ‰Ί‹¤“―Z‘ξ“™j,’“Τi—Φjκ,{ω‚Ή‚Έ,‚ ‚θ
ή“,Τγ‚Λ‚η‚Ά,ι“,”Τ‹΄,131083,“‹“s,]“‹ζ,“»‚P’–Ϊ,2025/8/26,22,‚»‚Μ‘Ό,‚»‚Μ‘Ό,{ω‚Ή‚Έ,‚ ‚θ
ή“,Τγ‚Λ‚η‚Ά,ι“,”Τ‹΄,131083,“‹“s,]“‹ζ,“»‚S’–Ϊ,2025/9/25,18,‚»‚Μ‘Ό,’“Τi—Φjκ,{ω‚Ή‚Έ,‚Θ‚µ
ή“,Τγ‚Λ‚η‚Ά,ι“,‹Ό‹΄Ό,131083,“‹“s,]“‹ζ,“»‚V’–Ϊ,2025/6/12,0,κΛZ‘ξ,’“Τi—Φjκ,{ω‚Ή‚Έ,‚ ‚θ
ή“,Τγ‚Λ‚η‚Ά,ι“,iJ‹΄,131083,“‹“s,]“‹ζ,‘ε“‡‚Q’–Ϊ,2025/9/9,15,’“Τi—Φjκ,’“Τi—Φjκ,{ω‚Ή‚Έ,‚Θ‚µ
ή“,Τγ‚Λ‚η‚Ά,ι“,iJ‹΄,131083,“‹“s,]“‹ζ,‘ε“‡‚Q’–Ϊ,2025/9/13,16,’“Τi—Φjκ,’“Τi—Φjκ,{ω‚Ή‚Έ,‚Θ‚µ
ή“,Τγ‚Λ‚η‚Ά,ι“,iJ‹΄,131083,“‹“s,]“‹ζ,‘ε“‡‚Q’–Ϊ,2025/12/8,17,“ΉHγ,‚»‚Μ‘Ό,{ω‚Ή‚Έ,‚Θ‚µ
ή“,Τγ‚Λ‚η‚Ά,ι“,iJ‹΄,131083,“‹“s,]“‹ζ,‘ε“‡‚S’–Ϊ,2025/1/8,12,’“Τi—Φjκ,’“Τi—Φjκ,{ω‚Ή‚Έ,‚Θ‚µ
ή“,Τγ‚Λ‚η‚Ά,ι“,iJ‹΄,131083,“‹“s,]“‹ζ,‘ε“‡‚S’–Ϊ,2025/11/8,21,‚SK‚ΔΘγ‹¤“―Z‘ξ,’“Τi—Φjκ,{ω‚Ή‚Έ,‚Θ‚µ
ή“,Τγ‚Λ‚η‚Ά,–{,—Ό‘,131075,“‹“s,–n“c‹ζ,ηΞ‚P’–Ϊ,2025/1/15,9,“ΉHγ,‚»‚Μ‘Ό,{ω‚Ή‚Έ,‚ ‚θ
ή“,Τγ‚Λ‚η‚Ά,–{,—Ό‘,131075,“‹“s,–n“c‹ζ,—Ό‘‚R’–Ϊ,2025/10/28,13,“ΉHγ,‚»‚Μ‘Ό,{ω‚Ή‚Έ,‚ ‚θ
ή“,Τγ‚Λ‚η‚Ά,–{,‰γ‰w‘O,131075,“‹“s,–n“c‹ζ,‹Ζ•½‚R’–Ϊ,2025/12/16,14,“ΉHγ,‚»‚Μ‘Ό,{ω‚Ή‚Έ,‚ ‚θ
ή“,Τγ‚Λ‚η‚Ά,–{,‰΅μ,131075,“‹“s,–n“c‹ζ,‘Ύ•½‚S’–Ϊ,2025/6/18,23,‚»‚Μ‘Ό,’“Τi—Φjκ,{ω‚Ή‚Έ,‚Θ‚µ
ή“,Τγ‚Λ‚η‚Ά,–{,‰΅μ,131075,“‹“s,–n“c‹ζ,‰΅μ‚T’–Ϊ,2025/7/14,16,‚»‚Μ‘Ό,‚»‚Μ‘Ό,{ω‚Ή‚Έ,‚Θ‚µ
ή“,Τγ‚Λ‚η‚Ά,–{,‰΅–Τ,131075,“‹“s,–n“c‹ζ,Ξ΄‚Q’–Ϊ,2025/6/4,13,“ΉHγ,‚»‚Μ‘Ό,{ω‚Ή‚Έ,‚ ‚θ
ή“,Τγ‚Λ‚η‚Ά,–{,]“‹΄,131075,“‹“s,–n“c‹ζ,‹T‘ς‚S’–Ϊ,2025/6/14,0,“ΉHγ,‚»‚Μ‘Ό,{ω‚Ή‚Έ,‚ ‚θ
ή“,Τγ‚Λ‚η‚Ά,–{,Ξ΄O’–Ϊ,131075,“‹“s,–n“c‹ζ,Ξ΄‚P’–Ϊ,2025/5/19,11,“ΉHγ,‚»‚Μ‘Ό,{ω‚Ή‚Έ,‚ ‚θ
ή“,Τγ‚Λ‚η‚Ά,–{,‹Ρ…’¬‰w–kϋ,131075,“‹“s,–n“c‹ζ,‹Ρ…‚P’–Ϊ,2025/4/2,20,‚»‚Μ‘Ό,‚»‚Μ‘Ό,{ω‚Ή‚Έ,‚ ‚θ
ή“,Τγ‚Λ‚η‚Ά,–{,‹Ρ…’¬‰w–kϋ,131075,“‹“s,–n“c‹ζ,‹Ρ…‚S’–Ϊ,2025/6/26,5,“ΉHγ,‚»‚Μ‘Ό,{ω‚Ή‚Έ,‚ ‚θ
ή“,Τγ‚Λ‚η‚Ά,–{,‹Ρ…’¬‰w–kϋ,131075,“‹“s,–n“c‹ζ,‹Ρ…‚S’–Ϊ,2025/10/7,8,’“Τi—Φjκ,’“Τi—Φjκ,{ω‚Ή‚Έ,‚Θ‚µ
ή“,Τγ‚Λ‚η‚Ά,–{,‹Ρ…’¬‰w–kϋ,131075,“‹“s,–n“c‹ζ,‘Ύ•½‚P’–Ϊ,2025/4/11,13,‚SK‚ΔΘγ‹¤“―Z‘ξ,’“Τi—Φjκ,{ω‚Ή‚Έ,‚ ‚θ
ή“,Τγ‚Λ‚η‚Ά,–{,‹Ρ…’¬‰w“μϋ,131075,“‹“s,–n“c‹ζ,]“‹΄‚Q’–Ϊ,2025/6/9,11,“ΉHγ,‚»‚Μ‘Ό,{ω‚Ή‚Έ,‚ ‚θ
ή“,Τγ‚Λ‚η‚Ά,–{,‹Ρ…’¬‰w“μϋ,131075,“‹“s,–n“c‹ζ,]“‹΄‚S’–Ϊ,2025/3/18,7,‚»‚Μ‘Ό,‚»‚Μ‘Ό,{ω‚Ή‚Έ,‚ ‚θ
ή“,Τγ‚Λ‚η‚Ά,–{,‹Ρ…’¬‰w“μϋ,131075,“‹“s,–n“c‹ζ,]“‹΄‚S’–Ϊ,2025/4/6,20,‚»‚Μ‘Ό,’“Τi—Φjκ,{ω‚Ή‚Έ,‚ ‚θ
ή“,Τγ‚Λ‚η‚Ά,–{,‹Ρ…’¬‰w“μϋ,131075,“‹“s,–n“c‹ζ,]“‹΄‚S’–Ϊ,2025/6/12,3,“ΉHγ,‚»‚Μ‘Ό,{ω‚Ή‚Έ,‚ ‚θ
ή“,Τγ‚Λ‚η‚Ά,–{,‹Ρ…’¬‰w“μϋ,131075,“‹“s,–n“c‹ζ,]“‹΄‚S’–Ϊ,2025/7/15,5,“ΉHγ,‚»‚Μ‘Ό,{ω‚Ή‚Έ,‚ ‚θ
ή“,Τγ‚Λ‚η‚Ά,–{,,131067,“‹“s,‘δ“‹ζ,‰ΤμΛ‚P’–Ϊ,2025/5/16,19,“ΉHγ,‚»‚Μ‘Ό,{ω‚Ή‚Έ,‚ ‚θ
ή“,Τγ‚Λ‚η‚Ά,ό“‡,lƒc–Ψ‹΄,131075,“‹“s,–n“c‹ζ,“ό“‡‚T’–Ϊ,2025/9/14,12,‚»‚Μ‘Ό,’“Τi—Φjκ,{ω‚Ή‚Έ,‚Θ‚µ
ή“,Τγ‚Λ‚η‚Ά,ό“‡,lƒc–Ψ‹΄,131075,“‹“s,–n“c‹ζ,”ªL‚U’–Ϊ,2025/8/14,13,‚»‚Μ‘Ό,’“Τi—Φjκ,{ω‚Ή‚Έ,‚ ‚θ
ή“,Τγ‚Λ‚η‚Ά,ό“‡,¬‘Ίδ,131075,“‹“s,–n“c‹ζ,—§‰Τ‚P’–Ϊ,2025/12/11,17,“ΉHγ,‚»‚Μ‘Ό,{ω‚µ‚½,‚Θ‚µ
ή“,Τγ‚Λ‚η‚Ά,ό“‡,¬‘Ίδ,131075,“‹“s,–n“c‹ζ,—§‰Τ‚T’–Ϊ,2025/2/28,18,‚»‚Μ‘Ό,’“Τi—Φjκ,{ω‚Ή‚Έ,‚Θ‚µ
ή“,Τγ‚Λ‚η‚Ά,ό“‡,“ό“‡,131075,“‹“s,–n“c‹ζ,“ό“‡‚Q’–Ϊ,2025/2/23,18,“ΉHγ,‚»‚Μ‘Ό,{ω‚Ή‚Έ,‚ ‚θ
ή“,Τγ‚Λ‚η‚Ά,ό“‡,“ό“‡,131075,“‹“s,–n“c‹ζ,“ό“‡‚Q’–Ϊ,2025/8/4,22,‚»‚Μ‘Ό,‚»‚Μ‘Ό,{ω‚Ή‚Έ,‚Θ‚µ
ή“,Τγ‚Λ‚η‚Ά,ό“‡,“ό“‡,131075,“‹“s,–n“c‹ζ,“ό“‡‚U’–Ϊ,2025/10/25,10,‚SK‚ΔΘγ‹¤“―Z‘ξ,’“Τi—Φjκ,{ω‚µ‚½,‚Θ‚µ
ή“,Τγ‚Λ‚η‚Ά,ό“‡,”’ιΆ‹΄,131075,“‹“s,–n“c‹ζ,–n“c‚P’–Ϊ,2025/7/30,17,‚»‚Μ‘Ό,’“Τi—Φjκ,{ω‚Ή‚Έ,‚ ‚θ
ή“,Τγ‚Λ‚η‚Ά,ό“‡,”’ιΆ‹΄,131075,“‹“s,–n“c‹ζ,–n“c‚Q’–Ϊ,2025/5/27,18,‚»‚Μ‘Ό,’“Τi—Φjκ,{ω‚Ή‚Έ,‚Θ‚µ
ή“,Τγ‚Λ‚η‚Ά,ό“‡,”’ιΆ‹΄,131075,“‹“s,–n“c‹ζ,–n“c‚Q’–Ϊ,2025/8/15,14,‚»‚Μ‘Ό,’“Τi—Φjκ,{ω‚Ή‚Έ,‚Θ‚µ
ή“,Τγ‚Λ‚η‚Ά,ό“‡,”’ιΆ‹΄,131075,“‹“s,–n“c‹ζ,’η’Κ‚Q’–Ϊ,2025/1/27,16,‚SK‚ΔΘγ‹¤“―Z‘ξ,’“Τi—Φjκ,{ω‚Ή‚Έ,‚Θ‚µ
ή“,Τγ‚Λ‚η‚Ά,ό“‡,ΰƒP•£‰w‘O,131075,“‹“s,–n“c‹ζ,–n“c‚Q’–Ϊ,2025/7/24,7,’“Τi—Φjκ,’“Τi—Φjκ,{ω‚µ‚½,‚Θ‚µ
ή“,Τγ‚Λ‚η‚Ά,ό“‡,ΰƒP•£‰w‘O,131075,“‹“s,–n“c‹ζ,–n“c‚T’–Ϊ,2025/8/14,0,κΛZ‘ξ,’“Τi—Φjκ,{ω‚Ή‚Έ,‚ ‚θ
ή“,Τγ‚Λ‚η‚Ά,‹T—L,‹T—L‰w–kϋ,131229,“‹“s,‹ό‹ζ,‹T—L‚T’–Ϊ,2025/1/4,19,“ΉHγ,‚»‚Μ‘Ό,{ω‚Ή‚Έ,‚ ‚θ
ή“,Τγ‚Λ‚η‚Ά,‹T—L,‹T—L‰w“μϋ,131229,“‹“s,‹ό‹ζ,‹T—L‚R’–Ϊ,2025/3/22,15,‚»‚Μ‘Ό,’“Τi—Φjκ,{ω‚Ή‚Έ,‚Θ‚µ
ή“,Τγ‚Λ‚η‚Ά,‹T—L,‹T—L‰w“μϋ,131229,“‹“s,‹ό‹ζ,‹T—L‚R’–Ϊ,2025/6/7,7,“ΉHγ,‚»‚Μ‘Ό,{ω‚Ή‚Έ,‚ ‚θ
ή“,Τγ‚Λ‚η‚Ά,‹T—L,‹T—L‰w“μϋ,131229,“‹“s,‹ό‹ζ,‹T—L‚R’–Ϊ,2025/8/4,19,‚»‚Μ‘Ό,’“Τi—Φjκ,{ω‚Ή‚Έ,‚Θ‚µ
ή“,Τγ‚Λ‚η‚Ά,‹T—L,‹T—L‰w“μϋ,131229,“‹“s,‹ό‹ζ,‹T—L‚R’–Ϊ,2025/9/18,14,‚»‚Μ‘Ό,’“Τi—Φjκ,{ω‚Ή‚Έ,‚Θ‚µ
ή“,Τγ‚Λ‚η‚Ά,‹T—L,‹T—L‰w“μϋ,131229,“‹“s,‹ό‹ζ,‹T—L‚R’–Ϊ,2025/11/17,17,‚»‚Μ‘Ό,’“Τi—Φjκ,{ω‚Ή‚Έ,‚Θ‚µ
ή“,Τγ‚Λ‚η‚Ά,‹T—L,‹T—L‰w“μϋ,131229,“‹“s,‹ό‹ζ,‹T—L‚R’–Ϊ,2025/12/3,11,‚»‚Μ‘Ό,’“Τi—Φjκ,{ω‚Ή‚Έ,‚Θ‚µ
ή“,Τγ‚Λ‚η‚Ά,‹T—L,“μ…³,131229,“‹“s,‹ό‹ζ,Vh‚U’–Ϊ,2025/3/15,13,‚»‚Μ‘Ό,‚»‚Μ‘Ό,{ω‚Ή‚Έ,‚Θ‚µ
ή“,Τγ‚Λ‚η‚Ά,‹T—L,“μ…³,131229,“‹“s,‹ό‹ζ,Vh‚U’–Ϊ,2025/12/22,16,‚»‚Μ‘Ό,’“Τi—Φjκ,{ω‚Ή‚Έ,‚Θ‚µ
ή“,Τγ‚Λ‚η‚Ά,‹T—L,–xΨµ’–Ϊ,131229,“‹“s,‹ό‹ζ,–xΨ‚T’–Ϊ,2025/6/13,22,“ΉHγ,‚»‚Μ‘Ό,{ω‚Ή‚Έ,‚Θ‚µ
ή“,Τγ‚Λ‚η‚Ά,‹T—L,Δ–”,131229,“‹“s,‹ό‹ζ,Δ–”‚S’–Ϊ,2025/5/19,13,“ΉHγ,‚»‚Μ‘Ό,{ω‚Ή‚Έ,‚ ‚θ
ή“,Τγ‚Λ‚η‚Ά,‹T—L,Δ–”“ρ’–Ϊ,131229,“‹“s,‹ό‹ζ,Δ–”‚R’–Ϊ,2025/4/20,15,‚»‚Μ‘Ό,‚»‚Μ‘Ό,{ω‚Ή‚Έ,‚Θ‚µ
ή“,Τγ‚Λ‚η‚Ά,‹T—L,…³φ‰€‘O,131229,“‹“s,‹ό‹ζ,“…³‚Q’–Ϊ,2025/9/14,17,‚»‚Μ‘Ό‚ΜZ‘ξi‚RK‚ΔΘ‰Ί‹¤“―Z‘ξ“™j,’“Τi—Φjκ,{ω‚Ή‚Έ,‚Θ‚µ
ή“,Τγ‚Λ‚η‚Ά,‹T—L,‹O‹΄,131229,“‹“s,‹ό‹ζ,…³‚Q’–Ϊ,2025/11/14,18,‚»‚Μ‘Ό,’“Τi—Φjκ,{ω‚Ή‚Έ,‚Θ‚µ
ή“,Τγ‚Λ‚η‚Ά,‹T—L,Ό‹T—L,131229,“‹“s,‹ό‹ζ,Ό‹T—L‚P’–Ϊ,2025/7/10,11,“ΉHγ,‚»‚Μ‘Ό,{ω‚Ή‚Έ,‚ ‚θ
ή“,Τγ‚Λ‚η‚Ά,‹T—L,Ό‹T—L,131229,“‹“s,‹ό‹ζ,Ό‹T—L‚Q’–Ϊ,2025/10/7,15,‚»‚Μ‘Ό‚ΜZ‘ξi‚RK‚ΔΘ‰Ί‹¤“―Z‘ξ“™j,‚»‚Μ‘Ό,{ω‚Ή‚Έ,‚Θ‚µ
ή“,Τγ‚Λ‚η‚Ά,‹T—L,Ό‹T—L,131229,“‹“s,‹ό‹ζ,Ό‹T—L‚R’–Ϊ,2025/11/21,18,‚»‚Μ‘Ό,’“Τi—Φjκ,{ω‚Ή‚Έ,‚Θ‚µ
ή“,Τγ‚Λ‚η‚Ά,‹T—L,Ό…³,131229,“‹“s,‹ό‹ζ,Ό‹T—L‚R’–Ϊ,2025/1/24,17,‚»‚Μ‘Ό,‚»‚Μ‘Ό,{ω‚Ή‚Έ,‚Θ‚µ
ή“,Τγ‚Λ‚η‚Ά,‹T—L,Ό…³,131229,“‹“s,‹ό‹ζ,Ό…³‚U’–Ϊ,2025/7/9,19,’“Τi—Φjκ,’“Τi—Φjκ,{ω‚Ή‚Έ,‚Θ‚µ
ή“,Τγ‚Λ‚η‚Ά,‹T—L,‹ΰ’¬‰w–kϋ,131229,“‹“s,‹ό‹ζ,‹ΰ’¬‚R’–Ϊ,2025/5/16,9,“ΉHγ,‚»‚Μ‘Ό,{ω‚Ή‚Έ,‚ ‚θ
ή“,Τγ‚Λ‚η‚Ά,‹T—L,‹ΰ’¬‰w–kϋ,131229,“‹“s,‹ό‹ζ,“‹ΰ’¬‚R’–Ϊ,2025/9/28,12,“ΉHγ,‚»‚Μ‘Ό,{ω‚Ή‚Έ,‚ ‚θ
ή“,Τγ‚Λ‚η‚Ά,‹T—L,ΒΛ,131229,“‹“s,‹ό‹ζ,ΒΛ‚Q’–Ϊ,2025/4/8,12,‚»‚Μ‘Ό,‚»‚Μ‘Ό,{ω‚Ή‚Έ,‚Θ‚µ
ή“,Τγ‚Λ‚η‚Ά,‹T—L,ΒΛ,131229,“‹“s,‹ό‹ζ,ΒΛ‚R’–Ϊ,2024/12/24,13,“ΉHγ,‚»‚Μ‘Ό,{ω‚Ή‚Έ,‚Θ‚µ
ή“,Τγ‚Λ‚η‚Ά,‹T—L,ΒΛ,131229,“‹“s,‹ό‹ζ,ΒΛ‚R’–Ϊ,2025/3/18,18,“ΉHγ,‚»‚Μ‘Ό,{ω‚Ή‚Έ,‚Θ‚µ
ή“,Τγ‚Λ‚η‚Ά,‹T—L,ΒΛ,131229,“‹“s,‹ό‹ζ,ΒΛ‚R’–Ϊ,2025/7/27,23,‚»‚Μ‘Ό,’“Τi—Φjκ,{ω‚Ή‚Έ,‚Θ‚µ
ή“,Τγ‚Λ‚η‚Ά,‹T—L,ΒΛ,131229,“‹“s,‹ό‹ζ,ΒΛ‚S’–Ϊ,2025/10/28,15,‚»‚Μ‘Ό,‚»‚Μ‘Ό,{ω‚Ή‚Έ,‚Θ‚µ
ή“,Τγ‚Λ‚η‚Ά,‹T—L,ΒΛ,131229,“‹“s,‹ό‹ζ,ΒΛ‚W’–Ϊ,2025/7/7,18,‚»‚Μ‘Ό‚ΜZ‘ξi‚RK‚ΔΘ‰Ί‹¤“―Z‘ξ“™j,’“Τi—Φjκ,{ω‚Ή‚Έ,‚ ‚θ
ή“,Τγ‚Λ‚η‚Ά,‹T—L,ΒΛ,131229,“‹“s,‹ό‹ζ,‹T—L‚P’–Ϊ,2025/5/22,9,‚SK‚ΔΘγ‹¤“―Z‘ξ,‚»‚Μ‘Ό,{ω‚Ή‚Έ,‚ ‚θ
ή“,Τγ‚Λ‚η‚Ά,‹T—L,ΒΛ,131229,“‹“s,‹ό‹ζ,”’’Ή‚S’–Ϊ,2025/1/15,18,‚»‚Μ‘Ό,’“Τi—Φjκ,{ω‚Ή‚Έ,‚ ‚θ
ή“,Τγ‚Λ‚η‚Ά,‹ό,‚½‚Β‚έ‹΄,131229,“‹“s,‹ό‹ζ,ΌV¬β‚P’–Ϊ,2025/1/22,9,‚»‚Μ‘Ό,’“Τi—Φjκ,{ω‚Ή‚Έ,‚ ‚θ
ή“,Τγ‚Λ‚η‚Ά,‹ό,‚½‚Β‚έ‹΄,131229,“‹“s,‹ό‹ζ,ΌV¬β‚P’–Ϊ,2025/7/24,11,‚»‚Μ‘Ό,’“Τi—Φjκ,{ω‚Ή‚Έ,‚ ‚θ
ή“,Τγ‚Λ‚η‚Ά,‹ό,‚½‚Β‚έ‹΄,131229,“‹“s,‹ό‹ζ,ΌV¬β‚P’–Ϊ,2025/11/14,13,‚»‚Μ‘Ό,’“Τi—Φjκ,{ω‚Ή‚Έ,‚Θ‚µ
ή“,Τγ‚Λ‚η‚Ά,‹ό,‚½‚Β‚έ‹΄,131229,“‹“s,‹ό‹ζ,ΌV¬β‚Q’–Ϊ,2025/8/2,21,‚SK‚ΔΘγ‹¤“―Z‘ξ,’“Τi—Φjκ,{ω‚Ή‚Έ,‚Θ‚µ
ή“,Τγ‚Λ‚η‚Ά,‹ό,‚½‚Β‚έ‹΄,131229,“‹“s,‹ό‹ζ,ΌV¬β‚S’–Ϊ,2025/7/18,10,’“Τi—Φjκ,’“Τi—Φjκ,{ω‚Ή‚Έ,‚Θ‚µ
ή“,Τγ‚Λ‚η‚Ά,‹ό,‚½‚Β‚έ‹΄,131229,“‹“s,‹ό‹ζ,ΌV¬β‚S’–Ϊ,2025/10/9,21,‚»‚Μ‘Ό,’“Τi—Φjκ,{ω‚Ή‚Έ,‚Θ‚µ
ή“,Τγ‚Λ‚η‚Ά,‹ό,γ•½δ,131229,“‹“s,‹ό‹ζ,“V¬β‚V’–Ϊ,2025/1/31,19,’“Τi—Φjκ,’“Τi—Φjκ,{ω‚µ‚½,‚ ‚θ
ή“,Τγ‚Λ‚η‚Ά,‹ό,lƒc–Ψ,131229,“‹“s,‹ό‹ζ,l‚Β–Ψ‚P’–Ϊ,2025/8/28,9,’“Τi—Φjκ,’“Τi—Φjκ,{ω‚Ή‚Έ,‚ ‚θ
ή“,Τγ‚Λ‚η‚Ά,‹ό,lƒc–Ψ,131229,“‹“s,‹ό‹ζ,l‚Β–Ψ‚Q’–Ϊ,2025/4/28,18,‚»‚Μ‘Ό,‚»‚Μ‘Ό,{ω‚Ή‚Έ,‚ ‚θ
ή“,Τγ‚Λ‚η‚Ά,‹ό,–xΨ,131229,“‹“s,‹ό‹ζ,–xΨ‚P’–Ϊ,2025/4/26,18,‚»‚Μ‘Ό‚ΜZ‘ξi‚RK‚ΔΘ‰Ί‹¤“―Z‘ξ“™j,’“Τi—Φjκ,{ω‚Ή‚Έ,‚ ‚θ
ή“,Τγ‚Λ‚η‚Ά,‹ό,–xΨ‰w‘O,131229,“‹“s,‹ό‹ζ,–xΨ‚Q’–Ϊ,2025/5/13,19,’“Τi—Φjκ,’“Τi—Φjκ,{ω‚Ή‚Έ,‚ ‚θ
ή“,Τγ‚Λ‚η‚Ά,‹ό,–xΨ‰w‘O,131229,“‹“s,‹ό‹ζ,–xΨ‚R’–Ϊ,2025/5/25,21,“ΉHγ,‚»‚Μ‘Ό,{ω‚Ή‚Έ,‚ ‚θ
ή“,Τγ‚Λ‚η‚Ά,‹ό,–xΨ‰w‘O,131229,“‹“s,‹ό‹ζ,–xΨ‚S’–Ϊ,2025/8/19,9,‚SK‚ΔΘγ‹¤“―Z‘ξ,’“Τi—Φjκ,{ω‚µ‚½,‚ ‚θ
ή“,Τγ‚Λ‚η‚Ά,‹ό,‰Λ,131229,“‹“s,‹ό‹ζ,‰Λ‚V’–Ϊ,2025/9/23,14,‚»‚Μ‘Ό,’“Τi—Φjκ,{ω‚Ή‚Έ,‚ ‚θ
ή“,Τγ‚Λ‚η‚Ά,‹ό,‰Λ,131229,“‹“s,‹ό‹ζ,‰Λ‚W’–Ϊ,2025/5/4,16,’“Τi—Φjκ,’“Τi—Φjκ,{ω‚µ‚½,‚Θ‚µ
ή“,Τγ‚Λ‚η‚Ά,‹ό,•σ’¬,131229,“‹“s,‹ό‹ζ,•σ’¬‚P’–Ϊ,2025/5/15,12,“ΉHγ,‚»‚Μ‘Ό,{ω‚Ή‚Έ,‚ ‚θ
ή“,Τγ‚Λ‚η‚Ά,‹ό,•σ’¬,131229,“‹“s,‹ό‹ζ,•σ’¬‚P’–Ϊ,2025/11/13,14,“ΉHγ,‚»‚Μ‘Ό,{ω‚Ή‚Έ,‚Θ‚µ
ή“,Τγ‚Λ‚η‚Ά,‹ό,•σ’¬,131229,“‹“s,‹ό‹ζ,•σ’¬‚Q’–Ϊ,2025/11/9,19,‚»‚Μ‘Ό,‚»‚Μ‘Ό,{ω‚Ή‚Έ,‚Θ‚µ
ή“,Τγ‚Λ‚η‚Ά,‹ό,•σ’¬,131229,“‹“s,‹ό‹ζ,l‚Β–Ψ‚T’–Ϊ,2025/8/24,19,‚»‚Μ‘Ό,‚»‚Μ‘Ό,{ω‚Ή‚Έ,‚Θ‚µ
ή“,Τγ‚Λ‚η‚Ά,‹ό,•σ’¬,131229,“‹“s,‹ό‹ζ,l‚Β–Ψ‚T’–Ϊ,2025/10/16,13,“ΉHγ,‚»‚Μ‘Ό,{ω‚Ή‚Έ,‚ ‚θ
ή“,Τγ‚Λ‚η‚Ά,‹ό,•σ’¬,131229,“‹“s,‹ό‹ζ,l‚Β–Ψ‚T’–Ϊ,2025/11/25,4,‚»‚Μ‘Ό,’“Τi—Φjκ,{ω‚Ή‚Έ,‚Θ‚µ
ή“,Τγ‚Λ‚η‚Ά,‹ό,•σ’¬,131229,“‹“s,‹ό‹ζ,l‚Β–Ψ‚T’–Ϊ,2025/12/10,18,‚»‚Μ‘Ό,’“Τi—Φjκ,{ω‚Ή‚Έ,‚Θ‚µ
ή“,Τγ‚Λ‚η‚Ά,‹ό,¬Ό‹΄,131229,“‹“s,‹ό‹ζ,“V¬β‚Q’–Ϊ,2025/12/4,16,‚»‚Μ‘Ό,‚»‚Μ‘Ό,{ω‚Ή‚Έ,‚ ‚θ
ή“,Τγ‚Λ‚η‚Ά,‹ό,•½a‹΄,131229,“‹“s,‹ό‹ζ,“—§Ξ‚P’–Ϊ,2025/1/28,17,’“Τi—Φjκ,’“Τi—Φjκ,{ω‚µ‚½,‚ ‚θ
ή“,Τγ‚Λ‚η‚Ά,‹ό,•½a‹΄,131229,“‹“s,‹ό‹ζ,“—§Ξ‚P’–Ϊ,2025/4/5,20,‚»‚Μ‘Ό,‚»‚Μ‘Ό,{ω‚Ή‚Έ,‚Θ‚µ
ή“,Τγ‚Λ‚η‚Ά,‹ό,•½a‹΄,131229,“‹“s,‹ό‹ζ,“—§Ξ‚P’–Ϊ,2025/10/4,18,‚»‚Μ‘Ό,’“Τi—Φjκ,{ω‚µ‚½,‚ ‚θ
ή“,Τγ‚Λ‚η‚Ά,‹ό,V¬β‰w‘O,131229,“‹“s,‹ό‹ζ,V¬β‚P’–Ϊ,2025/4/29,13,’“Τi—Φjκ,’“Τi—Φjκ,{ω‚µ‚½,‚Θ‚µ
ή“,Τγ‚Λ‚η‚Ά,‹ό,V¬β‰w‘O,131229,“‹“s,‹ό‹ζ,V¬β‚Q’–Ϊ,2025/9/26,20,“ΉHγ,‚»‚Μ‘Ό,{ω‚Ή‚Έ,‚ ‚θ
ή“,Τγ‚Λ‚η‚Ά,‹ό,V¬β‰w‘O,131229,“‹“s,‹ό‹ζ,V¬β‚R’–Ϊ,2025/5/8,22,‚»‚Μ‘Ό,’“Τi—Φjκ,{ω‚µ‚½,‚Θ‚µ
ή“,Τγ‚Λ‚η‚Ά,‹ό,—§Ξ,131229,“‹“s,‹ό‹ζ,—§Ξ‚P’–Ϊ,2025/11/26,21,‚»‚Μ‘Ό,‚»‚Μ‘Ό,{ω‚Ή‚Έ,‚Θ‚µ
ή“,Τγ‚Λ‚η‚Ά,‹ό,—§Ξ‰w‘O,131229,“‹“s,‹ό‹ζ,—§Ξ‚Q’–Ϊ,2025/1/30,18,’“Τi—Φjκ,’“Τi—Φjκ,{ω‚µ‚½,‚ ‚θ
ή“,Τγ‚Λ‚η‚Ά,‹ό,—§Ξ‰w‘O,131229,“‹“s,‹ό‹ζ,—§Ξ‚T’–Ϊ,2025/6/25,19,“ΉHγ,‚»‚Μ‘Ό,{ω‚Ή‚Έ,‚ ‚θ
ή“,Τγ‚Λ‚η‚Ά,‹ό,™‘q,131229,“‹“s,‹ό‹ζ,™‘q‚P’–Ϊ,2025/2/25,15,κΛZ‘ξ,’“Τi—Φjκ,{ω‚Ή‚Έ,‚ ‚θ
ή“,Τγ‚Λ‚η‚Ά,‹ό,™‘q,131229,“‹“s,‹ό‹ζ,™‘q‚P’–Ϊ,2025/2/26,14,κΛZ‘ξ,’“Τi—Φjκ,{ω‚Ή‚Έ,‚ ‚θ
ή“,Τγ‚Λ‚η‚Ά,‹ό,™‘q,131229,“‹“s,‹ό‹ζ,™‘q‚P’–Ϊ,2025/9/17,19,‚»‚Μ‘Ό,‚»‚Μ‘Ό,{ω‚Ή‚Έ,‚ ‚θ
ή“,Τγ‚Λ‚η‚Ά,‹ό,™‘q,131229,“‹“s,‹ό‹ζ,‚»‚T’–Ϊ,2025/6/6,15,“ΉHγ,‚»‚Μ‘Ό,{ω‚Ή‚Έ,‚Θ‚µ
ή“,Τγ‚Λ‚η‚Ά,‹ό,Β“u‰w‘O,131229,“‹“s,‹ό‹ζ,ΒΛ‚P’–Ϊ,2025/3/10,12,“ΉHγ,‚»‚Μ‘Ό,{ω‚Ή‚Έ,‚ ‚θ
ή“,Τγ‚Λ‚η‚Ά,‹ό,Β“u‰w‘O,131229,“‹“s,‹ό‹ζ,ΒΛ‚R’–Ϊ,2025/1/9,19,’“Τi—Φjκ,’“Τi—Φjκ,{ω‚Ή‚Έ,‚Θ‚µ
ή“,Τγ‚Λ‚η‚Ά,‹ό,Β“u‰w‘O,131229,“‹“s,‹ό‹ζ,ΒΛ‚R’–Ϊ,2025/8/21,14,“ΉHγ,‚»‚Μ‘Ό,{ω‚Ή‚Έ,‚ ‚θ
ή“,Τγ‚Λ‚η‚Ά,‹ό,‚»‰w‘O,131229,“‹“s,‹ό‹ζ,‚»‚P’–Ϊ,2025/10/11,17,‚»‚Μ‘Ό‚ΜZ‘ξi‚RK‚ΔΘ‰Ί‹¤“―Z‘ξ“™j,’“Τi—Φjκ,{ω‚Ή‚Έ,‚Θ‚µ
ή“,Τγ‚Λ‚η‚Ά,¬Όμ,κ”V]‰w‘O,131237,“‹“s,]Λμ‹ζ,κ”V]‚R’–Ϊ,2025/2/22,14,‚»‚Μ‘Ό,‚»‚Μ‘Ό,{ω‚Ή‚Έ,‚ ‚θ
ή“,Τγ‚Λ‚η‚Ά,¬Όμ,κ”V]‰w‘O,131237,“‹“s,]Λμ‹ζ,Ό]‚V’–Ϊ,2025/1/7,13,‚»‚Μ‘Ό,’“Τi—Φjκ,{ω‚Ή‚Έ,‚ ‚θ
ή“,Τγ‚Λ‚η‚Ά,¬Όμ,κ”V]‰w‘O,131237,“‹“s,]Λμ‹ζ,Ό]‚V’–Ϊ,2025/1/22,16,‚»‚Μ‘Ό,‚»‚Μ‘Ό,{ω‚Ή‚Έ,‚ ‚θ
ή“,Τγ‚Λ‚η‚Ά,¬Όμ,‹—t’Κ,131237,“‹“s,]Λμ‹ζ,Όκ”V]‚Q’–Ϊ,2025/5/28,19,‚»‚Μ‘Ό,’“Τi—Φjκ,{ω‚µ‚½,‚Θ‚µ
ή“,Τγ‚Λ‚η‚Ά,¬Όμ,‹—t’Κ,131237,“‹“s,]Λμ‹ζ,Όκ”V]‚Q’–Ϊ,2025/8/10,21,‚»‚Μ‘Ό,’“Τi—Φjκ,{ω‚Ή‚Έ,‚ ‚θ
ή“,Τγ‚Λ‚η‚Ά,¬Όμ,‹—t’Κ,131237,“‹“s,]Λμ‹ζ,Όκ”V]‚Q’–Ϊ,2025/11/20,19,‚»‚Μ‘Ό,’“Τi—Φjκ,{ω‚µ‚½,‚ ‚θ
ή“,Τγ‚Λ‚η‚Ά,¬Όμ,‹—t’Κ,131237,“‹“s,]Λμ‹ζ,‘ε™‚Q’–Ϊ,2025/1/19,10,’“Τi—Φjκ,’“Τi—Φjκ,{ω‚µ‚½,‚ ‚θ
ή“,Τγ‚Λ‚η‚Ά,¬Όμ,‹—t’Κ,131237,“‹“s,]Λμ‹ζ,‘ε™‚Q’–Ϊ,2025/1/20,19,‚SK‚ΔΘγ‹¤“―Z‘ξ,’“Τi—Φjκ,{ω‚µ‚½,‚ ‚θ
ή“,Τγ‚Λ‚η‚Ά,¬Όμ,‹—t’Κ,131237,“‹“s,]Λμ‹ζ,‘ε™‚Q’–Ϊ,2025/11/20,9,‚»‚Μ‘Ό,’“Τi—Φjκ,{ω‚µ‚½,‚Θ‚µ
ή“,Τγ‚Λ‚η‚Ά,¬Όμ,΅δ,131237,“‹“s,]Λμ‹ζ,]Λμ‚R’–Ϊ,2025/9/19,20,’“Τi—Φjκ,’“Τi—Φjκ,{ω‚µ‚½,‚Θ‚µ
ή“,Τγ‚Λ‚η‚Ά,¬Όμ,΅δ,131237,“‹“s,]Λμ‹ζ,Ό]‚S’–Ϊ,2025/5/11,20,’“Τi—Φjκ,’“Τi—Φjκ,{ω‚Ή‚Έ,‚ ‚θ
ή“,Τγ‚Λ‚η‚Ά,¬Όμ,”ª‘ ‹΄,131237,“‹“s,]Λμ‹ζ,’†‰›‚P’–Ϊ,2025/1/25,16,‚»‚Μ‘Ό,’“Τi—Φjκ,{ω‚Ή‚Έ,‚ ‚θ
ή“,Τγ‚Λ‚η‚Ά,¬Όμ,”ª‘ ‹΄,131237,“‹“s,]Λμ‹ζ,’†‰›‚P’–Ϊ,2025/3/20,23,“ΉHγ,‚»‚Μ‘Ό,{ω‚Ή‚Έ,‚Θ‚µ
ή“,Τγ‚Λ‚η‚Ά,¬Όμ,”ª‘ ‹΄,131237,“‹“s,]Λμ‹ζ,’†‰›‚P’–Ϊ,2025/6/14,11,‚»‚Μ‘Ό,’“Τi—Φjκ,{ω‚Ή‚Έ,‚Θ‚µ
ή“,Τγ‚Λ‚η‚Ά,¬Όμ,”ª‘ ‹΄,131237,“‹“s,]Λμ‹ζ,’†‰›‚P’–Ϊ,2025/11/2,17,‚»‚Μ‘Ό,’“Τi—Φjκ,{ω‚Ή‚Έ,‚ ‚θ
ή“,Τγ‚Λ‚η‚Ά,¬Όμ,”ª‘ ‹΄,131237,“‹“s,]Λμ‹ζ,’†‰›‚Q’–Ϊ,2025/5/18,0,“ΉHγ,‚»‚Μ‘Ό,{ω‚Ή‚Έ,‚Θ‚µ
ή“,Τγ‚Λ‚η‚Ά,¬Όμ,”ª‘ ‹΄,131237,“‹“s,]Λμ‹ζ,’†‰›‚R’–Ϊ,2025/2/9,15,‚»‚Μ‘Ό,’“Τi—Φjκ,{ω‚Ή‚Έ,‚Θ‚µ
ή“,Τγ‚Λ‚η‚Ά,¬Όμ,”ª‘ ‹΄,131237,“‹“s,]Λμ‹ζ,’†‰›‚R’–Ϊ,2025/4/24,13,‚»‚Μ‘Ό,’“Τi—Φjκ,{ω‚Ή‚Έ,‚Θ‚µ
ή“,Τγ‚Λ‚η‚Ά,¬Όμ,”ª‘ ‹΄,131237,“‹“s,]Λμ‹ζ,Ό“‡‚P’–Ϊ,2025/1/29,15,‚»‚Μ‘Ό,‚»‚Μ‘Ό,{ω‚Ή‚Έ,‚Θ‚µ
ή“,Τγ‚Λ‚η‚Ά,¬Όμ,”ª‘ ‹΄,131237,“‹“s,]Λμ‹ζ,Ό“‡‚P’–Ϊ,2025/3/29,20,‚»‚Μ‘Ό‚ΜZ‘ξi‚RK‚ΔΘ‰Ί‹¤“―Z‘ξ“™j,’“Τi—Φjκ,{ω‚µ‚½,‚Θ‚µ
ή“,Τγ‚Λ‚η‚Ά,¬Όμ,”ª‘ ‹΄,131237,“‹“s,]Λμ‹ζ,‘ε™‚T’–Ϊ,2025/1/20,17,‚»‚Μ‘Ό‚ΜZ‘ξi‚RK‚ΔΘ‰Ί‹¤“―Z‘ξ“™j,’“Τi—Φjκ,{ω‚µ‚½,‚Θ‚µ
ή“,Τγ‚Λ‚η‚Ά,¬Όμ,“μΒθ,131237,“‹“s,]Λμ‹ζ,]Λμ‚P’–Ϊ,2025/3/9,18,“ΉHγ,‚»‚Μ‘Ό,{ω‚Ή‚Έ,‚Θ‚µ
ή“,Τγ‚Λ‚η‚Ά,¬Όμ,“μΒθ,131237,“‹“s,]Λμ‹ζ,]Λμ‚P’–Ϊ,2025/10/29,19,’“Τi—Φjκ,’“Τi—Φjκ,{ω‚Ή‚Έ,‚Θ‚µ
ή“,Τγ‚Λ‚η‚Ά,¬Όμ,“μΒθ,131237,“‹“s,]Λμ‹ζ,]Λμ‚Q’–Ϊ,2025/2/18,12,κΛZ‘ξ,‚»‚Μ‘Ό,{ω‚Ή‚Έ,‚ ‚θ
ή“,Τγ‚Λ‚η‚Ά,¬Όμ,¬Όμκ’–Ϊ,131237,“‹“s,]Λμ‹ζ,¬Όμ‚P’–Ϊ,2025/8/18,19,“ΉHγ,‚»‚Μ‘Ό,{ω‚Ή‚Έ,‚ ‚θ
ή“,Τγ‚Λ‚η‚Ά,¬Όμ,¬Όμl’–Ϊ,131237,“‹“s,]Λμ‹ζ,¬Όμ‚R’–Ϊ,2025/11/12,9,‚SK‚ΔΘγ‹¤“―Z‘ξ,’“Τi—Φjκ,{ω‚Ή‚Έ,‚Θ‚µ
ή“,Τγ‚Λ‚η‚Ά,¬Όμ,¬Όμl’–Ϊ,131237,“‹“s,]Λμ‹ζ,•½δ‚Q’–Ϊ,2025/12/2,9,‚»‚Μ‘Ό,’“Τi—Φjκ,{ω‚Ή‚Έ,‚Θ‚µ
ή“,Τγ‚Λ‚η‚Ά,¬Όμ,“],131237,“‹“s,]Λμ‹ζ,]Λμ‚R’–Ϊ,2025/9/20,0,’“Τi—Φjκ,’“Τi—Φjκ,{ω‚µ‚½,‚ ‚θ
ή“,Τγ‚Λ‚η‚Ά,¬Όμ,Ό“‡l’–Ϊ,131237,“‹“s,]Λμ‹ζ,Ό“‡‚R’–Ϊ,2025/11/14,21,‚SK‚ΔΘγ‹¤“―Z‘ξ,’“Τi—Φjκ,{ω‚Ή‚Έ,‚ ‚θ
ή“,Τγ‚Λ‚η‚Ά,¬Όμ,Ό“‡l’–Ϊ,131237,“‹“s,]Λμ‹ζ,Ό“‡‚S’–Ϊ,2025/5/25,12,κΛZ‘ξ,’“Τi—Φjκ,{ω‚Ή‚Έ,‚Θ‚µ
ή“,Τγ‚Λ‚η‚Ά,¬Όμ,Ό],131237,“‹“s,]Λμ‹ζ,Όκ”V]‚S’–Ϊ,2025/12/8,21,‚»‚Μ‘Ό,’“Τi—Φjκ,{ω‚Ή‚Έ,‚Θ‚µ
ή“,Τγ‚Λ‚η‚Ά,¬Όμ,Ό],131237,“‹“s,]Λμ‹ζ,Ό¬Όμ’¬,2024/12/27,16,‚»‚Μ‘Ό,’“Τi—Φjκ,{ω‚Ή‚Έ,‚ ‚θ
ή“,Τγ‚Λ‚η‚Ά,¬Όμ,Ό],131237,“‹“s,]Λμ‹ζ,Ό¬Όμ’¬,2025/1/7,10,‚»‚Μ‘Ό,’“Τi—Φjκ,{ω‚Ή‚Έ,‚ ‚θ
ή“,Τγ‚Λ‚η‚Ά,¬Όμ,Ό],131237,“‹“s,]Λμ‹ζ,Ό¬Όμ’¬,2025/1/7,16,‚»‚Μ‘Ό,’“Τi—Φjκ,{ω‚Ή‚Έ,‚ ‚θ
ή“,Τγ‚Λ‚η‚Ά,¬Όμ,Ό],131237,“‹“s,]Λμ‹ζ,Ό¬Όμ’¬,2025/1/13,13,‚»‚Μ‘Ό,‚»‚Μ‘Ό,{ω‚Ή‚Έ,‚ ‚θ
ή“,Τγ‚Λ‚η‚Ά,¬Όμ,Ό],131237,“‹“s,]Λμ‹ζ,Ό¬Όμ’¬,2025/2/15,14,‚»‚Μ‘Ό,’“Τi—Φjκ,{ω‚Ή‚Έ,‚ ‚θ
ή“,Τγ‚Λ‚η‚Ά,¬Όμ,Ό],131237,“‹“s,]Λμ‹ζ,Ό¬Όμ’¬,2025/3/3,16,‚SK‚ΔΘγ‹¤“―Z‘ξ,’“Τi—Φjκ,{ω‚Ή‚Έ,‚Θ‚µ
ή“,Τγ‚Λ‚η‚Ά,¬Όμ,Ό],131237,“‹“s,]Λμ‹ζ,Ό¬Όμ’¬,2025/7/7,10,“ΉHγ,‚»‚Μ‘Ό,{ω‚Ή‚Έ,‚ ‚θ
ή“,Τγ‚Λ‚η‚Ά,¬Όμ,Ό],131237,“‹“s,]Λμ‹ζ,t]’¬‚R’–Ϊ,2025/8/26,17,’“Τi—Φjκ,’“Τi—Φjκ,{ω‚Ή‚Έ,‚Θ‚µ
ή“,Τγ‚Λ‚η‚Ά,¬Όμ,]‰w‘O,131237,“‹“s,]Λμ‹ζ,“]‚P’–Ϊ,2025/2/13,16,‚»‚Μ‘Ό,’“Τi—Φjκ,{ω‚Ή‚Έ,‚ ‚θ
ή“,Τγ‚Λ‚η‚Ά,¬Όμ,]‰w‘O,131237,“‹“s,]Λμ‹ζ,“]‚P’–Ϊ,2025/2/18,16,‚»‚Μ‘Ό,‚»‚Μ‘Ό,{ω‚Ή‚Έ,‚ ‚θ
ή“,Τγ‚Λ‚η‚Ά,¬Όμ,]‰w‘O,131237,“‹“s,]Λμ‹ζ,“μΒθ’¬‚R’–Ϊ,2025/2/5,16,‚»‚Μ‘Ό,’“Τi—Φjκ,{ω‚Ή‚Έ,‚Θ‚µ
ή“,Τγ‚Λ‚η‚Ά,¬Όμ,]‰w‘O,131237,“‹“s,]Λμ‹ζ,“μΒθ’¬‚R’–Ϊ,2025/2/22,16,‚»‚Μ‘Ό,‚»‚Μ‘Ό,{ω‚Ή‚Έ,‚Θ‚µ
ή“,Τγ‚Λ‚η‚Ά,¬Όμ,]‰w‘O,131237,“‹“s,]Λμ‹ζ,“μΒθ’¬‚R’–Ϊ,2025/5/18,22,‚»‚Μ‘Ό,’“Τi—Φjκ,{ω‚Ή‚Έ,‚ ‚θ
ή“,Τγ‚Λ‚η‚Ά,¬Όμ,]‰w‘O,131237,“‹“s,]Λμ‹ζ,]‚Q’–Ϊ,2025/3/12,16,’“Τi—Φjκ,’“Τi—Φjκ,{ω‚Ή‚Έ,‚Θ‚µ
ή“,Τγ‚Λ‚η‚Ά,¬Όμ,]‰w‘O,131237,“‹“s,]Λμ‹ζ,]‚Q’–Ϊ,2025/9/11,22,‚»‚Μ‘Ό,’“Τi—Φjκ,{ω‚Ή‚Έ,‚Θ‚µ
ή“,Τγ‚Λ‚η‚Ά,¬Όμ,]‰w‘O,131237,“‹“s,]Λμ‹ζ,]‚S’–Ϊ,2025/2/12,15,‚»‚Μ‘Ό,‚»‚Μ‘Ό,{ω‚Ή‚Έ,‚Θ‚µ
ή“,Τγ‚Λ‚η‚Ά,¬Όμ,Βθ‰w‘O,131237,“‹“s,]Λμ‹ζ,Βθ’¬‚Q’–Ϊ,2025/2/3,18,’“Τi—Φjκ,’“Τi—Φjκ,{ω‚Ή‚Έ,‚Θ‚µ
ή“,Τγ‚Λ‚η‚Ά,¬Όμ,Βθ‰w‘O,131237,“‹“s,]Λμ‹ζ,Βθ’¬‚Q’–Ϊ,2025/11/1,10,“ΉHγ,‚»‚Μ‘Ό,{ω‚Ή‚Έ,‚Θ‚µ
ή“,Τγ‚Λ‚η‚Ά,¬Όμ,Βθ‰w‘O,131237,“‹“s,]Λμ‹ζ,Βθ’¬‚V’–Ϊ,2025/2/14,17,‚»‚Μ‘Ό,’“Τi—Φjκ,{ω‚Ή‚Έ,‚Θ‚µ
ή“,Τγ‚Λ‚η‚Ά,¬Όμ,Βθ‰w‘O,131237,“‹“s,]Λμ‹ζ,Βθ’¬‚W’–Ϊ,2025/12/16,1,‚»‚Μ‘Ό,‚»‚Μ‘Ό,{ω‚Ή‚Έ,‚ ‚θ
ή“,Τγ‚Λ‚η‚Ά,¬Όμ,,,,,,2025/3/16,7,‚»‚Μ‘Ό,‚»‚Μ‘Ό,{ω‚Ή‚Έ,‚ ‚θ
ή“,Τγ‚Λ‚η‚Ά,¬β,κ—Ά’Λ,131237,“‹“s,]Λμ‹ζ,“¬β‚Q’–Ϊ,2025/6/17,10,“ΉHγ,‚»‚Μ‘Ό,{ω‚Ή‚Έ,‚Θ‚µ
ή“,Τγ‚Λ‚η‚Ά,¬β,κ—Ά’Λ,131237,“‹“s,]Λμ‹ζ,“¬β‚T’–Ϊ,2025/6/4,7,κΛZ‘ξ,‚»‚Μ‘Ό,{ω‚Ή‚Έ,‚Θ‚µ
ή“,Τγ‚Λ‚η‚Ά,¬β,κ—Ά’Λ,131237,“‹“s,]Λμ‹ζ,“¬β‚U’–Ϊ,2025/11/6,15,‚»‚Μ‘Ό,’“Τi—Φjκ,{ω‚Ή‚Έ,‚Θ‚µ
ή“,Τγ‚Λ‚η‚Ά,¬β,γκF,131237,“‹“s,]Λμ‹ζ,‹»‹{’¬,2025/1/29,1,’“Τi—Φjκ,’“Τi—Φjκ,{ω‚µ‚½,‚Θ‚µ
ή“,Τγ‚Λ‚η‚Ά,¬β,γκF,131237,“‹“s,]Λμ‹ζ,‹»‹{’¬,2025/11/19,23,κΛZ‘ξ,’“Τi—Φjκ,{ω‚Ή‚Έ,‚Θ‚µ
ή“,Τγ‚Λ‚η‚Ά,¬β,γκF,131237,“‹“s,]Λμ‹ζ,γκF‚Q’–Ϊ,2025/10/21,18,‚»‚Μ‘Ό,’“Τi—Φjκ,{ω‚Ή‚Έ,‚Θ‚µ
ή“,Τγ‚Λ‚η‚Ά,¬β,–k¬β“ρ’–Ϊ,131237,“‹“s,]Λμ‹ζ,–k¬β‚Q’–Ϊ,2025/11/13,19,κΛZ‘ξ,’“Τi—Φjκ,{ω‚Ή‚Έ,‚ ‚θ
ή“,Τγ‚Λ‚η‚Ά,¬β,–k¬β“ρ’–Ϊ,131237,“‹“s,]Λμ‹ζ,Ό¬β‚Q’–Ϊ,2025/6/30,16,κΛZ‘ξ,’“Τi—Φjκ,{ω‚Ή‚Έ,‚ ‚θ
ή“,Τγ‚Λ‚η‚Ά,¬β,“μ¬β,131237,“‹“s,]Λμ‹ζ,“¬β‚P’–Ϊ,2025/10/4,0,‚»‚Μ‘Ό,‚»‚Μ‘Ό,{ω‚Ή‚Έ,‚ ‚θ
ή“,Τγ‚Λ‚η‚Ά,¬β,“μ¬β,131237,“‹“s,]Λμ‹ζ,“μ¬β‚Q’–Ϊ,2025/3/2,2,‚SK‚ΔΘγ‹¤“―Z‘ξ,’“Τi—Φjκ,{ω‚Ή‚Έ,‚Θ‚µ
ή“,Τγ‚Λ‚η‚Ά,¬β,¬β‰w‘O,131237,“‹“s,]Λμ‹ζ,“μ¬β‚U’–Ϊ,2025/3/26,19,“ΉHγ,‚»‚Μ‘Ό,{ω‚Ή‚Έ,‚ ‚θ
ή“,Τγ‚Λ‚η‚Ά,¬β,¬β‰w‘O,131237,“‹“s,]Λμ‹ζ,“μ¬β‚U’–Ϊ,2025/7/30,13,“ΉHγ,‚»‚Μ‘Ό,{ω‚Ή‚Έ,‚Θ‚µ
ή“,Τγ‚Λ‚η‚Ά,¬β,¬β‰w‘O,131237,“‹“s,]Λμ‹ζ,“μ¬β‚U’–Ϊ,2025/8/29,5,“ΉHγ,‚»‚Μ‘Ό,{ω‚Ή‚Έ,‚ ‚θ
ή“,Τγ‚Λ‚η‚Ά,¬β,¬β‰w‘O,131237,“‹“s,]Λμ‹ζ,“μ¬β‚U’–Ϊ,2025/9/17,17,‚»‚Μ‘Ό,‚»‚Μ‘Ό,{ω‚Ή‚Έ,‚ ‚θ
ή“,Τγ‚Λ‚η‚Ά,¬β,¬β‰w‘O,131237,“‹“s,]Λμ‹ζ,“μ¬β‚U’–Ϊ,2025/10/23,23,’“Τi—Φjκ,’“Τi—Φjκ,{ω‚Ή‚Έ,‚Θ‚µ
ή“,Τγ‚Λ‚η‚Ά,¬β,¬β‰w‘O,131237,“‹“s,]Λμ‹ζ,“μ¬β‚U’–Ϊ,2025/11/9,23,’“Τi—Φjκ,’“Τi—Φjκ,{ω‚Ή‚Έ,‚Θ‚µ
ή“,Τγ‚Λ‚η‚Ά,¬β,¬β‰w‘O,131237,“‹“s,]Λμ‹ζ,“μ¬β‚U’–Ϊ,2025/11/10,23,’“Τi—Φjκ,’“Τi—Φjκ,{ω‚Ή‚Έ,‚Θ‚µ
ή“,Τγ‚Λ‚η‚Ά,¬β,¬β‰w‘O,131237,“‹“s,]Λμ‹ζ,“μ¬β‚V’–Ϊ,2025/5/20,16,‚»‚Μ‘Ό,’“Τi—Φjκ,{ω‚Ή‚Έ,‚Θ‚µ
ή“,Τγ‚Λ‚η‚Ά,¬β,¬β‰w‘O,131237,“‹“s,]Λμ‹ζ,“μ¬β‚V’–Ϊ,2025/9/8,11,‚»‚Μ‘Ό,’“Τi—Φjκ,{ω‚Ή‚Έ,‚Θ‚µ
ή“,Τγ‚Λ‚η‚Ά,¬β,¬β‰w‘O,131237,“‹“s,]Λμ‹ζ,“μ¬β‚W’–Ϊ,2025/9/6,23,‚»‚Μ‘Ό,‚»‚Μ‘Ό,{ω‚Ή‚Έ,‚Θ‚µ
ή“,Τγ‚Λ‚η‚Ά,¬β,¬β‰w‘O,131237,“‹“s,]Λμ‹ζ,“μ¬β‚W’–Ϊ,2025/10/16,7,‚»‚Μ‘Ό,’“Τi—Φjκ,{ω‚Ή‚Έ,‚Θ‚µ
ή“,Τγ‚Λ‚η‚Ά,¬β,]Λμ,131237,“‹“s,]Λμ‹ζ,–k¬β‚R’–Ϊ,2025/11/5,9,‚»‚Μ‘Ό,’“Τi—Φjκ,{ω‚Ή‚Έ,‚ ‚θ
ή“,Τγ‚Λ‚η‚Ά,¬β,]Λμ,131237,“‹“s,]Λμ‹ζ,–k¬β‚S’–Ϊ,2025/7/14,8,‚»‚Μ‘Ό,’“Τi—Φjκ,{ω‚Ή‚Έ,‚Θ‚µ
ή“,Τγ‚Λ‚η‚Ά,¬β,]Λμ,131237,“‹“s,]Λμ‹ζ,–k¬β‚S’–Ϊ,2025/9/11,15,κΛZ‘ξ,’“Τi—Φjκ,{ω‚Ή‚Έ,‚Θ‚µ
ή“,Τγ‚Λ‚η‚Ά,¬β,]Λμ,131237,“‹“s,]Λμ‹ζ,–k¬β‚T’–Ϊ,2024/12/25,19,’“Τi—Φjκ,’“Τi—Φjκ,{ω‚Ή‚Έ,‚Θ‚µ
ή“,Τγ‚Λ‚η‚Ά,¬β,›΄‹΄,131237,“‹“s,]Λμ‹ζ,–{κF‚Q’–Ϊ,2025/3/31,11,‚»‚Μ‘Ό,’“Τi—Φjκ,{ω‚Ή‚Έ,‚Θ‚µ
ή“,Τγ‚Λ‚η‚Ά,¬β,›΄‹΄,131237,“‹“s,]Λμ‹ζ,Ό–{‚Q’–Ϊ,2025/2/25,13,“ΉHγ,‚»‚Μ‘Ό,{ω‚Ή‚Έ,‚ ‚θ
ή“,Τγ‚Λ‚η‚Ά,¬β,­,131237,“‹“s,]Λμ‹ζ,­‚R’–Ϊ,2025/9/6,14,‚»‚Μ‘Ό,’“Τi—Φjκ,{ω‚Ή‚Έ,‚Θ‚µ
ή“,Τγ‚Λ‚η‚Ά,¬β,­,131237,“‹“s,]Λμ‹ζ,­‚T’–Ϊ,2025/1/24,22,‚»‚Μ‘Ό‚ΜZ‘ξi‚RK‚ΔΘ‰Ί‹¤“―Z‘ξ“™j,‚»‚Μ‘Ό,{ω‚Ή‚Έ,‚ ‚θ
ή“,Τγ‚Λ‚η‚Ά,¬β,­,131237,“‹“s,]Λμ‹ζ,γΒθ‚S’–Ϊ,2025/2/23,14,‚»‚Μ‘Ό,‚»‚Μ‘Ό,{ω‚Ή‚Έ,‚ ‚θ
ή“,Τγ‚Λ‚η‚Ά,¬β,­,131237,“‹“s,]Λμ‹ζ,ΌΒθ‚P’–Ϊ,2025/9/11,11,“ΉHγ,‚»‚Μ‘Ό,{ω‚Ή‚Έ,‚ ‚θ
ή“,Τγ‚Λ‚η‚Ά,¬β,­,131237,“‹“s,]Λμ‹ζ,ΌΒθ‚Q’–Ϊ,2025/5/7,0,’“Τi—Φjκ,’“Τi—Φjκ,{ω‚Ή‚Έ,‚Θ‚µ
ή“,Τγ‚Λ‚η‚Ά,¬β,­,131237,“‹“s,]Λμ‹ζ,ΌΒθ‚Q’–Ϊ,2025/9/5,22,κΛZ‘ξ,‚»‚Μ‘Ό,{ω‚Ή‚Έ,‚Θ‚µ
ή“,Τγ‚Λ‚η‚Ά,‹Ό,‹¤‰h‹΄,131237,“‹“s,]Λμ‹ζ,’†‹Ό‚S’–Ϊ,2025/1/24,18,“ΉHγ,‚»‚Μ‘Ό,{ω‚Ή‚Έ,‚Θ‚µ
ή“,Τγ‚Λ‚η‚Ά,‹Ό,“μ‹Ό,131237,“‹“s,]Λμ‹ζ,“μ‹Ό‚P’–Ϊ,2025/3/9,16,‚SK‚ΔΘγ‹¤“―Z‘ξ,’“Τi—Φjκ,{ω‚Ή‚Έ,‚Θ‚µ
ή“,Τγ‚Λ‚η‚Ά,‹Ό,“μ‹Ό,131237,“‹“s,]Λμ‹ζ,“μ‹Ό‚R’–Ϊ,2025/2/28,14,‚»‚Μ‘Ό,’“Τi—Φjκ,{ω‚Ή‚Έ,‚ ‚θ
ή“,Τγ‚Λ‚η‚Ά,‹Ό,“μ‹Ό,131237,“‹“s,]Λμ‹ζ,“μ‹Ό‚R’–Ϊ,2025/9/4,11,‚SK‚ΔΘγ‹¤“―Z‘ξ,’“Τi—Φjκ,{ω‚Ή‚Έ,‚Θ‚µ
ή“,Τγ‚Λ‚η‚Ά,‹Ό,“μ‹Ό,131237,“‹“s,]Λμ‹ζ,“μ‹Ό‚R’–Ϊ,2025/11/24,16,‚SK‚ΔΘγ‹¤“―Z‘ξ,‚»‚Μ‘Ό,{ω‚Ή‚Έ,‚ ‚θ
ή“,Τγ‚Λ‚η‚Ά,‹Ό,“μ‹Ό,131237,“‹“s,]Λμ‹ζ,“μ‹Ό‚U’–Ϊ,2025/3/2,18,κΛZ‘ξ,’“Τi—Φjκ,{ω‚Ή‚Έ,‚Θ‚µ
ή“,Τγ‚Λ‚η‚Ά,‹Ό,“μ‹Ό,131237,“‹“s,]Λμ‹ζ,“μ‹Ό‚U’–Ϊ,2025/4/26,14,‚SK‚ΔΘγ‹¤“―Z‘ξ,‚»‚Μ‘Ό,{ω‚Ή‚Έ,‚Θ‚µ
ή“,Τγ‚Λ‚η‚Ά,‹Ό,“μ‹Ό,131237,“‹“s,]Λμ‹ζ,—ΥC’¬‚Q’–Ϊ,2025/3/2,12,‚»‚Μ‘Ό,‚»‚Μ‘Ό,{ω‚Ή‚Έ,‚ ‚θ
ή“,Τγ‚Λ‚η‚Ά,‹Ό,“‹Ό‹γ’–Ϊ,131237,“‹“s,]Λμ‹ζ,“‹Ό‚X’–Ϊ,2025/2/20,15,‚»‚Μ‘Ό,’“Τi—Φjκ,{ω‚Ή‚Έ,‚Θ‚µ
ή“,Τγ‚Λ‚η‚Ά,‹Ό,“‹Όά’–Ϊ,131237,“‹“s,]Λμ‹ζ,“‹Ό‚Q’–Ϊ,2025/1/25,20,’“Τi—Φjκ,’“Τi—Φjκ,{ω‚µ‚½,‚ ‚θ
ή“,Τγ‚Λ‚η‚Ά,‹Ό,“‹Όά’–Ϊ,131237,“‹“s,]Λμ‹ζ,“‹Ό‚R’–Ϊ,2024/12/6,11,‚»‚Μ‘Ό,‚»‚Μ‘Ό,{ω‚Ή‚Έ,‚Θ‚µ
ή“,Τγ‚Λ‚η‚Ά,‹Ό,]ΛμZ’–Ϊ,131237,“‹“s,]Λμ‹ζ,Ό]‚T’–Ϊ,2025/8/3,1,’“Τi—Φjκ,’“Τi—Φjκ,{ω‚Ή‚Έ,‚Θ‚µ
ή“,Τγ‚Λ‚η‚Ά,‹Ό,—ΥCφ‰€,131237,“‹“s,]Λμ‹ζ,—ΥC’¬‚U’–Ϊ,2025/2/15,16,‚»‚Μ‘Ό,’“Τi—Φjκ,{ω‚Ή‚Έ,‚Θ‚µ
ή“,Τγ‚Λ‚η‚Ά,‹Ό,—ΥCφ‰€,131237,“‹“s,]Λμ‹ζ,—ΥC’¬‚U’–Ϊ,2025/5/15,7,‚»‚Μ‘Ό,’“Τi—Φjκ,{ω‚Ή‚Έ,‚Θ‚µ
ή“,Τγ‚Λ‚η‚Ά,‹Ό,—ΥCφ‰€,131237,“‹“s,]Λμ‹ζ,—ΥC’¬‚U’–Ϊ,2025/5/25,13,‚»‚Μ‘Ό,‚»‚Μ‘Ό,{ω‚Ή‚Έ,‚ ‚θ
ή“,Τγ‚Λ‚η‚Ά,‹Ό,—ΥCφ‰€,131237,“‹“s,]Λμ‹ζ,—ΥC’¬‚U’–Ϊ,2025/6/28,6,‚»‚Μ‘Ό,’“Τi—Φjκ,{ω‚Ή‚Έ,‚ ‚θ
ή“,Τγ‚Λ‚η‚Ά,‹Ό,‘D–x‰w‘O,131237,“‹“s,]Λμ‹ζ,‘D–x‚P’–Ϊ,2025/2/26,16,‚»‚Μ‘Ό,‚»‚Μ‘Ό,{ω‚Ή‚Έ,‚ ‚θ
ή“,Τγ‚Λ‚η‚Ά,‹Ό,‘D–x‰w‘O,131237,“‹“s,]Λμ‹ζ,‘D–x‚P’–Ϊ,2025/3/30,18,“ΉHγ,‚»‚Μ‘Ό,{ω‚Ή‚Έ,‚Θ‚µ
ή“,Τγ‚Λ‚η‚Ά,‹Ό,‘D–x‰w‘O,131237,“‹“s,]Λμ‹ζ,‘D–x‚P’–Ϊ,2025/4/2,12,‚»‚Μ‘Ό,’“Τi—Φjκ,{ω‚Ή‚Έ,‚Θ‚µ
ή“,Τγ‚Λ‚η‚Ά,‹Ό,‘D–x‰w‘O,131237,“‹“s,]Λμ‹ζ,‘D–x‚Q’–Ϊ,2025/2/27,17,‚»‚Μ‘Ό,‚»‚Μ‘Ό,{ω‚Ή‚Έ,‚Θ‚µ
ή“,Τγ‚Λ‚η‚Ά,‹Ό,‘D–x‰w‘O,131237,“‹“s,]Λμ‹ζ,‘D–x‚S’–Ϊ,2025/2/24,12,‚»‚Μ‘Ό,‚»‚Μ‘Ό,{ω‚Ή‚Έ,‚ ‚θ
ή“,Τγ‚Λ‚η‚Ά,‹Ό,‘D–x‰w‘O,131237,“‹“s,]Λμ‹ζ,‘D–x‚S’–Ϊ,2025/2/26,15,‚»‚Μ‘Ό,‚»‚Μ‘Ό,{ω‚Ή‚Έ,‚Θ‚µ
ή“,Τγ‚Λ‚η‚Ά,‹Ό,‘D–x‰w‘O,131237,“‹“s,]Λμ‹ζ,‘D–x‚S’–Ϊ,2025/9/12,15,‚»‚Μ‘Ό,’“Τi—Φjκ,{ω‚Ή‚Έ,‚Θ‚µ
ή“,Τγ‚Λ‚η‚Ά,‹Ό,‘D–x‰w‘O,131237,“‹“s,]Λμ‹ζ,‘D–x‚U’–Ϊ,2025/1/5,17,‚»‚Μ‘Ό,‚»‚Μ‘Ό,{ω‚Ή‚Έ,‚ ‚θ
ή“,Τγ‚Λ‚η‚Ά,‹Ό,‘D–x‰w‘O,131237,“‹“s,]Λμ‹ζ,‘D–x‚U’–Ϊ,2025/1/9,16,‚»‚Μ‘Ό,‚»‚Μ‘Ό,{ω‚Ή‚Έ,‚ ‚θ
ή“,Τγ‚Λ‚η‚Ά,‹Ό,‹Ό‹΄“,131237,“‹“s,]Λμ‹ζ,–k‹Ό‚Q’–Ϊ,2025/11/20,12,‚»‚Μ‘Ό,’“Τi—Φjκ,{ω‚µ‚½,‚ ‚θ
ή“,Τγ‚Λ‚η‚Ά,‹Ό,‹Ό‹΄“,131237,“‹“s,]Λμ‹ζ,–k‹Ό‚R’–Ϊ,2025/2/27,17,‚»‚Μ‘Ό,‚»‚Μ‘Ό,{ω‚Ή‚Έ,‚ ‚θ
ή“,Τγ‚Λ‚η‚Ά,‹Ό,‹Ό‹΄“,131237,“‹“s,]Λμ‹ζ,–k‹Ό‚R’–Ϊ,2025/4/11,11,‚»‚Μ‘Ό,‚»‚Μ‘Ό,{ω‚Ή‚Έ,‚Θ‚µ
ή“,Τγ‚Λ‚η‚Ά,‹Ό,‹Ό‹΄“,131237,“‹“s,]Λμ‹ζ,–k‹Ό‚S’–Ϊ,2025/2/28,14,‚»‚Μ‘Ό,‚»‚Μ‘Ό,{ω‚Ή‚Έ,‚ ‚θ
ή“,Τγ‚Λ‚η‚Ά,‹Ό,‹Ό‹΄“,131237,“‹“s,]Λμ‹ζ,–k‹Ό‚S’–Ϊ,2025/6/13,12,‚»‚Μ‘Ό,’“Τi—Φjκ,{ω‚Ή‚Έ,‚Θ‚µ
ή“,Τγ‚Λ‚η‚Ά,‹Ό,‹Ό‹΄“,131237,“‹“s,]Λμ‹ζ,–k‹Ό‚S’–Ϊ,2025/11/1,11,“ΉHγ,‚»‚Μ‘Ό,{ω‚Ή‚Έ,‚Θ‚µ
ή“,Τγ‚Λ‚η‚Ά,‹Ό,‹Ό‹΄“,131237,“‹“s,]Λμ‹ζ,–k‹Ό‚S’–Ϊ,2025/12/11,17,‚»‚Μ‘Ό,’“Τi—Φjκ,{ω‚Ή‚Έ,‚Θ‚µ
ή“,Τγ‚Λ‚η‚Ά,‹Ό,‹Ό‹΄“,131237,“‹“s,]Λμ‹ζ,–k‹Ό‚S’–Ϊ,2025/12/13,10,‚»‚Μ‘Ό,’“Τi—Φjκ,{ω‚Ή‚Έ,‚ ‚θ
ή“,Τγ‚Λ‚η‚Ά,‹Ό,‹Ό‰w‘O,131237,“‹“s,]Λμ‹ζ,’†‹Ό‚T’–Ϊ,2025/10/8,15,‚»‚Μ‘Ό,’“Τi—Φjκ,{ω‚Ή‚Έ,‚Θ‚µ
ή“,Τγ‚Λ‚η‚Ά,‹Ό,‹Ό‰w‘O,131237,“‹“s,]Λμ‹ζ,’†‹Ό‚T’–Ϊ,2025/10/26,15,‚»‚Μ‘Ό,’“Τi—Φjκ,{ω‚Ή‚Έ,‚Θ‚µ
ή“,Τγ‚Λ‚η‚Ά,‹Ό,‹Ό‰w‘O,131237,“‹“s,]Λμ‹ζ,’†‹Ό‚W’–Ϊ,2025/8/8,9,’“Τi—Φjκ,’“Τi—Φjκ,{ω‚Ή‚Έ,‚Θ‚µ
ή“,Τγ‚Λ‚η‚Ά,‹Ό,‹Ό‰w‘O,131237,“‹“s,]Λμ‹ζ,“‹Ό‚U’–Ϊ,2025/4/20,7,’“Τi—Φjκ,’“Τi—Φjκ,{ω‚Ή‚Έ,‚Θ‚µ
ή“,Τγ‚Λ‚η‚Ά,‹Ό,‹Ό‰w‘O,131237,“‹“s,]Λμ‹ζ,“‹Ό‚U’–Ϊ,2025/7/30,7,‚»‚Μ‘Ό,‚»‚Μ‘Ό,{ω‚Ή‚Έ,‚ ‚θ
ή“,Τγ‚Λ‚η‚Ά,‹Ό,Ό‹Ό‰w‘O,131237,“‹“s,]Λμ‹ζ,Ό‹Ό‚Q’–Ϊ,2025/7/20,8,‚»‚Μ‘Ό,‚»‚Μ‘Ό,{ω‚Ή‚Έ,‚ ‚θ
ή“,Τγ‚Λ‚η‚Ά,‹Ό,Ό‹Ό‰w‘O,131237,“‹“s,]Λμ‹ζ,Ό‹Ό‚S’–Ϊ,2025/7/23,15,‚»‚Μ‘Ό,’“Τi—Φjκ,{ω‚Ή‚Έ,‚Θ‚µ
ή“,Τγ‚Λ‚η‚Ά,‹Ό,Ό‹Ό‰w‘O,131237,“‹“s,]Λμ‹ζ,Ό‹Ό‚T’–Ϊ,2025/12/6,9,‚»‚Μ‘Ό,’“Τi—Φjκ,{ω‚Ή‚Έ,‚Θ‚µ
ή“,Τγ‚Λ‚η‚Ά,‹Ό,Ό‹Ό‰w‘O,131237,“‹“s,]Λμ‹ζ,Ό‹Ό‚U’–Ϊ,2025/11/21,14,“ΉHγ,‚»‚Μ‘Ό,{ω‚Ή‚Έ,‚ ‚θ
ή“,Τγ‚Λ‚η‚Ά,‹Ό,Ό‹Ό‰w‘O,131237,“‹“s,]Λμ‹ζ,Ό‹Ό‚V’–Ϊ,2025/1/25,20,‚»‚Μ‘Ό,’“Τi—Φjκ,{ω‚µ‚½,‚ ‚θ
ή“,Τγ‚Λ‚η‚Ά,‹Ό,Ό‹Ό‰w‘O,131237,“‹“s,]Λμ‹ζ,Ό‹Ό‚V’–Ϊ,2025/9/28,21,‚»‚Μ‘Ό‚ΜZ‘ξi‚RK‚ΔΘ‰Ί‹¤“―Z‘ξ“™j,‚»‚Μ‘Ό,{ω‚Ή‚Έ,‚ ‚θ
ή“,Τγ‚Λ‚η‚Ά,“μ‘ε‘ς,‚έ‚Θ‚έ–μ,132012,“‹“s,”ª‰¤qs,‰F’ΓΡ’¬,2025/8/1,11,‚»‚Μ‘Ό,’“Τi—Φjκ,{ω‚Ή‚Έ,‚Θ‚µ
ή“,Τγ‚Λ‚η‚Ά,“μ‘ε‘ς,‚έ‚Θ‚έ–μ,132012,“‹“s,”ª‰¤qs,•Π‘q’¬,2025/10/3,8,“ΉHγ,‚»‚Μ‘Ό,{ω‚Ή‚Έ,‚ ‚θ
ή“,Τγ‚Λ‚η‚Ά,“μ‘ε‘ς,‚έ‚Θ‚έ–μ,132012,“‹“s,”ª‰¤qs,‚έ‚Θ‚έ–μ‚P’–Ϊ,2025/7/28,14,‚SK‚ΔΘγ‹¤“―Z‘ξ,’“Τi—Φjκ,{ω‚Ή‚Έ,‚Θ‚µ
ή“,Τγ‚Λ‚η‚Ά,“μ‘ε‘ς,‚έ‚Θ‚έ–μ,132012,“‹“s,”ª‰¤qs,µ‘‚R’–Ϊ,2025/7/13,12,κΛZ‘ξ,’“Τi—Φjκ,{ω‚Ή‚Έ,‚ ‚θ
ή“,Τγ‚Λ‚η‚Ά,“μ‘ε‘ς,‰Ί—M–Ψ,132012,“‹“s,”ª‰¤qs,‰z–μ,2025/8/16,23,‚»‚Μ‘Ό,’“Τi—Φjκ,{ω‚Ή‚Έ,‚Θ‚µ
ή“,Τγ‚Λ‚η‚Ά,“μ‘ε‘ς,–k–μ‰w‘O,132012,“‹“s,”ª‰¤qs,‘Ε‰z’¬,2025/1/26,14,’“Τi—Φjκ,’“Τi—Φjκ,{ω‚Ή‚Έ,‚Θ‚µ
ή“,Τγ‚Λ‚η‚Ά,“μ‘ε‘ς,–k–μ‰w‘O,132012,“‹“s,”ª‰¤qs,‘Ε‰z’¬,2025/3/22,17,’“Τi—Φjκ,’“Τi—Φjκ,{ω‚Ή‚Έ,‚Θ‚µ
ή“,Τγ‚Λ‚η‚Ά,“μ‘ε‘ς,–k–μ‰w‘O,132012,“‹“s,”ª‰¤qs,’·ΐ’¬,2025/11/21,17,’“Τi—Φjκ,’“Τi—Φjκ,{ω‚µ‚½,‚Θ‚µ
ή“,Τγ‚Λ‚η‚Ά,“μ‘ε‘ς,“μ‘ε‘ς‰w‘O,132012,“‹“s,”ª‰¤qs,“μ‘ε‘ς‚P’–Ϊ,2025/8/17,17,‚»‚Μ‘Ό,‚»‚Μ‘Ό,{ω‚Ή‚Έ,‚Θ‚µ
ή“,Τγ‚Λ‚η‚Ά,“μ‘ε‘ς,“μ‘ε‘ς‰w‘O,132012,“‹“s,”ª‰¤qs,“μ‘ε‘ς‚Q’–Ϊ,2025/5/10,17,‚»‚Μ‘Ό,’“Τi—Φjκ,{ω‚Ή‚Έ,‚Θ‚µ
ή“,Τγ‚Λ‚η‚Ά,“μ‘ε‘ς,“μ‘ε‘ς‰w‘O,132012,“‹“s,”ª‰¤qs,“μ‘ε‘ς‚Q’–Ϊ,2025/7/1,13,“ΉHγ,‚»‚Μ‘Ό,{ω‚Ή‚Έ,‚Θ‚µ
ή“,Τγ‚Λ‚η‚Ά,“μ‘ε‘ς,“μ‘ε‘ς‰w‘O,132012,“‹“s,”ª‰¤qs,“μ‘ε‘ς‚Q’–Ϊ,2025/7/11,6,’“Τi—Φjκ,’“Τi—Φjκ,{ω‚Ή‚Έ,‚Θ‚µ
ή“,Τγ‚Λ‚η‚Ά,“μ‘ε‘ς,“μ‘ε‘ς‰w‘O,132098,“‹“s,’¬“cs,¬R’¬,2025/7/27,22,‚»‚Μ‘Ό‚ΜZ‘ξi‚RK‚ΔΘ‰Ί‹¤“―Z‘ξ“™j,’“Τi—Φjκ,{ω‚µ‚½,‚ ‚θ
ή“,Τγ‚Λ‚η‚Ά,“μ‘ε‘ς,–x”V“ΰ,132012,“‹“s,”ª‰¤qs,“’†–μ,2025/5/6,22,‚SK‚ΔΘγ‹¤“―Z‘ξ,’“Τi—Φjκ,{ω‚Ή‚Έ,‚Θ‚µ
ή“,Τγ‚Λ‚η‚Ά,“μ‘ε‘ς,–x”V“ΰ‰w‘O,132012,“‹“s,”ª‰¤qs,–x”V“ΰ‚Q’–Ϊ,2025/8/8,20,‚»‚Μ‘Ό,’“Τi—Φjκ,{ω‚µ‚½,‚Θ‚µ
ή“,Τγ‚Λ‚η‚Ά,“μ‘ε‘ς,¬R,132098,“‹“s,’¬“cs,¬R’¬,2024/12/30,10,‚»‚Μ‘Ό‚ΜZ‘ξi‚RK‚ΔΘ‰Ί‹¤“―Z‘ξ“™j,’“Τi—Φjκ,{ω‚Ή‚Έ,‚ ‚θ
ή“,Τγ‚Λ‚η‚Ά,“μ‘ε‘ς,¬R,132098,“‹“s,’¬“cs,¬Rƒ–‹u‚P’–Ϊ,2025/3/13,20,‚»‚Μ‘Ό,’“Τi—Φjκ,{ω‚Ή‚Έ,‚Θ‚µ
ή“,Τγ‚Λ‚η‚Ά,“μ‘ε‘ς,¬”δι,132012,“‹“s,”ª‰¤qs,¬”δι’¬,2025/6/4,8,“ΉHγ,‚»‚Μ‘Ό,{ω‚Ή‚Έ,‚ ‚θ
ή“,Τγ‚Λ‚η‚Ά,“μ‘ε‘ς,Ό‚ª’J,132012,“‹“s,”ª‰¤qs,‘ε’Λ,2025/7/27,12,‚»‚Μ‘Ό‚ΜZ‘ξi‚RK‚ΔΘ‰Ί‹¤“―Z‘ξ“™j,’“Τi—Φjκ,{ω‚Ή‚Έ,‚Θ‚µ
ή“,Τγ‚Λ‚η‚Ά,‚”φ,‚ί‚¶‚λ‘δ,132012,“‹“s,”ª‰¤qs,›“c’¬,2025/6/17,14,‚»‚Μ‘Ό,‚»‚Μ‘Ό,{ω‚Ή‚Έ,‚Θ‚µ
ή“,Τγ‚Λ‚η‚Ά,‚”φ,‚ί‚¶‚λ‘δ,132012,“‹“s,”ª‰¤qs,‚ί‚¶‚λ‘δ‚P’–Ϊ,2025/10/23,9,“ΉHγ,‚»‚Μ‘Ό,{ω‚Ή‚Έ,‚ ‚θ
ή“,Τγ‚Λ‚η‚Ά,‚”φ,‚ί‚¶‚λ‘δ,132012,“‹“s,”ª‰¤qs,‚ί‚¶‚λ‘δ‚Q’–Ϊ,2025/3/20,8,“ΉHγ,‚»‚Μ‘Ό,{ω‚Ή‚Έ,‚Θ‚µ
ή“,Τγ‚Λ‚η‚Ά,‚”φ,•ΐ–Ψ’¬,132012,“‹“s,”ª‰¤qs,•ΐ–Ψ’¬,2025/3/18,12,κΛZ‘ξ,’“Τi—Φjκ,{ω‚Ή‚Έ,‚ ‚θ
ή“,Τγ‚Λ‚η‚Ά,‚”φ,•ΐ–Ψ’¬,132012,“‹“s,”ª‰¤qs,“σμ’¬,2025/2/12,19,‚»‚Μ‘Ό,’“Τi—Φjκ,{ω‚Ή‚Έ,‚Θ‚µ
ή“,Τγ‚Λ‚η‚Ά,‚”φ,³”ª‰¤q,132012,“‹“s,”ª‰¤qs,³”ª‰¤q’¬‚R’–Ϊ,2025/12/24,12,‚»‚Μ‘Ό,’“Τi—Φjκ,{ω‚Ή‚Έ,‚Θ‚µ
ή“,Τγ‚Λ‚η‚Ά,‚”φ,›“c’c’n,132012,“‹“s,”ª‰¤qs,›“c’¬,2025/4/30,19,‚»‚Μ‘Ό,’“Τi—Φjκ,{ω‚Ή‚Έ,‚Θ‚µ
ή“,Τγ‚Λ‚η‚Ά,‚”φ,“σμ,132012,“‹“s,”ª‰¤qs,“σμ’¬,2025/12/25,8,’“Τi—Φjκ,’“Τi—Φjκ,{ω‚Ή‚Έ,‚ ‚θ
ή“,Τγ‚Λ‚η‚Ά,‚”φ,‰΅μ’¬,132012,“‹“s,”ª‰¤qs,³”ª‰¤q’¬‚P’–Ϊ,2025/12/15,8,‚»‚Μ‘Ό,’“Τi—Φjκ,{ω‚Ή‚Έ,‚Θ‚µ
ή“,Τγ‚Λ‚η‚Ά,‚”φ,Όσμ,132012,“‹“s,”ª‰¤qs,— ‚”φ’¬,2025/5/18,17,κΛZ‘ξ,’“Τi—Φjκ,{ω‚µ‚½,‚Θ‚µ
ή“,Τγ‚Λ‚η‚Ά,‚”φ,’·–[’¬,132012,“‹“s,”ª‰¤qs,’·–[’¬,2024/11/11,0,’“Τi—Φjκ,’“Τi—Φjκ,{ω‚Ή‚Έ,‚Θ‚µ
ή“,Τγ‚Λ‚η‚Ά,‚”φ,’·–[’¬,132012,“‹“s,”ª‰¤qs,’·–[’¬,2025/10/10,11,“ΉHγ,‚»‚Μ‘Ό,{ω‚Ή‚Έ,‚ ‚θ
ή“,Τγ‚Λ‚η‚Ά,‚”φ,‚”φ‰w‘O,132012,“‹“s,”ª‰¤qs,‚”φ’¬,2025/4/21,9,“ΉHγ,‚»‚Μ‘Ό,{ω‚Ή‚Έ,‚ ‚θ
ή“,Τγ‚Λ‚η‚Ά,‚”φ,‚”φ‰w‘O,132012,“‹“s,”ª‰¤qs,“ω—Ά’¬,2025/4/21,10,“ΉHγ,‚»‚Μ‘Ό,{ω‚Ή‚Έ,‚ ‚θ
ή“,Τγ‚Λ‚η‚Ά,‘½–€’†‰›,ό—z‘δ,132250,“‹“s,ξιs,ό—z‘δ‚P’–Ϊ,2025/1/14,9,“ΉHγ,‚»‚Μ‘Ό,{ω‚Ή‚Έ,‚ ‚θ
ή“,Τγ‚Λ‚η‚Ά,‘½–€’†‰›,β•l,132250,“‹“s,ξιs,β•l,2025/8/8,17,’“Τi—Φjκ,’“Τi—Φjκ,{ω‚µ‚½,‚Θ‚µ
ή“,Τγ‚Λ‚η‚Ά,‘½–€’†‰›,β•l,132250,“‹“s,ξιs,β•l,2025/11/20,13,‚»‚Μ‘Ό,’“Τi—Φjκ,{ω‚Ή‚Έ,‚ ‚θ
ή“,Τγ‚Λ‚η‚Ά,‘½–€’†‰›,‘½–€ƒZƒ“ƒ^[‰w‘O,132241,“‹“s,‘½–€s,—‡‚P’–Ϊ,2025/4/30,13,‚»‚Μ‘Ό,’“Τi—Φjκ,{ω‚µ‚½,‚Θ‚µ
ή“,Τγ‚Λ‚η‚Ά,‘½–€’†‰›,‘½–€ƒZƒ“ƒ^[‰w‘O,132241,“‹“s,‘½–€s,—‡‚P’–Ϊ,2025/10/31,10,‚»‚Μ‘Ό,’“Τi—Φjκ,{ω‚Ή‚Έ,‚Θ‚µ
ή“,Τγ‚Λ‚η‚Ά,‘½–€’†‰›,‘½–€ƒZƒ“ƒ^[‰w‘O,132241,“‹“s,‘½–€s,’ί–q‚P’–Ϊ,2025/3/24,11,’“Τi—Φjκ,’“Τi—Φjκ,{ω‚Ή‚Έ,‚Θ‚µ
ή“,Τγ‚Λ‚η‚Ά,‘½–€’†‰›,‘εΫ,132250,“‹“s,ξιs,‘εΫ,2025/9/23,15,‚»‚Μ‘Ό‚ΜZ‘ξi‚RK‚ΔΘ‰Ί‹¤“―Z‘ξ“™j,’“Τi—Φjκ,{ω‚µ‚½,‚Θ‚µ
ή“,Τγ‚Λ‚η‚Ά,‘½–€’†‰›,•½”φ,132250,“‹“s,ξιs,•½”φ‚P’–Ϊ,2025/2/22,8,κΛZ‘ξ,’“Τi—Φjκ,{ω‚Ή‚Έ,‚Θ‚µ
ή“,Τγ‚Λ‚η‚Ά,‘½–€’†‰›,¤“†,132241,“‹“s,‘½–€s,ξ“c,2025/2/6,16,‚»‚Μ‘Ό,‚»‚Μ‘Ό,{ω‚Ή‚Έ,‚ ‚θ
ή“,Τγ‚Λ‚η‚Ά,‘½–€’†‰›,¤“†,132241,“‹“s,‘½–€s,a“c,2025/3/31,13,’“Τi—Φjκ,’“Τi—Φjκ,{ω‚Ή‚Έ,‚ ‚θ
ή“,Τγ‚Λ‚η‚Ά,‘½–€’†‰›,¤“†,132241,“‹“s,‘½–€s,a“c,2025/5/20,15,‚»‚Μ‘Ό,’“Τi—Φjκ,{ω‚Ή‚Έ,‚Θ‚µ
ή“,Τγ‚Λ‚η‚Ά,‘½–€’†‰›,“’·ΐ,132250,“‹“s,ξιs,“’·ΐ,2025/2/8,9,“ΉHγ,‚»‚Μ‘Ό,{ω‚Ή‚Έ,‚ ‚θ
ή“,Τγ‚Λ‚η‚Ά,‘½–€’†‰›,χƒP‹u‰w‘O,132241,“‹“s,‘½–€s,ΦΛ‚T’–Ϊ,2025/6/24,20,‚»‚Μ‘Ό,’“Τi—Φjκ,{ω‚Ή‚Έ,‚ ‚θ
ή“,Τγ‚Λ‚η‚Ά,‘½–€’†‰›,‰iR‰w‘O,132241,“‹“s,‘½–€s,z–K‚P’–Ϊ,2025/12/7,20,‚SK‚ΔΘγ‹¤“―Z‘ξ,’“Τi—Φjκ,{ω‚Ή‚Έ,‚Θ‚µ
ή“,Τγ‚Λ‚η‚Ά,‘½–€’†‰›,‰iR‰w‘O,132241,“‹“s,‘½–€s,‰iR‚P’–Ϊ,2025/6/27,20,“ΉHγ,‚»‚Μ‘Ό,{ω‚Ή‚Έ,‚Θ‚µ
ή“,Τγ‚Λ‚η‚Ά,‘½–€’†‰›,•S‘Ί,132250,“‹“s,ξιs,“’·ΐ,2025/3/31,0,’“Τi—Φjκ,’“Τi—Φjκ,{ω‚Ή‚Έ,‚Θ‚µ
ή“,Τγ‚Λ‚η‚Ά,‘½–€’†‰›,•S‘Ί,132250,“‹“s,ξιs,•S‘Ί,2025/1/7,15,‚»‚Μ‘Ό,’“Τi—Φjκ,{ω‚Ή‚Έ,‚ ‚θ
ή“,Τγ‚Λ‚η‚Ά,‘½–€’†‰›,–ξ–μϋ,132250,“‹“s,ξιs,–ξ–μϋ,2025/2/12,12,‚»‚Μ‘Ό,’“Τi—Φjκ,{ω‚Ή‚Έ,‚ ‚θ
ή“,Τγ‚Λ‚η‚Ά,‘½–€’†‰›,Lζ,132241,“‹“s,‘½–€s,‰iR‚T’–Ϊ,2025/9/13,15,“ΉHγ,‚»‚Μ‘Ό,{ω‚Ή‚Έ,‚Θ‚µ
ή“,Τγ‚Λ‚η‚Ά,“‘εa,‚―‚β‚«’Κ,132209,“‹“s,“‘εas,V–x‚R’–Ϊ,2025/11/4,0,κΛZ‘ξ,’“Τi—Φjκ,{ω‚µ‚½,‚ ‚θ
ή“,Τγ‚Λ‚η‚Ά,“‘εa,‚―‚β‚«’Κ,132209,“‹“s,“‘εas,’‡΄‚P’–Ϊ,2025/12/22,19,‚»‚Μ‘Ό‚ΜZ‘ξi‚RK‚ΔΘ‰Ί‹¤“―Z‘ξ“™j,’“Τi—Φjκ,{ω‚µ‚½,‚ ‚θ
ή“,Τγ‚Λ‚η‚Ά,“‘εa,‚―‚β‚«’Κ,132209,“‹“s,“‘εas,’‡΄‚R’–Ϊ,2025/12/22,19,’“Τi—Φjκ,’“Τi—Φjκ,{ω‚µ‚½,‚Θ‚µ
ή“,Τγ‚Λ‚η‚Ά,“‘εa,‚―‚β‚«’Κ,132209,“‹“s,“‘εas,ό΄‚P’–Ϊ,2025/12/22,18,‚»‚Μ‘Ό‚ΜZ‘ξi‚RK‚ΔΘ‰Ί‹¤“―Z‘ξ“™j,’“Τi—Φjκ,{ω‚µ‚½,‚ ‚θ
ή“,Τγ‚Λ‚η‚Ά,“‘εa,Oƒc–Ψ,132233,“‹“s,•‘ ‘ΊRs,Oƒc“΅‚R’–Ϊ,2025/8/5,22,κΛZ‘ξ,’“Τi—Φjκ,{ω‚Ή‚Έ,‚Θ‚µ
ή“,Τγ‚Λ‚η‚Ά,“‘εa,Oƒc–Ψ,132233,“‹“s,•‘ ‘ΊRs,Oƒc“΅‚R’–Ϊ,2025/10/9,17,’“Τi—Φjκ,’“Τi—Φjκ,{ω‚µ‚½,‚Θ‚µ
ή“,Τγ‚Λ‚η‚Ά,“‘εa,Oƒc–Ψ,132233,“‹“s,•‘ ‘ΊRs,Oƒc“΅‚R’–Ϊ,2025/10/25,9,‚»‚Μ‘Ό,‚»‚Μ‘Ό,{ω‚µ‚½,‚Θ‚µ
ή“,Τγ‚Λ‚η‚Ά,“‘εa,’†“΅,132233,“‹“s,•‘ ‘ΊRs,Oƒc“΅‚P’–Ϊ,2025/9/18,9,‚»‚Μ‘Ό,’“Τi—Φjκ,{ω‚Ή‚Έ,‚ ‚θ
ή“,Τγ‚Λ‚η‚Ά,“‘εa,’†“΅,132233,“‹“s,•‘ ‘ΊRs,_–Ύ‚Q’–Ϊ,2025/10/16,23,’“Τi—Φjκ,’“Τi—Φjκ,{ω‚µ‚½,‚ ‚θ
ή“,Τγ‚Λ‚η‚Ά,“‘εa,’†“΅,132233,“‹“s,•‘ ‘ΊRs,_–Ύ‚R’–Ϊ,2025/11/11,20,‚»‚Μ‘Ό‚ΜZ‘ξi‚RK‚ΔΘ‰Ί‹¤“―Z‘ξ“™j,’“Τi—Φjκ,{ω‚µ‚½,‚ ‚θ
ή“,Τγ‚Λ‚η‚Ά,“‘εa,’†“΅,132233,“‹“s,•‘ ‘ΊRs,_–Ύ‚R’–Ϊ,2025/11/11,21,’“Τi—Φjκ,’“Τi—Φjκ,{ω‚µ‚½,‚ ‚θ
ή“,Τγ‚Λ‚η‚Ά,“‘εa,’†“΅,132233,“‹“s,•‘ ‘ΊRs,_–Ύ‚R’–Ϊ,2025/11/11,22,‚SK‚ΔΘγ‹¤“―Z‘ξ,’“Τi—Φjκ,{ω‚µ‚½,‚Θ‚µ
ή“,Τγ‚Λ‚η‚Ά,“‘εa,’†“΅,132233,“‹“s,•‘ ‘ΊRs,_–Ύ‚S’–Ϊ,2025/11/1,19,κΛZ‘ξ,’“Τi—Φjκ,{ω‚µ‚½,‚ ‚θ
ή“,Τγ‚Λ‚η‚Ά,“‘εa,’†“΅,132233,“‹“s,•‘ ‘ΊRs,’†“΅‚S’–Ϊ,2025/2/21,15,‚»‚Μ‘Ό‚ΜZ‘ξi‚RK‚ΔΘ‰Ί‹¤“―Z‘ξ“™j,’“Τi—Φjκ,{ω‚Ή‚Έ,‚Θ‚µ
ή“,Τγ‚Λ‚η‚Ά,“‘εa,’†“΅,132233,“‹“s,•‘ ‘ΊRs,’†‰›‚Q’–Ϊ,2025/4/4,9,‚»‚Μ‘Ό,’“Τi—Φjκ,{ω‚Ή‚Έ,‚ ‚θ
ή“,Τγ‚Λ‚η‚Ά,“‘εa,’†“΅,132233,“‹“s,•‘ ‘ΊRs,–{’¬‚P’–Ϊ,2025/2/10,23,κΛZ‘ξ,’“Τi—Φjκ,{ω‚Ή‚Έ,‚Θ‚µ
ή“,Τγ‚Λ‚η‚Ά,“‘εa,“μX,132209,“‹“s,“‘εas,χ‚ª‹u‚Q’–Ϊ,2025/12/19,13,‚»‚Μ‘Ό,’“Τi—Φjκ,{ω‚Ή‚Έ,‚Θ‚µ
ή“,Τγ‚Λ‚η‚Ά,“‘εa,“ή—Η‹΄,132209,“‹“s,“‘εas,γ–k‘δ‚Q’–Ϊ,2025/10/7,17,’“Τi—Φjκ,’“Τi—Φjκ,{ω‚µ‚½,‚Θ‚µ
ή“,Τγ‚Λ‚η‚Ά,“‘εa,“ή—Η‹΄,132209,“‹“s,“‘εas,‘ •~‚R’–Ϊ,2025/10/1,21,’“Τi—Φjκ,’“Τi—Φjκ,{ω‚µ‚½,‚Θ‚µ
ή“,Τγ‚Λ‚η‚Ά,“‘εa,“ή—Η‹΄,132209,“‹“s,“‘εas,‘ •~‚R’–Ϊ,2025/11/11,21,’“Τi—Φjκ,’“Τi—Φjκ,{ω‚µ‚½,‚ ‚θ
ή“,Τγ‚Λ‚η‚Ά,“‘εa,“ή—Η‹΄,132209,“‹“s,“‘εas,‚–Ψ‚R’–Ϊ,2025/12/22,17,’“Τi—Φjκ,’“Τi—Φjκ,{ω‚µ‚½,‚Θ‚µ
ή“,Τγ‚Λ‚η‚Ά,“‘εa,“ή—Η‹΄,132209,“‹“s,“‘εas,—§–μ‚P’–Ϊ,2025/12/6,20,’“Τi—Φjκ,’“Τi—Φjκ,{ω‚µ‚½,‚Θ‚µ
ή“,Τγ‚Λ‚η‚Ά,“‘εa,“ή—Η‹΄,132209,“‹“s,“‘εas,’†‰›‚Q’–Ϊ,2025/12/22,20,’“Τi—Φjκ,’“Τi—Φjκ,{ω‚µ‚½,‚ ‚θ
ή“,Τγ‚Λ‚η‚Ά,“‘εa,‘ΊR,132209,“‹“s,“‘εas,‚–Ψ‚P’–Ϊ,2025/12/15,15,’“Τi—Φjκ,’“Τi—Φjκ,{ω‚µ‚½,‚Θ‚µ
ή“,Τγ‚Λ‚η‚Ά,“‘εa,‘ΊR,132233,“‹“s,•‘ ‘ΊRs,‰|‚P’–Ϊ,2025/4/16,20,‚»‚Μ‘Ό,’“Τi—Φjκ,{ω‚µ‚½,‚Θ‚µ
ή“,Τγ‚Λ‚η‚Ά,“‘εa,‘ΊR,132233,“‹“s,•‘ ‘ΊRs,‰|‚Q’–Ϊ,2025/6/18,21,’“Τi—Φjκ,’“Τi—Φjκ,{ω‚Ή‚Έ,‚ ‚θ
ή“,Τγ‚Λ‚η‚Ά,“‘εa,‘ΊR,132233,“‹“s,•‘ ‘ΊRs,‘ε“μ‚P’–Ϊ,2024/12/29,9,‚»‚Μ‘Ό,’“Τi—Φjκ,{ω‚Ή‚Έ,‚ ‚θ
ή“,Τγ‚Λ‚η‚Ά,“‘εa,‘ΊR,132233,“‹“s,•‘ ‘ΊRs,‘ε“μ‚P’–Ϊ,2025/1/15,14,‚SK‚ΔΘγ‹¤“―Z‘ξ,’“Τi—Φjκ,{ω‚Ή‚Έ,‚ ‚θ
ή“,Τγ‚Λ‚η‚Ά,“‘εa,‘ΊR,132233,“‹“s,•‘ ‘ΊRs,‘ε“μ‚P’–Ϊ,2025/8/22,22,κΛZ‘ξ,’“Τi—Φjκ,{ω‚µ‚½,‚ ‚θ
ή“,Τγ‚Λ‚η‚Ά,“‘εa,‘ΊR,132233,“‹“s,•‘ ‘ΊRs,‘ε“μ‚Q’–Ϊ,2025/10/12,20,’“Τi—Φjκ,’“Τi—Φjκ,{ω‚µ‚½,‚Θ‚µ
ή“,Τγ‚Λ‚η‚Ά,“‘εa,‘ΊR,132233,“‹“s,•‘ ‘ΊRs,‘ε“μ‚Q’–Ϊ,2025/11/25,1,’“Τi—Φjκ,’“Τi—Φjκ,{ω‚µ‚½,‚Θ‚µ
ή“,Τγ‚Λ‚η‚Ά,“‘εa,‘ΊR,132233,“‹“s,•‘ ‘ΊRs,—Ξ‚ª‹u,2025/11/1,20,‚SK‚ΔΘγ‹¤“―Z‘ξ,’“Τi—Φjκ,{ω‚µ‚½,‚ ‚θ
ή“,Τγ‚Λ‚η‚Ά,“‘εa,‘ΊR,132233,“‹“s,•‘ ‘ΊRs,—Ξ‚ª‹u,2025/11/8,14,‚SK‚ΔΘγ‹¤“―Z‘ξ,’“Τi—Φjκ,{ω‚Ή‚Έ,‚ ‚θ
ή“,Τγ‚Λ‚η‚Ά,“‘εa,‘ΊR’™…’r,132209,“‹“s,“‘εas,Ξ”Θ‚R’–Ϊ,2025/12/10,15,“ΉHγ,‚»‚Μ‘Ό,{ω‚Ή‚Έ,‚ ‚θ
ή“,Τγ‚Λ‚η‚Ά,“‘εa,c–x,132233,“‹“s,•‘ ‘ΊRs,c–x‚P’–Ϊ,2025/9/11,3,κΛZ‘ξ,’“Τi—Φjκ,{ω‚Ή‚Έ,‚Θ‚µ
ή“,Τγ‚Λ‚η‚Ά,“‘εa,‹Κμγ…‰w‘O,132209,“‹“s,“‘εas,γ–k‘δ‚R’–Ϊ,2025/10/5,18,’“Τi—Φjκ,’“Τi—Φjκ,{ω‚µ‚½,‚ ‚θ
ή“,Τγ‚Λ‚η‚Ά,“‘εa,‹Κμγ…‰w‘O,132209,“‹“s,“‘εas,γ–k‘δ‚R’–Ϊ,2025/11/6,20,’“Τi—Φjκ,’“Τi—Φjκ,{ω‚µ‚½,‚ ‚θ
ή“,Τγ‚Λ‚η‚Ά,“‘εa,‹Κμγ…‰w‘O,132209,“‹“s,“‘εas,χ‚ª‹u‚Q’–Ϊ,2025/7/18,17,‚»‚Μ‘Ό,’“Τi—Φjκ,{ω‚Ή‚Έ,‚Θ‚µ
ή“,Τγ‚Λ‚η‚Ά,“‘εa,‹Κμγ…‰w‘O,132209,“‹“s,“‘εas,χ‚ª‹u‚R’–Ϊ,2025/11/11,10,“ΉHγ,‚»‚Μ‘Ό,{ω‚Ή‚Έ,‚ ‚θ
ή“,Τγ‚Λ‚η‚Ά,“‘εa,‹Κμγ…‰w‘O,132209,“‹“s,“‘εas,—§–μ‚R’–Ϊ,2025/12/11,19,’“Τi—Φjκ,’“Τi—Φjκ,{ω‚µ‚½,‚ ‚θ
ή“,Τγ‚Λ‚η‚Ά,“‘εa,‹Κμγ…‰w‘O,132233,“‹“s,•‘ ‘ΊRs,‘ε“μ‚S’–Ϊ,2025/11/2,12,’“Τi—Φjκ,’“Τi—Φjκ,{ω‚µ‚½,‚Θ‚µ
ή“,Τγ‚Λ‚η‚Ά,“‘εa,πE,132209,“‹“s,“‘εas,πE‚U’–Ϊ,2025/10/29,19,’“Τi—Φjκ,’“Τi—Φjκ,{ω‚Ή‚Έ,‚Θ‚µ
ή“,Τγ‚Λ‚η‚Ά,“‘εa,‘ •~,132209,“‹“s,“‘εas,‘ •~‚Q’–Ϊ,2025/12/16,9,κΛZ‘ξ,’“Τi—Φjκ,{ω‚µ‚½,‚Θ‚µ
ή“,Τγ‚Λ‚η‚Ά,“‘εa,‚–Ψ,132209,“‹“s,“‘εas,΄…‚R’–Ϊ,2025/2/8,13,“ΉHγ,‚»‚Μ‘Ό,{ω‚Ή‚Έ,‚Θ‚µ
ή“,Τγ‚Λ‚η‚Ά,“‘εa,‚–Ψ,132209,“‹“s,“‘εas,‚–Ψ‚Q’–Ϊ,2025/12/2,21,κΛZ‘ξ,’“Τi—Φjκ,{ω‚µ‚½,‚Θ‚µ
ή“,Τγ‚Λ‚η‚Ά,Β”~,΅δ,132055,“‹“s,Β”~s,΅δ‚Q’–Ϊ,2025/4/24,20,κΛZ‘ξ,’“Τi—Φjκ,{ω‚µ‚½,‚ ‚θ
ή“,Τγ‚Λ‚η‚Ά,Β”~,΅δ,132055,“‹“s,Β”~s,΅δ‚R’–Ϊ,2025/9/28,13,‚»‚Μ‘Ό,’“Τi—Φjκ,{ω‚Ή‚Έ,‚Θ‚µ
ή“,Τγ‚Λ‚η‚Ά,Β”~,΅δ,132055,“‹“s,Β”~s,“΅‹΄‚P’–Ϊ,2025/4/8,16,“ΉHγ,‚»‚Μ‘Ό,{ω‚Ή‚Έ,‚Θ‚µ
ή“,Τγ‚Λ‚η‚Ά,Β”~,΅›,132055,“‹“s,Β”~s,΅δ‚T’–Ϊ,2025/2/20,12,κΛZ‘ξ,’“Τi—Φjκ,{ω‚Ή‚Έ,‚Θ‚µ
ή“,Τγ‚Λ‚η‚Ά,Β”~,΅›,132055,“‹“s,Β”~s,΅›‚P’–Ϊ,2022/12/1,•s–Ύ,κΛZ‘ξ,’“Τi—Φjκ,{ω‚Ή‚Έ,‚ ‚θ
ή“,Τγ‚Λ‚η‚Ά,Β”~,΅›,132055,“‹“s,Β”~s,΅›‚P’–Ϊ,2023/1/1,•s–Ύ,κΛZ‘ξ,’“Τi—Φjκ,{ω‚Ή‚Έ,‚ ‚θ
ή“,Τγ‚Λ‚η‚Ά,Β”~,΅›,132055,“‹“s,Β”~s,΅›‚P’–Ϊ,2023/9/1,•s–Ύ,κΛZ‘ξ,’“Τi—Φjκ,{ω‚Ή‚Έ,‚Θ‚µ
ή“,Τγ‚Λ‚η‚Ά,Β”~,΅›,132055,“‹“s,Β”~s,΅›‚R’–Ϊ,2023/9/1,•s–Ύ,κΛZ‘ξ,’“Τi—Φjκ,{ω‚Ή‚Έ,‚Θ‚µ
ή“,Τγ‚Λ‚η‚Ά,Β”~,΅›,132055,“‹“s,Β”~s,‘ε–ε‚Q’–Ϊ,2025/11/12,16,‚»‚Μ‘Ό,’“Τi—Φjκ,{ω‚Ή‚Έ,‚ ‚θ
ή“,Τγ‚Λ‚η‚Ά,Β”~,΅›,132055,“‹“s,Β”~s,‘ε–ε‚R’–Ϊ,2025/1/16,14,‚»‚Μ‘Ό,‚»‚Μ‘Ό,{ω‚Ή‚Έ,‚ ‚θ
ή“,Τγ‚Λ‚η‚Ά,Β”~,΅›,132055,“‹“s,Β”~s,‘ε–ε‚R’–Ϊ,2025/4/8,15,‚»‚Μ‘Ό,‚»‚Μ‘Ό,{ω‚Ή‚Έ,‚ ‚θ
ή“,Τγ‚Λ‚η‚Ά,Β”~,΅›,132055,“‹“s,Β”~s,“΅‹΄‚Q’–Ϊ,2025/12/21,20,’“Τi—Φjκ,’“Τi—Φjκ,{ω‚µ‚½,‚Θ‚µ
ή“,Τγ‚Λ‚η‚Ά,Β”~,΅›,132055,“‹“s,Β”~s,“΅‹΄‚Q’–Ϊ,2025/12/22,18,’“Τi—Φjκ,’“Τi—Φjκ,{ω‚µ‚½,‚ ‚θ
ή“,Τγ‚Λ‚η‚Ά,Β”~,΄,133086,“‹“s,‰‘½–€’¬,΄,2025/8/15,7,‚»‚Μ‘Ό,’“Τi—Φjκ,{ω‚Ή‚Έ,‚Θ‚µ
ή“,Τγ‚Λ‚η‚Ά,Β”~,—F“c,132055,“‹“s,Β”~s,—F“c’¬‚R’–Ϊ,2025/7/21,22,‚»‚Μ‘Ό‚ΜZ‘ξi‚RK‚ΔΘ‰Ί‹¤“―Z‘ξ“™j,’“Τi—Φjκ,{ω‚µ‚½,‚ ‚θ
ή“,Τγ‚Λ‚η‚Ά,Β”~,‘ε–ε,132055,“‹“s,Β”~s,γ,2025/1/26,17,‚»‚Μ‘Ό‚ΜZ‘ξi‚RK‚ΔΘ‰Ί‹¤“―Z‘ξ“™j,’“Τi—Φjκ,{ω‚µ‚½,‚ ‚θ
ή“,Τγ‚Λ‚η‚Ά,Β”~,V’¬,132055,“‹“s,Β”~s,V’¬‚R’–Ϊ,2025/3/21,20,κΛZ‘ξ,’“Τi—Φjκ,{ω‚µ‚½,‚ ‚θ
ή“,Τγ‚Λ‚η‚Ά,Β”~,V’¬,132055,“‹“s,Β”~s,V’¬‚T’–Ϊ,2025/5/14,20,‚»‚Μ‘Ό‚ΜZ‘ξi‚RK‚ΔΘ‰Ί‹¤“―Z‘ξ“™j,‚»‚Μ‘Ό,{ω‚Ή‚Έ,‚Θ‚µ
ή“,Τγ‚Λ‚η‚Ά,Β”~,V’¬,132055,“‹“s,Β”~s,V’¬‚V’–Ϊ,2025/4/16,21,‚»‚Μ‘Ό‚ΜZ‘ξi‚RK‚ΔΘ‰Ί‹¤“―Z‘ξ“™j,’“Τi—Φjκ,{ω‚Ή‚Έ,‚Θ‚µ
ή“,Τγ‚Λ‚η‚Ά,Β”~,V’¬,132055,“‹“s,Β”~s,V’¬‚V’–Ϊ,2025/10/22,18,κΛZ‘ξ,’“Τi—Φjκ,{ω‚Ή‚Έ,‚ ‚θ
ή“,Τγ‚Λ‚η‚Ά,Β”~,V’¬,132055,“‹“s,Β”~s,V’¬‚V’–Ϊ,2025/10/22,19,κΛZ‘ξ,’“Τi—Φjκ,{ω‚Ή‚Έ,‚Θ‚µ
ή“,Τγ‚Λ‚η‚Ά,Β”~,“Β”~‰w‘O,132055,“‹“s,Β”~s,ΐ‚R’–Ϊ,2024/8/1,0,‚»‚Μ‘Ό‚ΜZ‘ξi‚RK‚ΔΘ‰Ί‹¤“―Z‘ξ“™j,’“Τi—Φjκ,{ω‚Ή‚Έ,‚Θ‚µ
ή“,Τγ‚Λ‚η‚Ά,Β”~,‰Ν•Σ‰w‘O,132055,“‹“s,Β”~s,‰Ν•Σ’¬‚U’–Ϊ,2025/10/10,17,’“Τi—Φjκ,’“Τi—Φjκ,{ω‚µ‚½,‚Θ‚µ
ή“,Τγ‚Λ‚η‚Ά,ά“ϊs,ά“ϊs‰w‘O,132284,“‹“s,‚ ‚«‚ι–μs,[‘ς,2025/9/12,15,’“Τi—Φjκ,’“Τi—Φjκ,{ω‚Ή‚Έ,‚Θ‚µ
ή“,Τγ‚Λ‚η‚Ά,ά“ϊs,ά“ϊs‰w‘O,132284,“‹“s,‚ ‚«‚ι–μs,Ϊ’J‘δ,2025/10/11,16,’“Τi—Φjκ,’“Τi—Φjκ,{ω‚Ή‚Έ,‚Θ‚µ
ή“,Τγ‚Λ‚η‚Ά,ά“ϊs,–xϋ‹΄,133051,“‹“s,“ϊ‚Μo’¬,‘ε‘ε‹v–μ,2025/10/17,17,κΛZ‘ξ,’“Τi—Φjκ,{ω‚Ή‚Έ,‚ ‚θ
ή“,Τγ‚Λ‚η‚Ά,ά“ϊs,–xϋ‹΄,133051,“‹“s,“ϊ‚Μo’¬,‘ε‘ε‹v–μ,2025/10/19,1,‚»‚Μ‘Ό,’“Τi—Φjκ,{ω‚Ή‚Έ,‚Θ‚µ
ή“,Τγ‚Λ‚η‚Ά,ά“ϊs,•½δ,133051,“‹“s,“ϊ‚Μo’¬,‘ε•½δ,2023/9/1,•s–Ύ,κΛZ‘ξ,’“Τi—Φjκ,{ω‚Ή‚Έ,‚Θ‚µ
ή“,Τγ‚Λ‚η‚Ά,ά“ϊs,•½δ,133051,“‹“s,“ϊ‚Μo’¬,‘ε•½δ,2025/6/15,9,‚»‚Μ‘Ό,’“Τi—Φjκ,{ω‚µ‚½,‚Θ‚µ
ή“,Τγ‚Λ‚η‚Ά,•¶,‰Ί•¶,132187,“‹“s,•¶s,‘εFμ,2025/4/1,•s–Ύ,‚»‚Μ‘Ό‚ΜZ‘ξi‚RK‚ΔΘ‰Ί‹¤“―Z‘ξ“™j,’“Τi—Φjκ,{ω‚Ή‚Έ,‚ ‚θ
ή“,Τγ‚Λ‚η‚Ά,•¶,’†•¶,132187,“‹“s,•¶s,–k“c‰€‚P’–Ϊ,2025/11/16,14,‚»‚Μ‘Ό,‚»‚Μ‘Ό,{ω‚Ή‚Έ,‚ ‚θ
ή“,Τγ‚Λ‚η‚Ά,•¶,“ρ‹{,132284,“‹“s,‚ ‚«‚ι–μs,“ρ‹{,2025/2/4,0,κΛZ‘ξ,’“Τi—Φjκ,{ω‚Ή‚Έ,‚ ‚θ
ή“,Τγ‚Λ‚η‚Ά,•¶,“ρ‹{,132284,“‹“s,‚ ‚«‚ι–μs,“ρ‹{,2025/5/9,2,κΛZ‘ξ,’“Τi—Φjκ,{ω‚Ή‚Έ,‚ ‚θ
ή“,Τγ‚Λ‚η‚Ά,•¶,“ΰo,132187,“‹“s,•¶s,‘εFμ,2025/2/24,14,‚»‚Μ‘Ό,‚»‚Μ‘Ό,{ω‚Ή‚Έ,‚ ‚θ
ή“,Τγ‚Λ‚η‚Ά,•¶,“ΰo,132187,“‹“s,•¶s,‘εFμ,2025/5/28,16,‚»‚Μ‘Ό,’“Τi—Φjκ,{ω‚Ή‚Έ,‚Θ‚µ
ή“,Τγ‚Λ‚η‚Ά,•¶,“ΰo,132187,“‹“s,•¶s,‘εFμ,2025/6/13,2,‚»‚Μ‘Ό‚ΜZ‘ξi‚RK‚ΔΘ‰Ί‹¤“―Z‘ξ“™j,’“Τi—Φjκ,{ω‚µ‚½,‚ ‚θ
ή“,Τγ‚Λ‚η‚Ά,•¶,“ΰo,132187,“‹“s,•¶s,‘εFμ,2025/10/28,9,“ΉHγ,‚»‚Μ‘Ό,{ω‚Ή‚Έ,‚ ‚θ
ή“,Τγ‚Λ‚η‚Ά,•¶,“μ“c‰€,132187,“‹“s,•¶s,“μ“c‰€‚R’–Ϊ,2025/5/27,14,‚SK‚ΔΘγ‹¤“―Z‘ξ,’“Τi—Φjκ,{ω‚Ή‚Έ,‚Θ‚µ
ή“,Τγ‚Λ‚η‚Ά,•¶,¬μ‰w‘O,132276,“‹“s,‰H‘Ίs,‰h’¬‚Q’–Ϊ,2025/9/28,14,κΛZ‘ξ,’“Τi—Φjκ,{ω‚Ή‚Έ,‚Θ‚µ
ή“,Τγ‚Λ‚η‚Ά,•¶,¬μ‰w‘O,132276,“‹“s,‰H‘Ίs,‰h’¬‚Q’–Ϊ,2025/10/6,22,‚»‚Μ‘Ό,‚»‚Μ‘Ό,{ω‚Ή‚Έ,‚ ‚θ
ή“,Τγ‚Λ‚η‚Ά,•¶,¬μ‰w‘O,132276,“‹“s,‰H‘Ίs,‰h’¬‚Q’–Ϊ,2025/12/15,18,‚SK‚ΔΘγ‹¤“―Z‘ξ,’“Τi—Φjκ,{ω‚µ‚½,‚ ‚θ
ή“,Τγ‚Λ‚η‚Ά,•¶,¬μ‰w‘O,132276,“‹“s,‰H‘Ίs,¬μ‘δ‚P’–Ϊ,2025/10/16,18,‚SK‚ΔΘγ‹¤“―Z‘ξ,’“Τi—Φjκ,{ω‚Ή‚Έ,‚Θ‚µ
ή“,Τγ‚Λ‚η‚Ά,•¶,¬μ‰w‘O,132276,“‹“s,‰H‘Ίs,¬μ‘δ‚Q’–Ϊ,2023/3/1,•s–Ύ,κΛZ‘ξ,’“Τi—Φjκ,{ω‚Ή‚Έ,‚ ‚θ
ή“,Τγ‚Λ‚η‚Ά,•¶,¬μ‰w‘O,132276,“‹“s,‰H‘Ίs,¬μ‘δ‚Q’–Ϊ,2025/1/10,7,’“Τi—Φjκ,’“Τi—Φjκ,{ω‚Ή‚Έ,‚Θ‚µ
ή“,Τγ‚Λ‚η‚Ά,•¶,¬μ,132284,“‹“s,‚ ‚«‚ι–μs,¬μ“‚P’–Ϊ,2025/3/9,14,‚»‚Μ‘Ό,’“Τi—Φjκ,{ω‚µ‚½,‚Θ‚µ
ή“,Τγ‚Λ‚η‚Ά,•¶,‰΅“c,132187,“‹“s,•¶s,‘εFμ,2025/5/1,•s–Ύ,κΛZ‘ξ,’“Τi—Φjκ,{ω‚Ή‚Έ,‚ ‚θ
ή“,Τγ‚Λ‚η‚Ά,•¶,‰΅“c,132187,“‹“s,•¶s,‘εFμ,2025/5/10,0,κΛZ‘ξ,’“Τi—Φjκ,{ω‚Ή‚Έ,‚ ‚θ
ή“,Τγ‚Λ‚η‚Ά,•¶,‰΅“c,132187,“‹“s,•¶s,‘εFμ,2025/12/15,19,‚»‚Μ‘Ό,’“Τi—Φjκ,{ω‚µ‚½,‚Θ‚µ
ή“,Τγ‚Λ‚η‚Ά,•¶,‰΅“c,132187,“‹“s,•¶s,‘ε•¶,2025/12/15,21,’“Τi—Φjκ,’“Τi—Φjκ,{ω‚µ‚½,‚ ‚θ
ή“,Τγ‚Λ‚η‚Ά,•¶,Ίγ,132284,“‹“s,‚ ‚«‚ι–μs,ψ“c,2025/10/29,16,‚»‚Μ‘Ό‚ΜZ‘ξi‚RK‚ΔΘ‰Ί‹¤“―Z‘ξ“™j,’“Τi—Φjκ,{ω‚µ‚½,‚ ‚θ
ή“,Τγ‚Λ‚η‚Ά,•¶,Ίγ,132284,“‹“s,‚ ‚«‚ι–μs,Ίγ,2025/8/26,21,κΛZ‘ξ,’“Τi—Φjκ,{ω‚µ‚½,‚ ‚θ
ή“,Τγ‚Λ‚η‚Ά,•¶,Ίγ,132284,“‹“s,‚ ‚«‚ι–μs,Ίγ,2025/10/29,20,‚»‚Μ‘Ό‚ΜZ‘ξi‚RK‚ΔΘ‰Ί‹¤“―Z‘ξ“™j,’“Τi—Φjκ,{ω‚µ‚½,‚Θ‚µ
ή“,Τγ‚Λ‚η‚Ά,•¶,Ξ”¨,133035,“‹“s,•δ’¬,‘εΞ”¨,2025/12/22,17,κΛZ‘ξ,’“Τi—Φjκ,{ω‚Ή‚Έ,‚ ‚θ
ή“,Τγ‚Λ‚η‚Ά,•¶,Ξ”¨γ,133035,“‹“s,•δ’¬,‘ε•‘ ,2025/2/26,21,‚»‚Μ‘Ό,’“Τi—Φjκ,{ω‚Ή‚Έ,‚Θ‚µ
ή“,Τγ‚Λ‚η‚Ά,•¶,_–Ύ‘δ,132276,“‹“s,‰H‘Ίs,άƒm_‚P’–Ϊ,2025/8/25,13,’“Τi—Φjκ,’“Τi—Φjκ,{ω‚Ή‚Έ,‚Θ‚µ
ή“,Τγ‚Λ‚η‚Ά,•¶,_–Ύ‘δ,132276,“‹“s,‰H‘Ίs,_–Ύ‘δ‚P’–Ϊ,2025/6/6,17,‚»‚Μ‘Ό,‚»‚Μ‘Ό,{ω‚Ή‚Έ,‚Θ‚µ
ή“,Τγ‚Λ‚η‚Ά,•¶,_–Ύ‘δ,132276,“‹“s,‰H‘Ίs,_–Ύ‘δ‚P’–Ϊ,2025/12/18,12,’“Τi—Φjκ,’“Τi—Φjκ,{ω‚Ή‚Έ,‚Θ‚µ
ή“,Τγ‚Λ‚η‚Ά,•¶,•¶‰w‘O,132187,“‹“s,•¶s,‘εFμ,2025/11/4,19,’“Τi—Φjκ,’“Τi—Φjκ,{ω‚µ‚½,‚Θ‚µ
ή“,Τγ‚Λ‚η‚Ά,•¶,•¶‰w‘O,132187,“‹“s,•¶s,‘ε•¶,2025/8/5,17,‚»‚Μ‘Ό,’“Τi—Φjκ,{ω‚Ή‚Έ,‚Θ‚µ
ή“,Τγ‚Λ‚η‚Ά,•¶,•¶‰w‘O,132187,“‹“s,•¶s,‘ε•¶,2025/9/5,14,κΛZ‘ξ,’“Τi—Φjκ,{ω‚Ή‚Έ,‚ ‚θ
ή“,Τγ‚Λ‚η‚Ά,•¶,•¶‰w‘O,132187,“‹“s,•¶s,‘ε•¶,2025/9/6,11,κΛZ‘ξ,’“Τi—Φjκ,{ω‚Ή‚Έ,‚Θ‚µ
ή“,Τγ‚Λ‚η‚Ά,•¶,•¶‰w‘O,132187,“‹“s,•¶s,“’¬,2025/9/26,16,“ΉHγ,‚»‚Μ‘Ό,{ω‚Ή‚Έ,‚Θ‚µ
ή“,Τγ‚Λ‚η‚Ά,•¶,Hμ‰w‘O,132284,“‹“s,‚ ‚«‚ι–μs,Hμ‚P’–Ϊ,2025/5/29,19,‚SK‚ΔΘγ‹¤“―Z‘ξ,’“Τi—Φjκ,{ω‚Ή‚Έ,‚Θ‚µ
ή“,Τγ‚Λ‚η‚Ά,•¶,Hμ‰w‘O,132284,“‹“s,‚ ‚«‚ι–μs,Hμ‚T’–Ϊ,2025/4/28,10,“ΉHγ,‚»‚Μ‘Ό,{ω‚Ή‚Έ,‚ ‚θ
ή“,Τγ‚Λ‚η‚Ά,•¶,Hμ‰w‘O,132284,“‹“s,‚ ‚«‚ι–μs,Hμ‚U’–Ϊ,2025/11/4,1,‚»‚Μ‘Ό‚ΜZ‘ξi‚RK‚ΔΘ‰Ί‹¤“―Z‘ξ“™j,’“Τi—Φjκ,{ω‚µ‚½,‚ ‚θ
ή“,Τγ‚Λ‚η‚Ά,•¶,Hμ‰w‘O,132284,“‹“s,‚ ‚«‚ι–μs,–ϋ•½,2025/3/8,19,’“Τi—Φjκ,’“Τi—Φjκ,{ω‚Ή‚Έ,‚Θ‚µ
ή“,Τγ‚Λ‚η‚Ά,•¶,Hμ‰w‘O,132284,“‹“s,‚ ‚«‚ι–μs,•½‘ς,2025/3/15,15,‚»‚Μ‘Ό,’“Τi—Φjκ,{ω‚Ή‚Έ,‚Θ‚µ
ή“,Τγ‚Λ‚η‚Ά,•¶,Hμ‰w‘O,132284,“‹“s,‚ ‚«‚ι–μs,•½‘ςΌ‚P’–Ϊ,2025/10/25,20,‚SK‚ΔΘγ‹¤“―Z‘ξ,’“Τi—Φjκ,{ω‚µ‚½,‚ ‚θ
ή“,Τγ‚Λ‚η‚Ά,•¶,” ªƒPθ,133035,“‹“s,•δ’¬,‘ε•‘ ,2025/1/11,4,‚»‚Μ‘Ό,‚»‚Μ‘Ό,{ω‚Ή‚Έ,‚ ‚θ
ή“,Τγ‚Λ‚η‚Ά,•¶,” ªƒPθ,133035,“‹“s,•δ’¬,‘ε•‘ ,2025/1/22,5,‚»‚Μ‘Ό,’“Τi—Φjκ,{ω‚Ή‚Έ,‚Θ‚µ
ή“,Τγ‚Λ‚η‚Ά,•¶,” ªƒ–θ‰w‘O,133035,“‹“s,•δ’¬,” ªƒPθΌΌ΄,2025/2/15,15,κΛZ‘ξ,‚»‚Μ‘Ό,{ω‚Ή‚Έ,‚ ‚θ
ή“,Τγ‚Λ‚η‚Ά,•¶,‰H,132276,“‹“s,‰H‘Ίs,‰H’†‚Q’–Ϊ,2025/8/24,21,’“Τi—Φjκ,’“Τi—Φjκ,{ω‚µ‚½,‚ ‚θ
ή“,Τγ‚Λ‚η‚Ά,•¶,‰H,132276,“‹“s,‰H‘Ίs,‰H’†‚R’–Ϊ,2025/12/22,19,’“Τi—Φjκ,’“Τi—Φjκ,{ω‚µ‚½,‚ ‚θ
ή“,Τγ‚Λ‚η‚Ά,•¶,‰H‘Ί‰w‘O,132276,“‹“s,‰H‘Ίs,‰H’†‚P’–Ϊ,2025/10/7,13,“ΉHγ,‚»‚Μ‘Ό,{ω‚Ή‚Έ,‚ ‚θ
ή“,Τγ‚Λ‚η‚Ά,•¶,‰H‘Ί‰w‘O,132276,“‹“s,‰H‘Ίs,—Ξƒ–‹u‚S’–Ϊ,2025/6/12,19,’“Τi—Φjκ,’“Τi—Φjκ,{ω‚µ‚½,‚Θ‚µ
ή“,Τγ‚Λ‚η‚Ά,•¶,‘‰Τ,132284,“‹“s,‚ ‚«‚ι–μs,΄¬‹{,2025/7/24,17,‚»‚Μ‘Ό,’“Τi—Φjκ,{ω‚Ή‚Έ,‚ ‚θ
ή“,Τγ‚Λ‚η‚Ά,•¶,›¶,132284,“‹“s,‚ ‚«‚ι–μs,£Λ‰ª,2025/10/30,0,‚»‚Μ‘Ό‚ΜZ‘ξi‚RK‚ΔΘ‰Ί‹¤“―Z‘ξ“™j,’“Τi—Φjκ,{ω‚µ‚½,‚Θ‚µ
ή“,Τγ‚Λ‚η‚Ά,•¶,–μ•Σ,132284,“‹“s,‚ ‚«‚ι–μs,–μ•Σ,2025/7/5,0,‚»‚Μ‘Ό‚ΜZ‘ξi‚RK‚ΔΘ‰Ί‹¤“―Z‘ξ“™j,’“Τi—Φjκ,{ω‚Ή‚Έ,‚ ‚θ
ή“,Τγ‚Λ‚η‚Ά,•¶,’·‰ª,133035,“‹“s,•δ’¬,‘ε’·‰ª‰Ίt‰ª,2025/6/11,20,’“Τi—Φjκ,’“Τi—Φjκ,{ω‚Ή‚Έ,‚ ‚θ
ή“,Τγ‚Λ‚η‚Ά,”ª‰¤q,γμϋ,132012,“‹“s,”ª‰¤qs,”όR’¬,2025/3/21,15,‚»‚Μ‘Ό,‚»‚Μ‘Ό,{ω‚Ή‚Έ,‚Θ‚µ
ή“,Τγ‚Λ‚η‚Ά,”ª‰¤q,‰Ίμϋ,132012,“‹“s,”ª‰¤qs,μϋ’¬,2025/5/16,20,’“Τi—Φjκ,’“Τi—Φjκ,{ω‚µ‚½,‚Θ‚µ
ή“,Τγ‚Λ‚η‚Ά,”ª‰¤q,’†–μ,132012,“‹“s,”ª‰¤qs,‘ε‰΅’¬,2025/1/15,10,“ΉHγ,‚»‚Μ‘Ό,{ω‚Ή‚Έ,‚ ‚θ
ή“,Τγ‚Λ‚η‚Ά,”ª‰¤q,’†–μ,132012,“‹“s,”ª‰¤qs,‘ε‰΅’¬,2025/4/17,17,“ΉHγ,‚»‚Μ‘Ό,{ω‚Ή‚Έ,‚Θ‚µ
ή“,Τγ‚Λ‚η‚Ά,”ª‰¤q,’†–μ,132012,“‹“s,”ª‰¤qs,’†–μγ’¬‚Q’–Ϊ,2025/10/18,17,’“Τi—Φjκ,’“Τi—Φjκ,{ω‚Ή‚Έ,‚Θ‚µ
ή“,Τγ‚Λ‚η‚Ά,”ª‰¤q,‹v•ΫR,132012,“‹“s,”ª‰¤qs,‹v•ΫR’¬‚Q’–Ϊ,2025/9/15,20,’“Τi—Φjκ,’“Τi—Φjκ,{ω‚Ή‚Έ,‚ ‚θ
ή“,Τγ‚Λ‚η‚Ά,”ª‰¤q,”ª‰¤q‰w–kϋ,132012,“‹“s,”ª‰¤qs,®’¬,2025/5/15,8,’“Τi—Φjκ,’“Τi—Φjκ,{ω‚Ή‚Έ,‚Θ‚µ
ή“,Τγ‚Λ‚η‚Ά,”ª‰¤q,”ª‰¤q‰w–kϋ,132012,“‹“s,”ª‰¤qs,®’¬,2025/8/3,16,’“Τi—Φjκ,’“Τi—Φjκ,{ω‚Ή‚Έ,‚Θ‚µ
ή“,Τγ‚Λ‚η‚Ά,”ª‰¤q,”ª‰¤q‰w–kϋ,132012,“‹“s,”ª‰¤qs,’†’¬,2025/12/18,14,‚»‚Μ‘Ό,’“Τi—Φjκ,{ω‚Ή‚Έ,‚Θ‚µ
ή“,Τγ‚Λ‚η‚Ά,”ª‰¤q,”ª‰¤q‰w–kϋ,132012,“‹“s,”ª‰¤qs,–Ύ_’¬‚S’–Ϊ,2025/7/8,9,“ΉHγ,‚»‚Μ‘Ό,{ω‚Ή‚Έ,‚ ‚θ
ή“,Τγ‚Λ‚η‚Ά,”ª‰¤q,”ª‰¤q‰w–kϋ,132012,“‹“s,”ª‰¤qs,”ª“ϊ’¬,2025/11/30,16,‚»‚Μ‘Ό,‚»‚Μ‘Ό,{ω‚Ή‚Έ,‚ ‚θ
ή“,Τγ‚Λ‚η‚Ά,”ª‰¤q,”ª‰¤q‰w–kϋ,132012,“‹“s,”ª‰¤qs,”ª“ϊ’¬,2025/12/8,14,‚»‚Μ‘Ό,’“Τi—Φjκ,{ω‚Ή‚Έ,‚Θ‚µ
ή“,Τγ‚Λ‚η‚Ά,”ª‰¤q,”ª‰¤q‰w–kϋ,132012,“‹“s,”ª‰¤qs,‰΅R’¬,2025/8/6,15,‚»‚Μ‘Ό,’“Τi—Φjκ,{ω‚Ή‚Έ,‚Θ‚µ
ή“,Τγ‚Λ‚η‚Ά,”ª‰¤q,”ª‰¤q‰w“μϋ,132012,“‹“s,”ª‰¤qs,qΐ’¬‚P’–Ϊ,2025/7/3,3,‚»‚Μ‘Ό,’“Τi—Φjκ,{ω‚Ή‚Έ,‚Θ‚µ
ή“,Τγ‚Λ‚η‚Ά,”ª‰¤q,–k”ª‰¤q,132012,“‹“s,”ª‰¤qs,Ξμ’¬,2025/6/17,19,‚»‚Μ‘Ό,‚»‚Μ‘Ό,{ω‚Ή‚Έ,‚ ‚θ
ή“,Τγ‚Λ‚η‚Ά,”ª‰¤q,–k”ª‰¤q,132012,“‹“s,”ª‰¤qs,‘ε’J’¬,2025/4/19,1,κΛZ‘ξ,‚»‚Μ‘Ό,{ω‚Ή‚Έ,‚ ‚θ
ή“,Τγ‚Λ‚η‚Ά,”ª‰¤q,–k”ª‰¤q,132012,“‹“s,”ª‰¤qs,‚‘q’¬,2025/3/24,7,κΛZ‘ξ,‚»‚Μ‘Ό,{ω‚Ή‚Έ,‚ ‚θ
ή“,Τγ‚Λ‚η‚Ά,”ª‰¤q,‘εa“c,132012,“‹“s,”ª‰¤qs,‘εa“c’¬‚U’–Ϊ,2025/5/28,16,‚SK‚ΔΘγ‹¤“―Z‘ξ,’“Τi—Φjκ,{ω‚µ‚½,‚Θ‚µ
ή“,Τγ‚Λ‚η‚Ά,”ª‰¤q,‘εa“c,132012,“‹“s,”ª‰¤qs,‘εa“c’¬‚U’–Ϊ,2025/11/23,15,‚»‚Μ‘Ό,’“Τi—Φjκ,{ω‚Ή‚Έ,‚Θ‚µ
ή“,Τγ‚Λ‚η‚Ά,”ª‰¤q,ΐΛ,132012,“‹“s,”ª‰¤qs,‹Ε’¬‚P’–Ϊ,2025/12/15,20,’“Τi—Φjκ,’“Τi—Φjκ,{ω‚µ‚½,‚ ‚θ
ή“,Τγ‚Λ‚η‚Ά,”ª‰¤q,•xmX,132012,“‹“s,”ª‰¤qs,qΐ’¬‚S’–Ϊ,2025/2/3,9,‚»‚Μ‘Ό,’“Τi—Φjκ,{ω‚Ή‚Έ,‚Θ‚µ
ή“,Τγ‚Λ‚η‚Ά,”ª‰¤q,¬‹{’¬,132012,“‹“s,”ª‰¤qs,¬‹{’¬,2025/8/19,18,κΛZ‘ξ,‚»‚Μ‘Ό,{ω‚µ‚½,‚ ‚θ
ή“,Τγ‚Λ‚η‚Ά,”ª‰¤q,Ά–Ϊ,132012,“‹“s,”ª‰¤qs,Ά–Ϊ’¬,2025/6/10,15,‚»‚Μ‘Ό,‚»‚Μ‘Ό,{ω‚Ή‚Έ,‚ ‚θ
ή“,Τγ‚Λ‚η‚Ά,”ª‰¤q,Ά–Ϊ,132012,“‹“s,”ª‰¤qs,“θ΄’¬,2025/6/7,18,‚»‚Μ‘Ό,’“Τi—Φjκ,{ω‚Ή‚Έ,‚Θ‚µ
ή“,Τγ‚Λ‚η‚Ά,”ª‰¤q,Ά–Ϊ,132012,“‹“s,”ª‰¤qs,“θ΄’¬,2025/7/5,14,‚»‚Μ‘Ό,’“Τi—Φjκ,{ω‚Ή‚Έ,‚ ‚θ
ή“,Τγ‚Λ‚η‚Ά,”ª‰¤q,Ξμ,132012,“‹“s,”ª‰¤qs,Ξμ’¬,2025/5/31,0,κΛZ‘ξ,’“Τi—Φjκ,{ω‚µ‚½,‚ ‚θ
ή“,Τγ‚Λ‚η‚Ά,”ª‰¤q,Ξμ,132012,“‹“s,”ª‰¤qs,‰F’Γ–Ψ’¬,2025/10/11,2,κΛZ‘ξ,’“Τi—Φjκ,{ω‚Ή‚Έ,‚ ‚θ
ή“,Τγ‚Λ‚η‚Ά,”ª‰¤q,ξ‰Χβ,132012,“‹“s,”ª‰¤qs,¶“ό’¬,2025/11/16,0,‚»‚Μ‘Ό,’“Τi—Φjκ,{ω‚µ‚½,‚Θ‚µ
ή“,Τγ‚Λ‚η‚Ά,”ª‰¤q,ξ‰Χβ,132012,“‹“s,”ª‰¤qs,’†–μγ’¬‚R’–Ϊ,2025/6/4,16,‚SK‚ΔΘγ‹¤“―Z‘ξ,‚»‚Μ‘Ό,{ω‚Ή‚Έ,‚Θ‚µ
ή“,Τγ‚Λ‚η‚Ά,”ª‰¤q,ξ‰Χβ,132012,“‹“s,”ª‰¤qs,’†–μR‰¤‚P’–Ϊ,2025/6/25,17,κΛZ‘ξ,’“Τi—Φjκ,{ω‚Ή‚Έ,‚Θ‚µ
ή“,Τγ‚Λ‚η‚Ά,”ª‰¤q,ξ‰Χβ,132012,“‹“s,”ª‰¤qs,’†–μR‰¤‚R’–Ϊ,2025/5/15,13,‚SK‚ΔΘγ‹¤“―Z‘ξ,’“Τi—Φjκ,{ω‚Ή‚Έ,‚Θ‚µ
ή“,Τγ‚Λ‚η‚Ά,”ª‰¤q,’Η•ª,132012,“‹“s,”ª‰¤qs,³–{‹½’¬‚R’–Ϊ,2025/4/30,17,‚»‚Μ‘Ό,’“Τi—Φjκ,{ω‚Ή‚Έ,‚ ‚θ
ή“,Τγ‚Λ‚η‚Ά,”ª‰¤q,,,,,,2025/1/16,2,“ΉHγ,‚»‚Μ‘Ό,{ω‚Ή‚Έ,‚ ‚θ
ή“,Τγ‚Λ‚η‚Ά,’¬“c,O—Φ,132098,“‹“s,’¬“cs,O—Φ—ΞR‚S’–Ϊ,2024/12/27,7,‚»‚Μ‘Ό,‚»‚Μ‘Ό,{ω‚Ή‚Έ,‚Θ‚µ
ή“,Τγ‚Λ‚η‚Ά,’¬“c,’†’¬,132098,“‹“s,’¬“cs,’†’¬‚R’–Ϊ,2025/6/5,15,“ΉHγ,‚»‚Μ‘Ό,{ω‚Ή‚Έ,‚Θ‚µ
ή“,Τγ‚Λ‚η‚Ά,’¬“c,’†’¬,132098,“‹“s,’¬“cs,X–μ‚S’–Ϊ,2025/4/27,13,‚»‚Μ‘Ό,‚»‚Μ‘Ό,{ω‚Ή‚Έ,‚ ‚θ
ή“,Τγ‚Λ‚η‚Ά,’¬“c,“μ‘ε’J,132098,“‹“s,’¬“cs,“μ‘ε’J,2025/5/26,15,“ΉHγ,‚»‚Μ‘Ό,{ω‚Ή‚Έ,‚ ‚θ
ή“,Τγ‚Λ‚η‚Ά,’¬“c,“μ’¬“cƒOƒ‰ƒ“ƒxƒ[ƒp,132098,“‹“s,’¬“cs,’ίΤ‚R’–Ϊ,2025/12/21,16,‚»‚Μ‘Ό,’“Τi—Φjκ,{ω‚Ή‚Έ,‚Θ‚µ
ή“,Τγ‚Λ‚η‚Ά,’¬“c,“μ’¬“cƒOƒ‰ƒ“ƒxƒ[ƒp,132098,“‹“s,’¬“cs,’ίΤ‚T’–Ϊ,2025/6/2,14,‚»‚Μ‘Ό,’“Τi—Φjκ,{ω‚Ή‚Έ,‚Θ‚µ
ή“,Τγ‚Λ‚η‚Ά,’¬“c,“μ’¬“cƒOƒ‰ƒ“ƒxƒ[ƒp,132098,“‹“s,’¬“cs,’ίΤ‚U’–Ϊ,2025/9/16,6,‚»‚Μ‘Ό,‚»‚Μ‘Ό,{ω‚Ή‚Έ,‚ ‚θ
ή“,Τγ‚Λ‚η‚Ά,’¬“c,“μ’¬“cƒOƒ‰ƒ“ƒxƒ[ƒp,132098,“‹“s,’¬“cs,’ίΤ‚V’–Ϊ,2025/10/23,17,’“Τi—Φjκ,’“Τi—Φjκ,{ω‚µ‚½,‚Θ‚µ
ή“,Τγ‚Λ‚η‚Ά,’¬“c,“μ’¬“cƒOƒ‰ƒ“ƒxƒ[ƒp,132098,“‹“s,’¬“cs,“μ’¬“c‚P’–Ϊ,2025/9/15,2,‚»‚Μ‘Ό‚ΜZ‘ξi‚RK‚ΔΘ‰Ί‹¤“―Z‘ξ“™j,’“Τi—Φjκ,{ω‚Ή‚Έ,‚ ‚θ
ή“,Τγ‚Λ‚η‚Ά,’¬“c,“μ’¬“cƒOƒ‰ƒ“ƒxƒ[ƒp,132098,“‹“s,’¬“cs,“μ’¬“c‚S’–Ϊ,2024/12/27,10,‚»‚Μ‘Ό,’“Τi—Φjκ,{ω‚Ή‚Έ,‚ ‚θ
ή“,Τγ‚Λ‚η‚Ά,’¬“c,΄’¬“c,132098,“‹“s,’¬“cs,΄’¬“c‚P’–Ϊ,2025/1/4,20,‚SK‚ΔΘγ‹¤“―Z‘ξ,’“Τi—Φjκ,{ω‚Ή‚Έ,‚Θ‚µ
ή“,Τγ‚Λ‚η‚Ά,’¬“c,΄’¬“c,132098,“‹“s,’¬“cs,΄’¬“c‚Q’–Ϊ,2025/2/21,14,“ΉHγ,‚»‚Μ‘Ό,{ω‚Ή‚Έ,‚ ‚θ
ή“,Τγ‚Λ‚η‚Ά,’¬“c,΄’¬“c,132098,“‹“s,’¬“cs,΄’¬“c‚Q’–Ϊ,2025/9/25,13,‚SK‚ΔΘγ‹¤“―Z‘ξ,’“Τi—Φjκ,{ω‚Ή‚Έ,‚ ‚θ
ή“,Τγ‚Λ‚η‚Ά,’¬“c,΄’¬“c,132098,“‹“s,’¬“cs,΄’¬“c‚U’–Ϊ,2025/7/9,15,‚»‚Μ‘Ό,’“Τi—Φjκ,{ω‚Ή‚Έ,‚Θ‚µ
ή“,Τγ‚Λ‚η‚Ά,’¬“c,‘ε‘ ,132098,“‹“s,’¬“cs,‘ε‘ ’¬,2025/8/25,18,‚»‚Μ‘Ό,’“Τi—Φjκ,{ω‚Ή‚Έ,‚Θ‚µ
ή“,Τγ‚Λ‚η‚Ά,’¬“c,¬R“c,132098,“‹“s,’¬“cs,‰Ί¬R“c’¬,2025/4/16,14,‚»‚Μ‘Ό,‚»‚Μ‘Ό,{ω‚Ή‚Έ,‚ ‚θ
ή“,Τγ‚Λ‚η‚Ά,’¬“c,¬R“c,132098,“‹“s,’¬“cs,‰Ί¬R“c’¬,2025/7/29,19,κΛZ‘ξ,’“Τi—Φjκ,{ω‚Ή‚Έ,‚ ‚θ
ή“,Τγ‚Λ‚η‚Ά,’¬“c,¬–μH,132098,“‹“s,’¬“cs,¬–μH’¬,2025/8/4,21,κΛZ‘ξ,’“Τi—Φjκ,{ω‚Ή‚Έ,‚ ‚θ
ή“,Τγ‚Λ‚η‚Ά,’¬“c,Rθ,132098,“‹“s,’¬“cs,Rθ’¬,2025/4/19,20,‚SK‚ΔΘγ‹¤“―Z‘ξ,’“Τi—Φjκ,{ω‚Ή‚Έ,‚Θ‚µ
ή“,Τγ‚Λ‚η‚Ά,’¬“c,’‰¶’n‹ζ,132098,“‹“s,’¬“cs,–Ψ‘]Ό‚R’–Ϊ,2025/7/18,3,‚»‚Μ‘Ό,’“Τi—Φjκ,{ω‚Ή‚Έ,‚Θ‚µ
ή“,Τγ‚Λ‚η‚Ά,’¬“c,’‰¶’n‹ζ,132098,“‹“s,’¬“cs,–Ψ‘]“‚Q’–Ϊ,2025/5/8,18,‚SK‚ΔΘγ‹¤“―Z‘ξ,’“Τi—Φjκ,{ω‚Ή‚Έ,‚Θ‚µ
ή“,Τγ‚Λ‚η‚Ά,’¬“c,¬£,132098,“‹“s,’¬“cs,¬£‚V’–Ϊ,2025/1/20,15,‚SK‚ΔΘγ‹¤“―Z‘ξ,’“Τi—Φjκ,{ω‚Ή‚Έ,‚Θ‚µ
ή“,Τγ‚Λ‚η‚Ά,’¬“c,¬£,132098,“‹“s,’¬“cs,¬£‚V’–Ϊ,2025/10/24,17,‚»‚Μ‘Ό,’“Τi—Φjκ,{ω‚Ή‚Έ,‚ ‚θ
ή“,Τγ‚Λ‚η‚Ά,’¬“c,¬£‰w‘O,132098,“‹“s,’¬“cs,¬£‚ª‹u‚P’–Ϊ,2025/9/26,8,‚»‚Μ‘Ό,’“Τi—Φjκ,{ω‚Ή‚Έ,‚ ‚θ
ή“,Τγ‚Λ‚η‚Ά,’¬“c,–Ψ‘],132098,“‹“s,’¬“cs,®’¬‚P’–Ϊ,2025/8/2,16,‚»‚Μ‘Ό,’“Τi—Φjκ,{ω‚Ή‚Έ,‚ ‚θ
ή“,Τγ‚Λ‚η‚Ά,’¬“c,–Ψ‘],132098,“‹“s,’¬“cs,–Ψ‘]“‚P’–Ϊ,2025/6/18,8,κΛZ‘ξ,’“Τi—Φjκ,{ω‚Ή‚Έ,‚ ‚θ
ή“,Τγ‚Λ‚η‚Ά,’¬“c,–Ψ‘],132098,“‹“s,’¬“cs,–Ψ‘]“‚R’–Ϊ,2025/8/2,18,κΛZ‘ξ,’“Τi—Φjκ,{ω‚Ή‚Έ,‚Θ‚µ
ή“,Τγ‚Λ‚η‚Ά,’¬“c,–Ψ‘],132098,“‹“s,’¬“cs,–Ψ‘]“‚R’–Ϊ,2025/8/3,18,κΛZ‘ξ,’“Τi—Φjκ,{ω‚Ή‚Έ,‚Θ‚µ
ή“,Τγ‚Λ‚η‚Ά,’¬“c,–{’¬“c,132098,“‹“s,’¬“cs,–{’¬“c,2025/10/3,14,’“Τi—Φjκ,’“Τi—Φjκ,{ω‚Ή‚Έ,‚Θ‚µ
ή“,Τγ‚Λ‚η‚Ά,’¬“c,’¬“c‰w‘O,132098,“‹“s,’¬“cs,΄’¬“c‚T’–Ϊ,2025/6/9,8,’“Τi—Φjκ,’“Τi—Φjκ,{ω‚Ή‚Έ,‚Θ‚µ
ή“,Τγ‚Λ‚η‚Ά,’¬“c,’¬“c‰w‘O,132098,“‹“s,’¬“cs,΄’¬“c‚U’–Ϊ,2025/4/14,17,’“Τi—Φjκ,’“Τi—Φjκ,{ω‚Ή‚Έ,‚ ‚θ
ή“,Τγ‚Λ‚η‚Ά,’¬“c,’¬“c‰w‘O,132098,“‹“s,’¬“cs,΄’¬“c‚U’–Ϊ,2025/4/15,7,“ΉHγ,‚»‚Μ‘Ό,{ω‚Ή‚Έ,‚ ‚θ
ή“,Τγ‚Λ‚η‚Ά,’¬“c,’¬“c‰w‘O,132098,“‹“s,’¬“cs,΄’¬“c‚U’–Ϊ,2025/7/20,10,’“Τi—Φjκ,’“Τi—Φjκ,{ω‚Ή‚Έ,‚Θ‚µ
ή“,Τγ‚Λ‚η‚Ά,’¬“c,’¬“c‰w‘O,132098,“‹“s,’¬“cs,΄’¬“c‚U’–Ϊ,2025/10/18,19,’“Τi—Φjκ,’“Τi—Φjκ,{ω‚Ή‚Έ,‚Θ‚µ
ή“,Τγ‚Λ‚η‚Ά,’¬“c,’¬“c‰w‘O,132098,“‹“s,’¬“cs,΄’¬“c‚U’–Ϊ,2025/12/8,13,’“Τi—Φjκ,’“Τi—Φjκ,{ω‚Ή‚Έ,‚Θ‚µ
ή“,Τγ‚Λ‚η‚Ά,’¬“c,’¬“c‰w‘O,132098,“‹“s,’¬“cs,X–μ‚P’–Ϊ,2025/2/2,14,’“Τi—Φjκ,’“Τi—Φjκ,{ω‚Ή‚Έ,‚Θ‚µ
ή“,Τγ‚Λ‚η‚Ά,’¬“c,’¬“c‰w‘O,132098,“‹“s,’¬“cs,X–μ‚P’–Ϊ,2025/7/26,2,‚»‚Μ‘Ό,’“Τi—Φjκ,{ω‚Ή‚Έ,‚Θ‚µ
ή“,Τγ‚Λ‚η‚Ά,’¬“c,’¬“c‰w‘O,132098,“‹“s,’¬“cs,X–μ‚P’–Ϊ,2025/9/16,7,’“Τi—Φjκ,’“Τi—Φjκ,{ω‚Ή‚Έ,‚Θ‚µ
ή“,Τγ‚Λ‚η‚Ά,’¬“c,’¬“c‰w‘O,132098,“‹“s,’¬“cs,X–μ‚Q’–Ϊ,2025/2/3,13,‚»‚Μ‘Ό,’“Τi—Φjκ,{ω‚Ή‚Έ,‚Θ‚µ
ή“,Τγ‚Λ‚η‚Ά,’¬“c,^υ›,132098,“‹“s,’¬“cs,^υ›’¬,2025/3/8,14,’“Τi—Φjκ,’“Τi—Φjκ,{ω‚Ή‚Έ,‚Θ‚µ
ή“,Τγ‚Λ‚η‚Ά,’¬“c,^υ›,132098,“‹“s,’¬“cs,^υ›’¬,2025/4/19,11,‚»‚Μ‘Ό,’“Τi—Φjκ,{ω‚Ή‚Έ,‚ ‚θ
ή“,Τγ‚Λ‚η‚Ά,’¬“c,–μ’Γ“c,132098,“‹“s,’¬“cs,–μ’Γ“c’¬,2025/3/18,17,κΛZ‘ξ,’“Τi—Φjκ,{ω‚Ή‚Έ,‚Θ‚µ
ή“,Τγ‚Λ‚η‚Ά,’¬“c,–μ’Γ“c,132098,“‹“s,’¬“cs,–μ’Γ“c’¬,2025/7/30,19,‚SK‚ΔΘγ‹¤“―Z‘ξ,’“Τi—Φjκ,{ω‚Ή‚Έ,‚ ‚θ
ή“,Τγ‚Λ‚η‚Ά,’¬“c,–μ’Γ“c,132098,“‹“s,’¬“cs,–μ’Γ“c’¬,2025/8/3,22,κΛZ‘ξ,’“Τi—Φjκ,{ω‚Ή‚Έ,‚Θ‚µ
ή“,Τγ‚Λ‚η‚Ά,’¬“c,‹ΰX,132098,“‹“s,’¬“cs,‹ΰX‚U’–Ϊ,2025/11/4,23,’“Τi—Φjκ,’“Τi—Φjκ,{ω‚µ‚½,‚Θ‚µ
ή“,Τγ‚Λ‚η‚Ά,’¬“c,‹ΰX,132098,“‹“s,’¬“cs,‹ΰX‚V’–Ϊ,2025/4/17,10,κΛZ‘ξ,‚»‚Μ‘Ό,{ω‚Ή‚Έ,‚ ‚θ
ή“,Τγ‚Λ‚η‚Ά,’¬“c,‚ƒ–β,132098,“‹“s,’¬“cs,‚ƒ–β‚P’–Ϊ,2025/7/17,13,κΛZ‘ξ,’“Τi—Φjκ,{ω‚Ή‚Έ,‚ ‚θ
ή“,Τγ‚Λ‚η‚Ά,’¬“c,’ίμ,132098,“‹“s,’¬“cs,’ίμ‚U’–Ϊ,2025/6/5,16,‚»‚Μ‘Ό,‚»‚Μ‘Ό,{ω‚Ή‚Έ,‚Θ‚µ
ή“,Τγ‚Λ‚η‚Ά,’¬“c,’ίμ‰w‘O,132098,“‹“s,’¬“cs,”\ƒ–’J‚P’–Ϊ,2025/1/12,10,’“Τi—Φjκ,’“Τi—Φjκ,{ω‚Ή‚Έ,‚Θ‚µ
ή“,Τγ‚Λ‚η‚Ά,’¬“c,’ίμ‰w‘O,132098,“‹“s,’¬“cs,”\ƒ–’J‚P’–Ϊ,2025/1/21,0,’“Τi—Φjκ,’“Τi—Φjκ,{ω‚Ή‚Έ,‚Θ‚µ
ή“,Τγ‚Λ‚η‚Ά,’¬“c,’ίμ‰w‘O,132098,“‹“s,’¬“cs,”\ƒ–’J‚P’–Ϊ,2025/2/1,12,’“Τi—Φjκ,’“Τi—Φjκ,{ω‚Ή‚Έ,‚Θ‚µ
ή“,Τγ‚Λ‚η‚Ά,’¬“c,’ίμ‰w‘O,132098,“‹“s,’¬“cs,”\ƒ–’J‚P’–Ϊ,2025/5/10,21,’“Τi—Φjκ,’“Τi—Φjκ,{ω‚Ή‚Έ,‚Θ‚µ
ή“,Τγ‚Λ‚η‚Ά,’¬“c,’ίμ‰w‘O,132098,“‹“s,’¬“cs,”\ƒ–’J‚Q’–Ϊ,2025/2/27,10,‚»‚Μ‘Ό,’“Τi—Φjκ,{ω‚Ή‚Έ,‚Θ‚µ
ή“,Τγ‚Λ‚η‚Ά,’¬“c,’ίΤ,132098,“‹“s,’¬“cs,¬μ‚U’–Ϊ,2025/10/7,11,‚»‚Μ‘Ό‚ΜZ‘ξi‚RK‚ΔΘ‰Ί‹¤“―Z‘ξ“™j,’“Τi—Φjκ,{ω‚Ή‚Έ,‚Θ‚µ
ή“,Τγ‚Λ‚η‚Ά,’¬“c,’ίΤ,132098,“‹“s,’¬“cs,’ίΤ‚R’–Ϊ,2025/10/22,17,’“Τi—Φjκ,’“Τi—Φjκ,{ω‚Ή‚Έ,‚Θ‚µ
ή“,Τγ‚Λ‚η‚Ά,“ϊ–μ,‘½–€•½,132128,“‹“s,“ϊ–μs,‘½–€•½‚Q’–Ϊ,2025/11/22,8,‚»‚Μ‘Ό,’“Τi—Φjκ,{ω‚Ή‚Έ,‚Θ‚µ
ή“,Τγ‚Λ‚η‚Ά,“ϊ–μ,‘½–€•½,132128,“‹“s,“ϊ–μs,‘½–€•½‚Q’–Ϊ,2025/11/26,12,‚»‚Μ‘Ό,’“Τi—Φjκ,{ω‚Ή‚Έ,‚Θ‚µ
ή“,Τγ‚Λ‚η‚Ά,“ϊ–μ,‘½–€•½,132128,“‹“s,“ϊ–μs,‘½–€•½‚T’–Ϊ,2025/4/24,8,’“Τi—Φjκ,’“Τi—Φjκ,{ω‚Ή‚Έ,‚Θ‚µ
ή“,Τγ‚Λ‚η‚Ά,“ϊ–μ,‘½–€•½,132128,“‹“s,“ϊ–μs,“•½R‚P’–Ϊ,2025/12/12,13,‚SK‚ΔΘγ‹¤“―Z‘ξ,’“Τi—Φjκ,{ω‚Ή‚Έ,‚ ‚θ
ή“,Τγ‚Λ‚η‚Ά,“ϊ–μ,‘εβγ,132128,“‹“s,“ϊ–μs,‘εβγ‚S’–Ϊ,2025/6/5,21,κΛZ‘ξ,’“Τi—Φjκ,{ω‚µ‚½,‚ ‚θ
ή“,Τγ‚Λ‚η‚Ά,“ϊ–μ,‹{,132128,“‹“s,“ϊ–μs,‘εγ“c,2025/6/24,12,‚»‚Μ‘Ό,’“Τi—Φjκ,{ω‚Ή‚Έ,‚Θ‚µ
ή“,Τγ‚Λ‚η‚Ά,“ϊ–μ,‹{,132128,“‹“s,“ϊ–μs,‘εμ•Σ–x”V“ΰ,2025/6/17,23,κΛZ‘ξ,’“Τi—Φjκ,{ω‚µ‚½,‚ ‚θ
ή“,Τγ‚Λ‚η‚Ά,“ϊ–μ,“ϊ–μ‰w‘O,132128,“‹“s,“ϊ–μs,‰h’¬‚P’–Ϊ,2025/1/25,10,’“Τi—Φjκ,’“Τi—Φjκ,{ω‚Ή‚Έ,‚Θ‚µ
ή“,Τγ‚Λ‚η‚Ά,“ϊ–μ,“ϊ–μ‰w‘O,132128,“‹“s,“ϊ–μs,‘εβγ‚Q’–Ϊ,2025/3/21,20,κΛZ‘ξ,’“Τi—Φjκ,{ω‚µ‚½,‚ ‚θ
ή“,Τγ‚Λ‚η‚Ά,“ϊ–μ,“ϊ–μ‰w‘O,132128,“‹“s,“ϊ–μs,“ϊ–μ–{’¬‚Q’–Ϊ,2025/5/11,1,‚»‚Μ‘Ό‚ΜZ‘ξi‚RK‚ΔΘ‰Ί‹¤“―Z‘ξ“™j,’“Τi—Φjκ,{ω‚µ‚½,‚ ‚θ
ή“,Τγ‚Λ‚η‚Ά,“ϊ–μ,“ϊ–μ‰w‘O,132128,“‹“s,“ϊ–μs,“ϊ–μ–{’¬‚T’–Ϊ,2025/10/10,4,‚»‚Μ‘Ό,‚»‚Μ‘Ό,{ω‚Ή‚Έ,‚ ‚θ
ή“,Τγ‚Λ‚η‚Ά,“ϊ–μ,®‚ª‹u,132128,“‹“s,“ϊ–μs,Ό•½R‚T’–Ϊ,2025/1/30,21,κΛZ‘ξ,’“Τi—Φjκ,{ω‚µ‚½,‚ ‚θ
ή“,Τγ‚Λ‚η‚Ά,“ϊ–μ,“υ›,132128,“‹“s,“ϊ–μs,V’¬‚T’–Ϊ,2025/5/30,20,’“Τi—Φjκ,’“Τi—Φjκ,{ω‚µ‚½,‚ ‚θ
ή“,Τγ‚Λ‚η‚Ά,“ϊ–μ,•S‘‰€,132128,“‹“s,“ϊ–μs,—μ,2025/5/13,3,‚»‚Μ‘Ό,’“Τi—Φjκ,{ω‚Ή‚Έ,‚Θ‚µ
ή“,Τγ‚Λ‚η‚Ά,“ϊ–μ,•S‘‰€,132128,“‹“s,“ϊ–μs,•S‘,2025/7/4,16,‚»‚Μ‘Ό‚ΜZ‘ξi‚RK‚ΔΘ‰Ί‹¤“―Z‘ξ“™j,’“Τi—Φjκ,{ω‚µ‚½,‚ ‚θ
ή“,Τγ‚Λ‚η‚Ά,“ϊ–μ,–L“c‰w‘O,132128,“‹“s,“ϊ–μs,®‚ª‹u‚P’–Ϊ,2025/5/17,17,κΛZ‘ξ,’“Τi—Φjκ,{ω‚µ‚½,‚ ‚θ
ή“,Τγ‚Λ‚η‚Ά,“ϊ–μ,‚”¦•s“®‰w“μϋ,132128,“‹“s,“ϊ–μs,‚”¦,2025/9/14,20,‚»‚Μ‘Ό,’“Τi—Φjκ,{ω‚Ή‚Έ,‚Θ‚µ
ή“,Τγ‚Λ‚η‚Ά,“ϊ–μ,‚”¦•s“®‰w“μϋ,132128,“‹“s,“ϊ–μs,O‘ς‚S’–Ϊ,2025/2/23,8,“ΉHγ,‚»‚Μ‘Ό,{ω‚Ή‚Έ,‚ ‚θ
ή“,Τγ‚Λ‚η‚Ά,“ϊ–μ,‚”¦•s“®‰w“μϋ,132128,“‹“s,“ϊ–μs,O‘ς‚T’–Ϊ,2025/10/12,12,‚»‚Μ‘Ό‚ΜZ‘ξi‚RK‚ΔΘ‰Ί‹¤“―Z‘ξ“™j,’“Τi—Φjκ,{ω‚Ή‚Έ,‚Θ‚µ
ή“,Τγ‚Λ‚η‚Ά,Ί“‡,’†_,132071,“‹“s,Ί“‡s,‹{‘ς’¬,2025/12/23,12,‚»‚Μ‘Ό,’“Τi—Φjκ,{ω‚Ή‚Έ,‚Θ‚µ
ή“,Τγ‚Λ‚η‚Ά,Ί“‡,‘½–€‘ε‹΄,132071,“‹“s,Ί“‡s,‹½’n’¬‚Q’–Ϊ,2025/11/19,19,’“Τi—Φjκ,’“Τi—Φjκ,{ω‚µ‚½,‚ ‚θ
ή“,Τγ‚Λ‚η‚Ά,Ί“‡,‘½–€‘ε‹΄,132071,“‹“s,Ί“‡s,’†_’¬‚Q’–Ϊ,2025/9/21,11,‚»‚Μ‘Ό,’“Τi—Φjκ,{ω‚Ή‚Έ,‚Θ‚µ
ή“,Τγ‚Λ‚η‚Ά,Ί“‡,‘½–€‘ε‹΄,132071,“‹“s,Ί“‡s,’†_’¬‚Q’–Ϊ,2025/11/24,19,’“Τi—Φjκ,’“Τi—Φjκ,{ω‚µ‚½,‚Θ‚µ
ή“,Τγ‚Λ‚η‚Ά,Ί“‡,‘ε_,132071,“‹“s,Ί“‡s,“c’†’¬‚R’–Ϊ,2025/1/8,2,‚SK‚ΔΘγ‹¤“―Z‘ξ,‚»‚Μ‘Ό,{ω‚Ή‚Έ,‚Θ‚µ
ή“,Τγ‚Λ‚η‚Ά,Ί“‡,¬‰Χ“c,132071,“‹“s,Ί“‡s,—Ξ’¬‚S’–Ϊ,2025/6/22,22,‚»‚Μ‘Ό‚ΜZ‘ξi‚RK‚ΔΘ‰Ί‹¤“―Z‘ξ“™j,’“Τi—Φjκ,{ω‚µ‚½,‚ ‚θ
ή“,Τγ‚Λ‚η‚Ά,Ί“‡,”q“‡,132071,“‹“s,Ί“‡s,“c’†’¬‚P’–Ϊ,2025/12/19,22,κΛZ‘ξ,’“Τi—Φjκ,{ω‚Ή‚Έ,‚ ‚θ
ή“,Τγ‚Λ‚η‚Ά,Ί“‡,”q“‡,132071,“‹“s,Ί“‡s,”q“‡’¬‚P’–Ϊ,2025/1/29,17,‚»‚Μ‘Ό‚ΜZ‘ξi‚RK‚ΔΘ‰Ί‹¤“―Z‘ξ“™j,’“Τi—Φjκ,{ω‚µ‚½,‚Θ‚µ
ή“,Τγ‚Λ‚η‚Ά,Ί“‡,”q“‡‰w‘O,132071,“‹“s,Ί“‡s,—Ξ’¬‚R’–Ϊ,2025/9/30,14,‚»‚Μ‘Ό,‚»‚Μ‘Ό,{ω‚Ή‚Έ,‚ ‚θ
ή“,Τγ‚Λ‚η‚Ά,Ί“‡,Ί“‡‰w‘O,132071,“‹“s,Ί“‡s,’©“ϊ’¬‚Q’–Ϊ,2025/6/15,13,‚»‚Μ‘Ό,’“Τi—Φjκ,{ω‚Ή‚Έ,‚Θ‚µ
ή“,Τγ‚Λ‚η‚Ά,Ί“‡,Ί“‡‰w‘O,132071,“‹“s,Ί“‡s,Ίa’¬‚P’–Ϊ,2025/6/30,23,‚»‚Μ‘Ό,’“Τi—Φjκ,{ω‚Ή‚Έ,‚Θ‚µ
ή“,Τγ‚Λ‚η‚Ά,Ί“‡,Ί“‡‰w‘O,132071,“‹“s,Ί“‡s,γμ΄’¬‚P’–Ϊ,2025/7/21,23,κΛZ‘ξ,’“Τi—Φjκ,{ω‚µ‚½,‚ ‚θ
ή“,Τγ‚Λ‚η‚Ά,Ί“‡,Ί“‡‰w‘O,132071,“‹“s,Ί“‡s,Ό΄’¬‚P’–Ϊ,2025/6/15,12,“ΉHγ,‚»‚Μ‘Ό,{ω‚Ή‚Έ,‚Θ‚µ
ή“,Τγ‚Λ‚η‚Ά,Ί“‡,“’†_‰w‘O,132071,“‹“s,Ί“‡s,’†_’¬,2025/6/27,22,κΛZ‘ξ,’“Τi—Φjκ,{ω‚µ‚½,‚Θ‚µ
ή“,Τγ‚Λ‚η‚Ά,Ί“‡,“’†_‰w‘O,132071,“‹“s,Ί“‡s,’†_’¬,2025/11/17,9,’“Τi—Φjκ,’“Τi—Φjκ,{ω‚µ‚½,‚Θ‚µ
ή“,Τγ‚Λ‚η‚Ά,Ί“‡,“’†_‰w‘O,132071,“‹“s,Ί“‡s,•‘ –μ‚Q’–Ϊ,2025/10/30,21,’“Τi—Φjκ,’“Τi—Φjκ,{ω‚µ‚½,‚ ‚θ
ή“,Τγ‚Λ‚η‚Ά,Ί“‡,‹Κμ,132071,“‹“s,Ί“‡s,’©“ϊ’¬‚R’–Ϊ,2025/7/29,18,‚»‚Μ‘Ό‚ΜZ‘ξi‚RK‚ΔΘ‰Ί‹¤“―Z‘ξ“™j,’“Τi—Φjκ,{ω‚µ‚½,‚ ‚θ
ή“,Τγ‚Λ‚η‚Ά,Ί“‡,‹Κμ,132071,“‹“s,Ί“‡s,‹Κμ’¬‚T’–Ϊ,2025/11/16,17,’“Τi—Φjκ,’“Τi—Φjκ,{ω‚µ‚½,‚Θ‚µ
ή“,Τγ‚Λ‚η‚Ά,Ί“‡,•“‡,132071,“‹“s,Ί“‡s,‹½’n’¬‚Q’–Ϊ,2025/11/19,17,’“Τi—Φjκ,’“Τi—Φjκ,{ω‚µ‚½,‚Θ‚µ
ή“,Τγ‚Λ‚η‚Ά,Ί“‡,•“‡,132071,“‹“s,Ί“‡s,‹Κμ’¬‚R’–Ϊ,2025/11/24,21,’“Τi—Φjκ,’“Τi—Φjκ,{ω‚µ‚½,‚ ‚θ
ή“,Τγ‚Λ‚η‚Ά,Ί“‡,•“‡,132071,“‹“s,Ί“‡s,‹Κμ’¬‚T’–Ϊ,2025/8/15,22,κΛZ‘ξ,’“Τi—Φjκ,{ω‚µ‚½,‚Θ‚µ
ή“,Τγ‚Λ‚η‚Ά,—§μ,‘—§‰w‘O,132152,“‹“s,‘—§s,–k‚Q’–Ϊ,2025/11/26,18,‚SK‚ΔΘγ‹¤“―Z‘ξ,’“Τi—Φjκ,{ω‚µ‚½,‚ ‚θ
ή“,Τγ‚Λ‚η‚Ά,—§μ,‘—§‰w‘O,132152,“‹“s,‘—§s,’†‚P’–Ϊ,2025/3/29,8,’“Τi—Φjκ,’“Τi—Φjκ,{ω‚µ‚½,‚ ‚θ
ή“,Τγ‚Λ‚η‚Ά,—§μ,‘—§‰w‘O,132152,“‹“s,‘—§s,’†‚P’–Ϊ,2025/6/16,15,“ΉHγ,‚»‚Μ‘Ό,{ω‚Ή‚Έ,‚ ‚θ
ή“,Τγ‚Λ‚η‚Ά,—§μ,“V‰¤‹΄,132021,“‹“s,—§μs,γ»’¬‚Q’–Ϊ,2025/10/13,21,’“Τi—Φjκ,’“Τi—Φjκ,{ω‚µ‚½,‚ ‚θ
ή“,Τγ‚Λ‚η‚Ά,—§μ,“V‰¤‹΄,132021,“‹“s,—§μs,γ»’¬‚Q’–Ϊ,2025/10/13,22,’“Τi—Φjκ,’“Τi—Φjκ,{ω‚µ‚½,‚ ‚θ
ή“,Τγ‚Λ‚η‚Ά,—§μ,“V‰¤‹΄,132021,“‹“s,—§μs,κ”Τ’¬‚Q’–Ϊ,2025/11/4,20,’“Τi—Φjκ,’“Τi—Φjκ,{ω‚µ‚½,‚Θ‚µ
ή“,Τγ‚Λ‚η‚Ά,—§μ,“V‰¤‹΄,132021,“‹“s,—§μs,κ”Τ’¬‚S’–Ϊ,2025/8/16,22,’“Τi—Φjκ,’“Τi—Φjκ,{ω‚µ‚½,‚Θ‚µ
ή“,Τγ‚Λ‚η‚Ά,—§μ,•xm©‘δ,132152,“‹“s,‘—§s,•xm©‘δ‚Q’–Ϊ,2025/7/21,17,‚»‚Μ‘Ό,‚»‚Μ‘Ό,{ω‚Ή‚Έ,‚ ‚θ
ή“,Τγ‚Λ‚η‚Ά,—§μ,•xm©’¬,132021,“‹“s,—§μs,•xm©’¬‚U’–Ϊ,2025/11/25,4,“ΉHγ,‚»‚Μ‘Ό,{ω‚µ‚½,‚Θ‚µ
ή“,Τγ‚Λ‚η‚Ά,—§μ,•xm©’¬,132021,“‹“s,—§μs,•xm©’¬‚V’–Ϊ,2025/11/19,8,κΛZ‘ξ,‚»‚Μ‘Ό,{ω‚µ‚½,‚ ‚θ
ή“,Τγ‚Λ‚η‚Ά,—§μ,»μ”ª”Τ,132021,“‹“s,—§μs,K’¬‚P’–Ϊ,2025/4/17,17,‚»‚Μ‘Ό,’“Τi—Φjκ,{ω‚Ή‚Έ,‚Θ‚µ
ή“,Τγ‚Λ‚η‚Ά,—§μ,»μ”ª”Τ,132021,“‹“s,—§μs,K’¬‚R’–Ϊ,2025/2/11,19,κΛZ‘ξ,’“Τi—Φjκ,{ω‚µ‚½,‚ ‚θ
ή“,Τγ‚Λ‚η‚Ά,—§μ,»μ”ª”Τ,132021,“‹“s,—§μs,K’¬‚S’–Ϊ,2025/11/1,12,‚SK‚ΔΘγ‹¤“―Z‘ξ,’“Τi—Φjκ,{ω‚µ‚½,‚ ‚θ
ή“,Τγ‚Λ‚η‚Ά,—§μ,»μ”ª”Τ,132021,“‹“s,—§μs,»μ’¬‚S’–Ϊ,2025/3/23,14,“ΉHγ,‚»‚Μ‘Ό,{ω‚µ‚½,‚Θ‚µ
ή“,Τγ‚Λ‚η‚Ά,—§μ,»μl”Τ,132021,“‹“s,—§μs,”’¬‚P’–Ϊ,2025/10/31,0,‚SK‚ΔΘγ‹¤“―Z‘ξ,’“Τi—Φjκ,{ω‚µ‚½,‚Θ‚µ
ή“,Τγ‚Λ‚η‚Ά,—§μ,»μl”Τ,132021,“‹“s,—§μs,”’¬‚P’–Ϊ,2025/11/12,13,“ΉHγ,‚»‚Μ‘Ό,{ω‚Ή‚Έ,‚ ‚θ
ή“,Τγ‚Λ‚η‚Ά,—§μ,»μl”Τ,132021,“‹“s,—§μs,”’¬‚R’–Ϊ,2025/10/5,17,’“Τi—Φjκ,’“Τi—Φjκ,{ω‚µ‚½,‚Θ‚µ
ή“,Τγ‚Λ‚η‚Ά,—§μ,»μl”Τ,132021,“‹“s,—§μs,”’¬‚S’–Ϊ,2025/2/3,19,‚»‚Μ‘Ό,’“Τi—Φjκ,{ω‚Ή‚Έ,‚Θ‚µ
ή“,Τγ‚Λ‚η‚Ά,—§μ,»μl”Τ,132021,“‹“s,—§μs,”’¬‚S’–Ϊ,2025/2/4,10,“ΉHγ,‚»‚Μ‘Ό,{ω‚Ή‚Έ,‚ ‚θ
ή“,Τγ‚Λ‚η‚Ά,—§μ,»μl”Τ,132021,“‹“s,—§μs,”’¬‚S’–Ϊ,2025/11/1,22,’“Τi—Φjκ,’“Τi—Φjκ,{ω‚µ‚½,‚ ‚θ
ή“,Τγ‚Λ‚η‚Ά,—§μ,»μl”Τ,132021,“‹“s,—§μs,»μ’¬‚Q’–Ϊ,2025/5/8,19,κΛZ‘ξ,’“Τi—Φjκ,{ω‚µ‚½,‚ ‚θ
ή“,Τγ‚Λ‚η‚Ά,—§μ,»μl”Τ,132021,“‹“s,—§μs,»μ’¬‚U’–Ϊ,2025/4/17,22,‚SK‚ΔΘγ‹¤“―Z‘ξ,’“Τi—Φjκ,{ω‚µ‚½,‚ ‚θ
ή“,Τγ‚Λ‚η‚Ά,—§μ,»μl”Τ,132021,“‹“s,—§μs,»μ’¬‚U’–Ϊ,2025/10/27,19,’“Τi—Φjκ,’“Τi—Φjκ,{ω‚µ‚½,‚ ‚θ
ή“,Τγ‚Λ‚η‚Ά,—§μ,»μl”Τ,132021,“‹“s,—§μs,»μ’¬‚V’–Ϊ,2025/11/8,13,’“Τi—Φjκ,’“Τi—Φjκ,{ω‚µ‚½,‚Θ‚µ
ή“,Τγ‚Λ‚η‚Ά,—§μ,»μl”Τ,132021,“‹“s,—§μs,»μ’¬‚W’–Ϊ,2025/11/5,20,κΛZ‘ξ,’“Τi—Φjκ,{ω‚µ‚½,‚Θ‚µ
ή“,Τγ‚Λ‚η‚Ά,—§μ,»μl”Τ,132021,“‹“s,—§μs,»μ’¬‚W’–Ϊ,2025/12/10,19,‚»‚Μ‘Ό‚ΜZ‘ξi‚RK‚ΔΘ‰Ί‹¤“―Z‘ξ“™j,’“Τi—Φjκ,{ω‚µ‚½,‚ ‚θ
ή“,Τγ‚Λ‚η‚Ά,—§μ,—§μ‰w–kϋ,132021,“‹“s,—§μs,’¬‚Q’–Ϊ,2025/1/23,18,’“Τi—Φjκ,’“Τi—Φjκ,{ω‚Ή‚Έ,‚ ‚θ
ή“,Τγ‚Λ‚η‚Ά,—§μ,—§μ‰w–kϋ,132021,“‹“s,—§μs,‚Ό’¬‚R’–Ϊ,2025/7/3,16,“ΉHγ,‚»‚Μ‘Ό,{ω‚Ή‚Έ,‚ ‚θ
ή“,Τγ‚Λ‚η‚Ά,—§μ,—§μ‰w“μϋ,132021,“‹“s,—§μs,‹Ρ’¬‚P’–Ϊ,2025/8/10,1,“ΉHγ,‚»‚Μ‘Ό,{ω‚Ή‚Έ,‚Θ‚µ
ή“,Τγ‚Λ‚η‚Ά,—§μ,‰Hί’¬,132152,“‹“s,‘—§s,Ό‚P’–Ϊ,2025/7/6,16,κΛZ‘ξ,’“Τi—Φjκ,{ω‚Ή‚Έ,‚Θ‚µ
ή“,Τγ‚Λ‚η‚Ά,—§μ,α—t’¬,132021,“‹“s,—§μs,α—t’¬‚P’–Ϊ,2025/10/25,22,’“Τi—Φjκ,’“Τi—Φjκ,{ω‚µ‚½,‚ ‚θ
ή“,Τγ‚Λ‚η‚Ά,—§μ,α—t’¬,132021,“‹“s,—§μs,α—t’¬‚R’–Ϊ,2025/10/18,22,’“Τi—Φjκ,’“Τi—Φjκ,{ω‚µ‚½,‚Θ‚µ
ή“,Τγ‚Λ‚η‚Ά,—§μ,α—t’¬,132021,“‹“s,—§μs,α—t’¬‚S’–Ϊ,2025/12/7,15,’“Τi—Φjκ,’“Τi—Φjκ,{ω‚µ‚½,‚Θ‚µ
ή“,Τγ‚Λ‚η‚Ά,—§μ,’J•Ϋ,132152,“‹“s,‘—§s,Ξ“c,2025/1/27,11,‚»‚Μ‘Ό,‚»‚Μ‘Ό,{ω‚Ή‚Έ,‚Θ‚µ
ή“,Τγ‚Λ‚η‚Ά,—§μ,’J•Ϋ,132152,“‹“s,‘—§s,’J•Ϋ,2025/10/6,12,κΛZ‘ξ,’“Τi—Φjκ,{ω‚Ή‚Έ,‚Θ‚µ
ή“,Τγ‚Λ‚η‚Ά,—§μ,’J•Ϋ,132152,“‹“s,‘—§s,’J•Ϋ‚U’–Ϊ,2025/8/20,23,‚»‚Μ‘Ό,’“Τi—Φjκ,{ω‚Ή‚Έ,‚ ‚θ
ή“,Τγ‚Λ‚η‚Ά,—§μ,‚Ό’¬,132021,“‹“s,—§μs,‰h’¬‚Q’–Ϊ,2025/4/13,16,κΛZ‘ξ,’“Τi—Φjκ,{ω‚µ‚½,‚ ‚θ
ή“,Τγ‚Λ‚η‚Ά,—§μ,‚Ό’¬,132021,“‹“s,—§μs,‰h’¬‚T’–Ϊ,2025/6/4,20,κΛZ‘ξ,’“Τi—Φjκ,{ω‚µ‚½,‚ ‚θ
ή“,Τγ‚Λ‚η‚Ά,—§μ,‚Ό’¬,132021,“‹“s,—§μs,‰h’¬‚T’–Ϊ,2025/7/9,20,κΛZ‘ξ,’“Τi—Φjκ,{ω‚µ‚½,‚ ‚θ
ή“,Τγ‚Λ‚η‚Ά,—§μ,‚Ό’¬,132021,“‹“s,—§μs,‰h’¬‚T’–Ϊ,2025/11/16,10,‚»‚Μ‘Ό,’“Τi—Φjκ,{ω‚µ‚½,‚ ‚θ
ή“,Τγ‚Λ‚η‚Ά,•{’†,’†‰Ν΄,132063,“‹“s,•{’†s,Z‹g’¬‚R’–Ϊ,2025/2/26,19,κΛZ‘ξ,’“Τi—Φjκ,{ω‚µ‚½,‚ ‚θ
ή“,Τγ‚Λ‚η‚Ά,•{’†,•ª”~,132063,“‹“s,•{’†s,•ª”~’¬‚Q’–Ϊ,2025/1/8,23,κΛZ‘ξ,‚»‚Μ‘Ό,{ω‚µ‚½,‚ ‚θ
ή“,Τγ‚Λ‚η‚Ά,•{’†,•ª”~,132063,“‹“s,•{’†s,•Π’¬‚Q’–Ϊ,2025/9/21,11,’“Τi—Φjκ,’“Τi—Φjκ,{ω‚Ή‚Έ,‚Θ‚µ
ή“,Τγ‚Λ‚η‚Ά,•{’†,l’J,132063,“‹“s,•{’†s,l’J‚Q’–Ϊ,2025/2/3,23,‚»‚Μ‘Ό‚ΜZ‘ξi‚RK‚ΔΘ‰Ί‹¤“―Z‘ξ“™j,’“Τi—Φjκ,{ω‚µ‚½,‚ ‚θ
ή“,Τγ‚Λ‚η‚Ά,•{’†,l’J,132063,“‹“s,•{’†s,l’J‚T’–Ϊ,2025/7/15,10,‚»‚Μ‘Ό,’“Τi—Φjκ,{ω‚Ή‚Έ,‚Θ‚µ
ή“,Τγ‚Λ‚η‚Ά,•{’†,‘ε‘°,132063,“‹“s,•{’†s,•{’†’¬‚Q’–Ϊ,2025/5/4,14,‚»‚Μ‘Ό,‚»‚Μ‘Ό,{ω‚Ή‚Έ,‚ ‚θ
ή“,Τγ‚Λ‚η‚Ά,•{’†,‘ε‘°,132063,“‹“s,•{’†s,–{’¬‚P’–Ϊ,2025/10/27,13,‚»‚Μ‘Ό,’“Τi—Φjκ,{ω‚µ‚½,‚Θ‚µ
ή“,Τγ‚Λ‚η‚Ά,•{’†,‘ε‘°,132063,“‹“s,•{’†s,—Ξ’¬‚Q’–Ϊ,2025/5/3,12,‚»‚Μ‘Ό,’“Τi—Φjκ,{ω‚Ή‚Έ,‚Θ‚µ
ή“,Τγ‚Λ‚η‚Ά,•{’†,‘ε‘°,132063,“‹“s,•{’†s,‹{Ό’¬‚P’–Ϊ,2025/8/27,10,‚»‚Μ‘Ό,’“Τi—Φjκ,{ω‚Ή‚Έ,‚ ‚θ
ή“,Τγ‚Λ‚η‚Ά,•{’†,‘ε‘°,132063,“‹“s,•{’†s,‹{Ό’¬‚P’–Ϊ,2025/9/18,13,’“Τi—Φjκ,’“Τi—Φjκ,{ω‚Ή‚Έ,‚Θ‚µ
ή“,Τγ‚Λ‚η‚Ά,•{’†,¥­,132063,“‹“s,•{’†s,¥­‚P’–Ϊ,2025/8/16,12,‚»‚Μ‘Ό‚ΜZ‘ξi‚RK‚ΔΘ‰Ί‹¤“―Z‘ξ“™j,’“Τi—Φjκ,{ω‚Ή‚Έ,‚Θ‚µ
ή“,Τγ‚Λ‚η‚Ά,•{’†,¥­,132063,“‹“s,•{’†s,¥­‚T’–Ϊ,2025/11/19,21,“ΉHγ,‚»‚Μ‘Ό,{ω‚Ή‚Έ,‚ ‚θ
ή“,Τγ‚Λ‚η‚Ά,•{’†,–{h,132063,“‹“s,•{’†s,Ό•{’¬‚P’–Ϊ,2025/9/21,9,’“Τi—Φjκ,’“Τi—Φjκ,{ω‚Ή‚Έ,‚Θ‚µ
ή“,Τγ‚Λ‚η‚Ά,•{’†,–{h,132063,“‹“s,•{’†s,–{h’¬‚P’–Ϊ,2025/9/21,4,’“Τi—Φjκ,’“Τi—Φjκ,{ω‚Ή‚Έ,‚Θ‚µ
ή“,Τγ‚Λ‚η‚Ά,•{’†,“•{’†‰w‘O,132063,“‹“s,•{’†s,”’…‘δ‚T’–Ϊ,2025/1/31,9,’“Τi—Φjκ,’“Τi—Φjκ,{ω‚Ή‚Έ,‚Θ‚µ
ή“,Τγ‚Λ‚η‚Ά,•{’†,“•{’†‰w‘O,132063,“‹“s,•{’†s,αΌ’¬‚Q’–Ϊ,2025/2/17,11,“ΉHγ,‚»‚Μ‘Ό,{ω‚Ή‚Έ,‚Θ‚µ
ή“,Τγ‚Λ‚η‚Ά,•{’†,‰h’¬,132063,“‹“s,•{’†s,°©’¬‚Q’–Ϊ,2025/12/5,19,’“Τi—Φjκ,’“Τi—Φjκ,{ω‚Ή‚Έ,‚Θ‚µ
ή“,Τγ‚Λ‚η‚Ά,•{’†,•‘ ‘δ,132063,“‹“s,•{’†s,–kR’¬‚S’–Ϊ,2025/5/3,13,‚»‚Μ‘Ό‚ΜZ‘ξi‚RK‚ΔΘ‰Ί‹¤“―Z‘ξ“™j,’“Τi—Φjκ,{ω‚Ή‚Έ,‚ ‚θ
ή“,Τγ‚Λ‚η‚Ά,•{’†,•‘ ‘δ,132063,“‹“s,•{’†s,•‘ ‘δ‚P’–Ϊ,2025/7/21,12,κΛZ‘ξ,’“Τi—Φjκ,{ω‚Ή‚Έ,‚ ‚θ
ή“,Τγ‚Λ‚η‚Ά,•{’†,”όD’¬,132063,“‹“s,•{’†s,–{’¬‚Q’–Ϊ,2025/4/27,7,’“Τi—Φjκ,’“Τi—Φjκ,{ω‚Ή‚Έ,‚Θ‚µ
ή“,Τγ‚Λ‚η‚Ά,•{’†,”όD’¬,132063,“‹“s,•{’†s,”όD’¬‚Q’–Ϊ,2025/4/1,12,‚SK‚ΔΘγ‹¤“―Z‘ξ,’“Τi—Φjκ,{ω‚µ‚½,‚Θ‚µ
ή“,Τγ‚Λ‚η‚Ά,¬‹ΰδ,‹¤‰v,132144,“‹“s,‘•ª›s,–k’¬‚S’–Ϊ,2025/9/7,6,“ΉHγ,‚»‚Μ‘Ό,{ω‚Ή‚Έ,‚ ‚θ
ή“,Τγ‚Λ‚η‚Ά,¬‹ΰδ,‹¤‰v,132144,“‹“s,‘•ª›s,–k’¬‚S’–Ϊ,2025/12/8,20,’“Τi—Φjκ,’“Τi—Φjκ,{ω‚µ‚½,‚ ‚θ
ή“,Τγ‚Λ‚η‚Ά,¬‹ΰδ,‘•ª›‰w–kϋ,132144,“‹“s,‘•ª›s,“—φƒ–E‚Q’–Ϊ,2025/11/19,17,‚»‚Μ‘Ό‚ΜZ‘ξi‚RK‚ΔΘ‰Ί‹¤“―Z‘ξ“™j,’“Τi—Φjκ,{ω‚Ή‚Έ,‚Θ‚µ
ή“,Τγ‚Λ‚η‚Ά,¬‹ΰδ,‘•ª›‰w“μϋ,132144,“‹“s,‘•ª›s,“μ’¬‚R’–Ϊ,2025/6/21,15,‚SK‚ΔΘγ‹¤“―Z‘ξ,’“Τi—Φjκ,{ω‚Ή‚Έ,‚Θ‚µ
ή“,Τγ‚Λ‚η‚Ά,¬‹ΰδ,¬‹ΰδφ‰€‘O,132101,“‹“s,¬‹ΰδs,Φ–μ’¬‚P’–Ϊ,2025/5/4,18,‚»‚Μ‘Ό‚ΜZ‘ξi‚RK‚ΔΘ‰Ί‹¤“―Z‘ξ“™j,’“Τi—Φjκ,{ω‚Ή‚Έ,‚ ‚θ
ή“,Τγ‚Λ‚η‚Ά,¬‹ΰδ,¬‹ΰδφ‰€‘O,132101,“‹“s,¬‹ΰδs,Φ–μ’¬‚P’–Ϊ,2025/6/5,21,‚»‚Μ‘Ό,’“Τi—Φjκ,{ω‚Ή‚Έ,‚ ‚θ
ή“,Τγ‚Λ‚η‚Ά,¬‹ΰδ,V¬‹ΰδ,132101,“‹“s,¬‹ΰδs,“’¬‚R’–Ϊ,2025/8/25,22,’“Τi—Φjκ,’“Τi—Φjκ,{ω‚Ή‚Έ,‚ ‚θ
ή“,Τγ‚Λ‚η‚Ά,¬‹ΰδ,“¬‹ΰδ‰w‘O,132101,“‹“s,¬‹ΰδs,–μ’¬‚T’–Ϊ,2025/3/7,13,’“Τi—Φjκ,’“Τi—Φjκ,{ω‚Ή‚Έ,‚Θ‚µ
ή“,Τγ‚Λ‚η‚Ά,¬‹ΰδ,“¬‹ΰδ‰w‘O,132101,“‹“s,¬‹ΰδs,“’¬‚R’–Ϊ,2025/8/20,21,κΛZ‘ξ,’“Τi—Φjκ,{ω‚Ή‚Έ,‚ ‚θ
ή“,Τγ‚Λ‚η‚Ά,¬‹ΰδ,“¬‹ΰδ‰w‘O,132101,“‹“s,¬‹ΰδs,“’¬‚S’–Ϊ,2025/6/24,4,‚»‚Μ‘Ό,‚»‚Μ‘Ό,{ω‚Ή‚Έ,‚Θ‚µ
ή“,Τγ‚Λ‚η‚Ά,¬‹ΰδ,“¬‹ΰδ‰w‘O,132101,“‹“s,¬‹ΰδs,—Ξ’¬‚P’–Ϊ,2025/1/21,16,‚»‚Μ‘Ό‚ΜZ‘ξi‚RK‚ΔΘ‰Ί‹¤“―Z‘ξ“™j,’“Τi—Φjκ,{ω‚Ή‚Έ,‚ ‚θ
ή“,Τγ‚Λ‚η‚Ά,¬‹ΰδ,•‘ ¬‹ΰδ‰w‘O,132101,“‹“s,¬‹ΰδs,’†’¬‚S’–Ϊ,2025/1/8,9,κΛZ‘ξ,‚»‚Μ‘Ό,{ω‚Ή‚Έ,‚Θ‚µ
ή“,Τγ‚Λ‚η‚Ά,¬‹ΰδ,•‘ ¬‹ΰδ‰w‘O,132101,“‹“s,¬‹ΰδs,–{’¬‚T’–Ϊ,2025/1/6,10,’“Τi—Φjκ,’“Τi—Φjκ,{ω‚Ή‚Έ,‚Θ‚µ
ή“,Τγ‚Λ‚η‚Ά,¬‹ΰδ,•‘ ¬‹ΰδ‰w‘O,132101,“‹“s,¬‹ΰδs,–{’¬‚T’–Ϊ,2025/6/25,8,“ΉHγ,‚»‚Μ‘Ό,{ω‚Ή‚Έ,‚ ‚θ
ή“,Τγ‚Λ‚η‚Ά,¬‹ΰδ,Ό‘•ª›‰w‘O,132144,“‹“s,‘•ª›s,ς’¬‚Q’–Ϊ,2025/12/16,1,‚»‚Μ‘Ό,’“Τi—Φjκ,{ω‚Ή‚Έ,‚ ‚θ
ή“,Τγ‚Λ‚η‚Ά,¬‹ΰδ,Ό‘•ª›‰w‘O,132144,“‹“s,‘•ª›s,“ϊ‹g’¬‚P’–Ϊ,2025/4/15,16,κΛZ‘ξ,‚»‚Μ‘Ό,{ω‚Ή‚Έ,‚Θ‚µ
ή“,Τγ‚Λ‚η‚Ά,¬‹ΰδ,Ό‘•ª›‰w‘O,132144,“‹“s,‘•ª›s,“ϊ‹g’¬‚S’–Ϊ,2025/11/24,17,’“Τi—Φjκ,’“Τi—Φjκ,{ω‚µ‚½,‚ ‚θ
ή“,Τγ‚Λ‚η‚Ά,¬‹ΰδ,Ό’¬,132144,“‹“s,‘•ª›s,Ό’¬‚T’–Ϊ,2025/6/11,19,‚»‚Μ‘Ό‚ΜZ‘ξi‚RK‚ΔΘ‰Ί‹¤“―Z‘ξ“™j,’“Τi—Φjκ,{ω‚µ‚½,‚ ‚θ
ή“,Τγ‚Λ‚η‚Ά,¬‹ΰδ,Ρδ–k’¬,132101,“‹“s,¬‹ΰδs,Ρδ–k’¬‚R’–Ϊ,2025/3/26,22,κΛZ‘ξ,’“Τi—Φjκ,{ω‚µ‚½,‚ ‚θ
ή“,Τγ‚Λ‚η‚Ά,¬‹ΰδ,Ρδ–k’¬,132101,“‹“s,¬‹ΰδs,Ρδ–k’¬‚R’–Ϊ,2025/8/12,20,κΛZ‘ξ,’“Τi—Φjκ,{ω‚Ή‚Έ,‚ ‚θ
ή“,Τγ‚Λ‚η‚Ά,“c–³,‚Π‚Ξ‚θ‚ª‹u’c’n,132225,“‹“s,“‹v—―•Δs,“μ‘ς‚T’–Ϊ,2025/1/26,22,‚»‚Μ‘Ό,’“Τi—Φjκ,{ω‚Ή‚Έ,‚Θ‚µ
ή“,Τγ‚Λ‚η‚Ά,“c–³,‚Π‚Ξ‚θ‚ª‹u‰w‘O,132292,“‹“s,Ό“‹s,‚Π‚Ξ‚θ‚ª‹u–k‚Q’–Ϊ,2025/3/27,10,‚»‚Μ‘Ό,‚»‚Μ‘Ό,{ω‚Ή‚Έ,‚ ‚θ
ή“,Τγ‚Λ‚η‚Ά,“c–³,‚Π‚Ξ‚θ‚ª‹u‰w‘O,132292,“‹“s,Ό“‹s,’JΛ’¬‚P’–Ϊ,2025/8/1,21,‚»‚Μ‘Ό,‚»‚Μ‘Ό,{ω‚Ή‚Έ,‚ ‚θ
ή“,Τγ‚Λ‚η‚Ά,“c–³,γ‚Μ΄,132225,“‹“s,“‹v—―•Δs,γ‚Μ΄‚P’–Ϊ,2025/4/1,16,‚SK‚ΔΘγ‹¤“―Z‘ξ,’“Τi—Φjκ,{ω‚Ή‚Έ,‚Θ‚µ
ή“,Τγ‚Λ‚η‚Ά,“c–³,γ‚Μ΄,132225,“‹“s,“‹v—―•Δs,γ‚Μ΄‚Q’–Ϊ,2025/7/8,17,‚»‚Μ‘Ό,’“Τi—Φjκ,{ω‚Ή‚Έ,‚Θ‚µ
ή“,Τγ‚Λ‚η‚Ά,“c–³,‰Ί•Ϋ’J,132292,“‹“s,Ό“‹s,–k’¬‚U’–Ϊ,2025/3/6,16,“ΉHγ,‚»‚Μ‘Ό,{ω‚Ή‚Έ,‚Θ‚µ
ή“,Τγ‚Λ‚η‚Ά,“c–³,•Ϋ’J‰w‘O,132292,“‹“s,Ό“‹s,‰Ί•Ϋ’J‚S’–Ϊ,2025/5/24,17,’“Τi—Φjκ,’“Τi—Φjκ,{ω‚Ή‚Έ,‚Θ‚µ
ή“,Τγ‚Λ‚η‚Ά,“c–³,•Ϋ’J‰w‘O,132292,“‹“s,Ό“‹s,“’¬‚R’–Ϊ,2025/8/20,18,‚SK‚ΔΘγ‹¤“―Z‘ξ,’“Τi—Φjκ,{ω‚Ή‚Έ,‚Θ‚µ
ή“,Τγ‚Λ‚η‚Ά,“c–³,‘O‘ς,132225,“‹“s,“‹v—―•Δs,’†‰›’¬‚S’–Ϊ,2025/9/25,18,κΛZ‘ξ,‚»‚Μ‘Ό,{ω‚Ή‚Έ,‚Θ‚µ
ή“,Τγ‚Λ‚η‚Ά,“c–³,–k΄’¬,132292,“‹“s,Ό“‹s,“c–³’¬‚R’–Ϊ,2025/1/24,17,“ΉHγ,‚»‚Μ‘Ό,{ω‚Ή‚Έ,‚Θ‚µ
ή“,Τγ‚Λ‚η‚Ά,“c–³,“μ‘ς,132225,“‹“s,“‹v—―•Δs,’†‰›’¬‚P’–Ϊ,2025/3/2,21,‚»‚Μ‘Ό‚ΜZ‘ξi‚RK‚ΔΘ‰Ί‹¤“―Z‘ξ“™j,’“Τi—Φjκ,{ω‚Ή‚Έ,‚ ‚θ
ή“,Τγ‚Λ‚η‚Ά,“c–³,β‰Ί,132292,“‹“s,Ό“‹s,“•©‚T’–Ϊ,2025/4/29,13,‚»‚Μ‘Ό,’“Τi—Φjκ,{ω‚Ή‚Έ,‚ ‚θ
ή“,Τγ‚Λ‚η‚Ά,“c–³,“‹v—―•Δ‰w‘O,132225,“‹“s,“‹v—―•Δs,–{’¬‚P’–Ϊ,2025/11/14,17,“ΉHγ,‚»‚Μ‘Ό,{ω‚Ή‚Έ,‚ ‚θ
ή“,Τγ‚Λ‚η‚Ά,“c–³,‘κR,132225,“‹“s,“‹v—―•Δs,‘κR‚S’–Ϊ,2025/12/12,20,‚»‚Μ‘Ό,’“Τi—Φjκ,{ω‚Ή‚Έ,‚Θ‚µ
ή“,Τγ‚Λ‚η‚Ά,“c–³,‘κR,132225,“‹“s,“‹v—―•Δs,‘κR‚V’–Ϊ,2025/6/3,9,“ΉHγ,‚»‚Μ‘Ό,{ω‚Ή‚Έ,‚ ‚θ
ή“,Τγ‚Λ‚η‚Ά,“c–³,‘κR,132225,“‹“s,“‹v—―•Δs,–φE‚Q’–Ϊ,2025/7/10,18,‚SK‚ΔΘγ‹¤“―Z‘ξ,’“Τi—Φjκ,{ω‚Ή‚Έ,‚Θ‚µ
ή“,Τγ‚Λ‚η‚Ά,“c–³,‘κR,132225,“‹“s,“‹v—―•Δs,–φE‚S’–Ϊ,2025/12/22,18,‚»‚Μ‘Ό,’“Τi—Φjκ,{ω‚Ή‚Έ,‚ ‚θ
ή“,Τγ‚Λ‚η‚Ά,“c–³,“c–³‰w‘O,132292,“‹“s,Ό“‹s,Ε‹v•Ϋ’¬‚S’–Ϊ,2025/7/28,18,κΛZ‘ξ,’“Τi—Φjκ,{ω‚Ή‚Έ,‚ ‚θ
ή“,Τγ‚Λ‚η‚Ά,“c–³,“c–³‰w‘O,132292,“‹“s,Ό“‹s,Ε‹v•Ϋ’¬‚S’–Ϊ,2025/9/2,20,κΛZ‘ξ,’“Τi—Φjκ,{ω‚Ή‚Έ,‚ ‚θ
ή“,Τγ‚Λ‚η‚Ά,“c–³,“c–³‰w‘O,132292,“‹“s,Ό“‹s,Ε‹v•Ϋ’¬‚T’–Ϊ,2025/7/5,21,“ΉHγ,‚»‚Μ‘Ό,{ω‚Ή‚Έ,‚ ‚θ
ή“,Τγ‚Λ‚η‚Ά,“c–³,“c–³‰w‘O,132292,“‹“s,Ό“‹s,Ε‹v•Ϋ’¬‚T’–Ϊ,2025/8/19,2,κΛZ‘ξ,’“Τi—Φjκ,{ω‚µ‚½,‚Θ‚µ
ή“,Τγ‚Λ‚η‚Ά,“c–³,“c–³‰w‘O,132292,“‹“s,Ό“‹s,Ε‹v•Ϋ’¬‚T’–Ϊ,2025/8/30,2,κΛZ‘ξ,’“Τi—Φjκ,{ω‚Ή‚Έ,‚Θ‚µ
ή“,Τγ‚Λ‚η‚Ά,“c–³,“c–³‰w‘O,132292,“‹“s,Ό“‹s,“c–³’¬‚Q’–Ϊ,2025/8/1,11,‚»‚Μ‘Ό,‚»‚Μ‘Ό,{ω‚Ή‚Έ,‚Θ‚µ
ή“,Τγ‚Λ‚η‚Ά,“c–³,“c–³‰w‘O,132292,“‹“s,Ό“‹s,“c–³’¬‚S’–Ϊ,2025/3/25,14,’“Τi—Φjκ,’“Τi—Φjκ,{ω‚Ή‚Έ,‚ ‚θ
ή“,Τγ‚Λ‚η‚Ά,“c–³,“c–³‰w‘O,132292,“‹“s,Ό“‹s,“c–³’¬‚S’–Ϊ,2025/7/11,6,’“Τi—Φjκ,’“Τi—Φjκ,{ω‚Ή‚Έ,‚Θ‚µ
ή“,Τγ‚Λ‚η‚Ά,“c–³,“c–³‰w‘O,132292,“‹“s,Ό“‹s,“μ’¬‚T’–Ϊ,2025/1/31,7,’“Τi—Φjκ,’“Τi—Φjκ,{ω‚Ή‚Έ,‚Θ‚µ
ή“,Τγ‚Λ‚η‚Ά,“c–³,“c–³‰w‘O,132292,“‹“s,Ό“‹s,“μ’¬‚T’–Ϊ,2025/7/30,14,’“Τi—Φjκ,’“Τi—Φjκ,{ω‚Ή‚Έ,‚Θ‚µ
ή“,Τγ‚Λ‚η‚Ά,“c–³,–μ‰Ξ~,132225,“‹“s,“‹v—―•Δs,K’¬‚S’–Ϊ,2025/10/12,7,‚»‚Μ‘Ό‚ΜZ‘ξi‚RK‚ΔΘ‰Ί‹¤“―Z‘ξ“™j,’“Τi—Φjκ,{ω‚µ‚½,‚ ‚θ
ή“,Τγ‚Λ‚η‚Ά,“‘ΊR,’†΄Λ,132217,“‹“s,΄£s,’†΄Λ‚R’–Ϊ,2025/4/17,13,“ΉHγ,‚»‚Μ‘Ό,{ω‚Ή‚Έ,‚ ‚θ
ή“,Τγ‚Λ‚η‚Ά,“‘ΊR,‹v•Δμ,132136,“‹“s,“‘ΊRs,‹v•Δμ’¬‚Q’–Ϊ,2025/9/16,15,’“Τi—Φjκ,’“Τi—Φjκ,{ω‚Ή‚Έ,‚ ‚θ
ή“,Τγ‚Λ‚η‚Ά,“‘ΊR,‹v•Δμ,132136,“‹“s,“‘ΊRs,‹v•Δμ’¬‚S’–Ϊ,2025/5/27,20,κΛZ‘ξ,’“Τi—Φjκ,{ω‚Ή‚Έ,‚ ‚θ
ή“,Τγ‚Λ‚η‚Ά,“‘ΊR,‹v•Δμ‰w‘O,132136,“‹“s,“‘ΊRs,–{’¬‚S’–Ϊ,2025/8/22,12,“ΉHγ,‚»‚Μ‘Ό,{ω‚Ή‚Έ,‚ ‚θ
ή“,Τγ‚Λ‚η‚Ά,“‘ΊR,”ªβ,132136,“‹“s,“‘ΊRs,•xm©’¬‚Q’–Ϊ,2025/11/2,15,’“Τi—Φjκ,’“Τi—Φjκ,{ω‚µ‚½,‚Θ‚µ
ή“,Τγ‚Λ‚η‚Ά,“‘ΊR,‰τ“c,132136,“‹“s,“‘ΊRs,‘½–€Ξ’¬‚R’–Ϊ,2025/4/7,13,“ΉHγ,‚»‚Μ‘Ό,{ω‚Ή‚Έ,‚ ‚θ
ή“,Τγ‚Λ‚η‚Ά,“‘ΊR,‰τ“c,132136,“‹“s,“‘ΊRs,‘½–€Ξ’¬‚S’–Ϊ,2025/9/23,11,’“Τi—Φjκ,’“Τi—Φjκ,{ω‚Ή‚Έ,‚Θ‚µ
ή“,Τγ‚Λ‚η‚Ά,“‘ΊR,®‚ª‹u,132217,“‹“s,΄£s,’†—Ά‚T’–Ϊ,2025/7/22,17,‚SK‚ΔΘγ‹¤“―Z‘ξ,’“Τi—Φjκ,{ω‚Ή‚Έ,‚ ‚θ
ή“,Τγ‚Λ‚η‚Ά,“‘ΊR,“‘ΊR‰w‘O,132136,“‹“s,“‘ΊRs,•xm©’¬‚S’–Ϊ,2025/12/6,22,κΛZ‘ξ,’“Τi—Φjκ,{ω‚µ‚½,‚ ‚θ
ή“,Τγ‚Λ‚η‚Ά,“‘ΊR,”~‰€,132217,“‹“s,΄£s,”~‰€‚R’–Ϊ,2025/6/30,17,‚SK‚ΔΘγ‹¤“―Z‘ξ,‚»‚Μ‘Ό,{ω‚Ή‚Έ,‚ ‚θ
ή“,Τγ‚Λ‚η‚Ά,“‘ΊR,”~‰€,132217,“‹“s,΄£s,–μ‰–‚R’–Ϊ,2025/6/26,20,κΛZ‘ξ,’“Τi—Φjκ,{ω‚Ή‚Έ,‚Θ‚µ
ή“,Τγ‚Λ‚η‚Ά,“‘ΊR,΄£‰w‘O,132217,“‹“s,΄£s,γ΄Λ‚P’–Ϊ,2025/5/16,0,“ΉHγ,‚»‚Μ‘Ό,{ω‚Ή‚Έ,‚ ‚θ
ή“,Τγ‚Λ‚η‚Ά,“‘ΊR,΄£‰w‘O,132217,“‹“s,΄£s,³’¬‚P’–Ϊ,2025/7/26,16,‚»‚Μ‘Ό,’“Τi—Φjκ,{ω‚Ή‚Έ,‚Θ‚µ
ή“,Τγ‚Λ‚η‚Ά,“‘ΊR,H’ΓO’–Ϊ,132136,“‹“s,“‘ΊRs,H’Γ’¬‚R’–Ϊ,2025/4/5,13,‚»‚Μ‘Ό‚ΜZ‘ξi‚RK‚ΔΘ‰Ί‹¤“―Z‘ξ“™j,’“Τi—Φjκ,{ω‚Ή‚Έ,‚ ‚θ
ή“,Τγ‚Λ‚η‚Ά,“‘ΊR,H’ΓO’–Ϊ,132136,“‹“s,“‘ΊRs,‰¶‘½’¬‚P’–Ϊ,2025/6/7,18,‚»‚Μ‘Ό,‚»‚Μ‘Ό,{ω‚Ή‚Έ,‚Θ‚µ
ή“,Τγ‚Λ‚η‚Ά,“‘ΊR,H’ΓO’–Ϊ,132136,“‹“s,“‘ΊRs,‹v•Δμ’¬‚P’–Ϊ,2025/8/19,3,κΛZ‘ξ,’“Τi—Φjκ,{ω‚µ‚½,‚Θ‚µ
ή“,Τγ‚Λ‚η‚Ά,“‘ΊR,H’ΓO’–Ϊ,132136,“‹“s,“‘ΊRs,‹v•Δμ’¬‚T’–Ϊ,2025/7/1,16,κΛZ‘ξ,‚»‚Μ‘Ό,{ω‚Ή‚Έ,‚ ‚θ
ή“,Τγ‚Λ‚η‚Ά,“‘ΊR,H’Γ‰w‘O,132136,“‹“s,“‘ΊRs,H’Γ’¬‚P’–Ϊ,2025/12/20,16,‚»‚Μ‘Ό‚ΜZ‘ξi‚RK‚ΔΘ‰Ί‹¤“―Z‘ξ“™j,’“Τi—Φjκ,{ω‚µ‚½,‚ ‚θ
ή“,Τγ‚Λ‚η‚Ά,“‘ΊR,H’Γ‰w‘O,132136,“‹“s,“‘ΊRs,H’Γ’¬‚Q’–Ϊ,2025/12/6,22,‚»‚Μ‘Ό‚ΜZ‘ξi‚RK‚ΔΘ‰Ί‹¤“―Z‘ξ“™j,’“Τi—Φjκ,{ω‚µ‚½,‚Θ‚µ
ή“,Τγ‚Λ‚η‚Ά,“‘ΊR,H’Γ‰w‘O,132136,“‹“s,“‘ΊRs,H’Γ’¬‚T’–Ϊ,2025/12/2,20,’“Τi—Φjκ,’“Τi—Φjκ,{ω‚µ‚½,‚Θ‚µ
ή“,Τγ‚Λ‚η‚Ά,“‘ΊR,H’Γ‰w‘O,132136,“‹“s,“‘ΊRs,H’Γ’¬‚T’–Ϊ,2025/12/6,11,’“Τi—Φjκ,’“Τi—Φjκ,{ω‚µ‚½,‚Θ‚µ
ή“,Τγ‚Λ‚η‚Ά,“‘ΊR,H’Γ‰w‘O,132136,“‹“s,“‘ΊRs,H’Γ’¬‚T’–Ϊ,2025/12/6,19,’“Τi—Φjκ,’“Τi—Φjκ,{ω‚Ή‚Έ,‚ ‚θ
ή“,Τγ‚Λ‚η‚Ά,“‘ΊR,H’Γ‰w‘O,132136,“‹“s,“‘ΊRs,H’Γ’¬‚T’–Ϊ,2025/12/20,17,’“Τi—Φjκ,’“Τi—Φjκ,{ω‚µ‚½,‚Θ‚µ
ή“,Τγ‚Λ‚η‚Ά,“‘ΊR,H’Γ‰w‘O,132217,“‹“s,΄£s,–μ‰–‚P’–Ϊ,2025/5/27,13,‚»‚Μ‘Ό,’“Τi—Φjκ,{ω‚Ή‚Έ,‚Θ‚µ
ή“,Τγ‚Λ‚η‚Ά,“‘ΊR,H’Γ‰w‘O,132217,“‹“s,΄£s,–μ‰–‚T’–Ϊ,2025/12/2,19,κΛZ‘ξ,’“Τi—Φjκ,{ω‚µ‚½,‚ ‚θ
ή“,Τγ‚Λ‚η‚Ά,“‘ΊR,H’Γ‰w‘O,132217,“‹“s,΄£s,–μ‰–‚T’–Ϊ,2025/12/3,0,’“Τi—Φjκ,’“Τi—Φjκ,{ω‚µ‚½,‚Θ‚µ
ή“,Τγ‚Λ‚η‚Ά,“‘ΊR,H’Γ‰w‘O,132217,“‹“s,΄£s,–μ‰–‚T’–Ϊ,2025/12/20,18,κΛZ‘ξ,’“Τi—Φjκ,{ω‚µ‚½,‚Θ‚µ
ή“,Τγ‚Λ‚η‚Ά,“‘ΊR,’|‹u,132217,“‹“s,΄£s,‰Ί΄Λ‚Q’–Ϊ,2025/12/12,15,‚»‚Μ‘Ό‚ΜZ‘ξi‚RK‚ΔΘ‰Ί‹¤“―Z‘ξ“™j,’“Τi—Φjκ,{ω‚µ‚½,‚Θ‚µ
ή“,Τγ‚Λ‚η‚Ά,“‘ΊR,Β—t,132136,“‹“s,“‘ΊRs,‰¶‘½’¬‚P’–Ϊ,2025/2/12,17,‚»‚Μ‘Ό,‚»‚Μ‘Ό,{ω‚Ή‚Έ,‚Θ‚µ
ή“,Τγ‚Λ‚η‚Ά,•‘ –μ,O’J’Κ,132039,“‹“s,•‘ –μs,Ό‹v•Ϋ‚Q’–Ϊ,2025/9/24,20,‚»‚Μ‘Ό,’“Τi—Φjκ,{ω‚Ή‚Έ,‚Θ‚µ
ή“,Τγ‚Λ‚η‚Ά,•‘ –μ,O‘ι‰w–kϋ,132039,“‹“s,•‘ –μs,’†’¬‚P’–Ϊ,2025/6/5,11,“ΉHγ,‚»‚Μ‘Ό,{ω‚Ή‚Έ,‚ ‚θ
ή“,Τγ‚Λ‚η‚Ά,•‘ –μ,”ª”¦‹{Ό,132039,“‹“s,•‘ –μs,‹gΛ›–{’¬‚P’–Ϊ,2024/12/28,19,’“Τi—Φjκ,’“Τi—Φjκ,{ω‚Ή‚Έ,‚Θ‚µ
ή“,Τγ‚Λ‚η‚Ά,•‘ –μ,”ª”¦‹{Ό,132039,“‹“s,•‘ –μs,‹gΛ›–{’¬‚S’–Ϊ,2025/2/13,9,“ΉHγ,‚»‚Μ‘Ό,{ω‚Ή‚Έ,‚ ‚θ
ή“,Τγ‚Λ‚η‚Ά,•‘ –μ,”ª”¦’¬,132039,“‹“s,•‘ –μs,”ª”¦’¬‚Q’–Ϊ,2025/12/18,17,‚»‚Μ‘Ό,’“Τi—Φjκ,{ω‚µ‚½,‚ ‚θ
ή“,Τγ‚Λ‚η‚Ά,•‘ –μ,”ª”¦’¬,132039,“‹“s,•‘ –μs,”ª”¦’¬‚R’–Ϊ,2025/11/12,10,“ΉHγ,‚»‚Μ‘Ό,{ω‚Ή‚Έ,‚Θ‚µ
ή“,Τγ‚Λ‚η‚Ά,•‘ –μ,‹gΛ›‰w“ϋ,132039,“‹“s,•‘ –μs,‹gΛ›–{’¬‚P’–Ϊ,2025/10/23,10,‚»‚Μ‘Ό‚ΜZ‘ξi‚RK‚ΔΘ‰Ί‹¤“―Z‘ξ“™j,’“Τi—Φjκ,{ω‚Ή‚Έ,‚ ‚θ
ή“,Τγ‚Λ‚η‚Ά,•‘ –μ,‹gΛ›‰w“ϋ,132039,“‹“s,•‘ –μs,‹gΛ›“μ’¬‚Q’–Ϊ,2025/4/1,9,‚»‚Μ‘Ό,‚»‚Μ‘Ό,{ω‚Ή‚Έ,‚Θ‚µ
ή“,Τγ‚Λ‚η‚Ά,•‘ –μ,‹gΛ›‰wΌϋ,132039,“‹“s,•‘ –μs,‹gΛ›“μ’¬‚P’–Ϊ,2025/5/4,23,‚»‚Μ‘Ό,’“Τi—Φjκ,{ω‚Ή‚Έ,‚Θ‚µ
ή“,Τγ‚Λ‚η‚Ά,•‘ –μ,‹gΛ›‰wΌϋ,132039,“‹“s,•‘ –μs,δ“aR‚P’–Ϊ,2025/6/14,11,’“Τi—Φjκ,’“Τi—Φjκ,{ω‚Ή‚Έ,‚Θ‚µ
ή“,Τγ‚Λ‚η‚Ά,•‘ –μ,“’¬,132039,“‹“s,•‘ –μs,‹gΛ›“’¬‚P’–Ϊ,2025/11/12,9,’“Τi—Φjκ,’“Τi—Φjκ,{ω‚Ή‚Έ,‚Θ‚µ
ή“,Τγ‚Λ‚η‚Ά,•‘ –μ,•‘ ‹«‰w‘O,132039,“‹“s,•‘ –μs,‹«“μ’¬‚R’–Ϊ,2025/1/10,12,“ΉHγ,‚»‚Μ‘Ό,{ω‚Ή‚Έ,‚Θ‚µ
ή“,Τγ‚Λ‚η‚Ά,•‘ –μ,—Ξ’¬,132039,“‹“s,•‘ –μs,’†’¬‚R’–Ϊ,2025/1/21,18,‚»‚Μ‘Ό,‚»‚Μ‘Ό,{ω‚Ή‚Έ,‚Θ‚µ
ή“,Τγ‚Λ‚η‚Ά,•‘ –μ,—Ξ’¬,132039,“‹“s,•‘ –μs,—Ξ’¬‚Q’–Ϊ,2025/5/22,11,‚»‚Μ‘Ό,’“Τi—Φjκ,{ω‚Ή‚Έ,‚ ‚θ
ή“,Τγ‚Λ‚η‚Ά,•‘ –μ,—Ξ’¬,132039,“‹“s,•‘ –μs,—Ξ’¬‚Q’–Ϊ,2025/9/7,15,‚»‚Μ‘Ό,’“Τi—Φjκ,{ω‚Ή‚Έ,‚Θ‚µ
ή“,Τγ‚Λ‚η‚Ά,•‘ –μ,—Ξ’¬,132039,“‹“s,•‘ –μs,—Ξ’¬‚Q’–Ϊ,2025/10/23,16,‚»‚Μ‘Ό‚ΜZ‘ξi‚RK‚ΔΘ‰Ί‹¤“―Z‘ξ“™j,’“Τi—Φjκ,{ω‚µ‚½,‚Θ‚µ
ή“,Τγ‚Λ‚η‚Ά,•‘ –μ,Φ‘O,132039,“‹“s,•‘ –μs,Φ‘O‚P’–Ϊ,2025/12/8,18,‚»‚Μ‘Ό,’“Τi—Φjκ,{ω‚Ή‚Έ,‚Θ‚µ
ή“,Τγ‚Λ‚η‚Ά,O‘ι,–•‹΄,132047,“‹“s,O‘ιs,‰ΊA‚Q’–Ϊ,2024/12/28,10,κΛZ‘ξ,’“Τi—Φjκ,{ω‚Ή‚Έ,‚ ‚θ
ή“,Τγ‚Λ‚η‚Ά,O‘ι,O‘ι‰w‘O,132047,“‹“s,O‘ιs,‰ΊA‚R’–Ϊ,2025/4/21,9,‚»‚Μ‘Ό,’“Τi—Φjκ,{ω‚Ή‚Έ,‚Θ‚µ
ή“,Τγ‚Λ‚η‚Ά,O‘ι,O‘ι‰w‘O,132047,“‹“s,O‘ιs,‰ΊA‚R’–Ϊ,2025/9/19,10,‚»‚Μ‘Ό,’“Τi—Φjκ,{ω‚Ή‚Έ,‚Θ‚µ
ή“,Τγ‚Λ‚η‚Ά,O‘ι,O‘ι‰w‘O,132047,“‹“s,O‘ιs,‰ΊA‚R’–Ϊ,2025/12/12,13,‚SK‚ΔΘγ‹¤“―Z‘ξ,’“Τi—Φjκ,{ω‚Ή‚Έ,‚ ‚θ
ή“,Τγ‚Λ‚η‚Ά,O‘ι,’†εμ,132047,“‹“s,O‘ιs,Vμ‚T’–Ϊ,2025/2/20,13,κΛZ‘ξ,’“Τi—Φjκ,{ω‚Ή‚Έ,‚ ‚θ
ή“,Τγ‚Λ‚η‚Ά,O‘ι,‘ε‘ς,132047,“‹“s,O‘ιs,‘ε‘ς‚P’–Ϊ,2025/5/26,13,‚»‚Μ‘Ό‚ΜZ‘ξi‚RK‚ΔΘ‰Ί‹¤“―Z‘ξ“™j,’“Τi—Φjκ,{ω‚µ‚½,‚ ‚θ
ή“,Τγ‚Λ‚η‚Ά,O‘ι,‘ε‘ς,132047,“‹“s,O‘ιs,‘ε‘ς‚Q’–Ϊ,2025/4/14,17,‚»‚Μ‘Ό‚ΜZ‘ξi‚RK‚ΔΘ‰Ί‹¤“―Z‘ξ“™j,’“Τi—Φjκ,{ω‚µ‚½,‚ ‚θ
ή“,Τγ‚Λ‚η‚Ά,O‘ι,“V•¶‘δ‰Ί,132047,“‹“s,O‘ιs,‘ε‘ς‚S’–Ϊ,2025/8/20,9,“ΉHγ,‚»‚Μ‘Ό,{ω‚Ή‚Έ,‚Θ‚µ
ή“,Τγ‚Λ‚η‚Ά,O‘ι,Vμ,132047,“‹“s,O‘ιs,Vμ‚R’–Ϊ,2025/1/8,8,“ΉHγ,‚»‚Μ‘Ό,{ω‚Ή‚Έ,‚ ‚θ
ή“,Τγ‚Λ‚η‚Ά,O‘ι,Ο‹v•Ϋ,132047,“‹“s,O‘ιs,‰ΊA‚W’–Ϊ,2025/7/19,12,‚»‚Μ‘Ό,’“Τi—Φjκ,{ω‚Ή‚Έ,‚Θ‚µ
ή“,Τγ‚Λ‚η‚Ά,O‘ι,–μθ,132047,“‹“s,O‘ιs,δϋ‚Q’–Ϊ,2025/6/12,18,“ΉHγ,‚»‚Μ‘Ό,{ω‚Ή‚Έ,‚Θ‚µ
ή“,Τγ‚Λ‚η‚Ά,O‘ι,–μθ,132047,“‹“s,O‘ιs,–μθ‚P’–Ϊ,2025/5/15,14,‚»‚Μ‘Ό,’“Τi—Φjκ,{ω‚Ή‚Έ,‚Θ‚µ
ή“,Τγ‚Λ‚η‚Ά,’²•z,‚Β‚Β‚¶ƒP‹u‰w‘O,132080,“‹“s,’²•zs,Ό‚Β‚Β‚¶ƒP‹u‚Q’–Ϊ,2025/9/1,16,κΛZ‘ξ,’“Τi—Φjκ,{ω‚µ‚½,‚ ‚θ
ή“,Τγ‚Λ‚η‚Ά,’²•z,γΞ΄,132080,“‹“s,’²•zs,γΞ΄‚P’–Ϊ,2025/11/8,21,‚»‚Μ‘Ό‚ΜZ‘ξi‚RK‚ΔΘ‰Ί‹¤“―Z‘ξ“™j,’“Τi—Φjκ,{ω‚Ή‚Έ,‚Θ‚µ
ή“,Τγ‚Λ‚η‚Ά,’²•z,’†aς,132195,“‹“s,]s,’†aς‚S’–Ϊ,2025/10/5,8,‚»‚Μ‘Ό‚ΜZ‘ξi‚RK‚ΔΘ‰Ί‹¤“―Z‘ξ“™j,’“Τi—Φjκ,{ω‚Ή‚Έ,‚ ‚θ
ή“,Τγ‚Λ‚η‚Ά,’²•z,‹‰¤‘½–€μ‰w‘O,132080,“‹“s,’²•zs,‘½–€μ‚P’–Ϊ,2025/11/10,7,‚SK‚ΔΘγ‹¤“―Z‘ξ,’“Τi—Φjκ,{ω‚Ή‚Έ,‚Θ‚µ
ή“,Τγ‚Λ‚η‚Ά,’²•z,‹‰¤‘½–€μ‰w‘O,132080,“‹“s,’²•zs,‘½–€μ‚S’–Ϊ,2025/5/16,8,’“Τi—Φjκ,’“Τi—Φjκ,{ω‚Ή‚Έ,‚ ‚θ
ή“,Τγ‚Λ‚η‚Ά,’²•z,εμ,132080,“‹“s,’²•zs,εμ’¬‚P’–Ϊ,2025/9/28,18,’“Τi—Φjκ,’“Τi—Φjκ,{ω‚Ή‚Έ,‚Θ‚µ
ή“,Τγ‚Λ‚η‚Ά,’²•z,εμ,132080,“‹“s,’²•zs,εμ’¬‚P’–Ϊ,2025/12/10,8,’“Τi—Φjκ,’“Τi—Φjκ,{ω‚Ή‚Έ,‚Θ‚µ
ή“,Τγ‚Λ‚η‚Ά,’²•z,aς‘½–€μ,132195,“‹“s,]s,“aς‚Q’–Ϊ,2025/1/8,7,’“Τi—Φjκ,’“Τi—Φjκ,{ω‚Ή‚Έ,‚Θ‚µ
ή“,Τγ‚Λ‚η‚Ά,’²•z,aς‘½–€μ,132195,“‹“s,]s,³aς‚R’–Ϊ,2025/4/12,17,’“Τi—Φjκ,’“Τi—Φjκ,{ω‚µ‚½,‚Θ‚µ
ή“,Τγ‚Λ‚η‚Ά,’²•z,‘—Μ,132080,“‹“s,’²•zs,‘—Μ’¬‚R’–Ϊ,2025/10/13,22,‚SK‚ΔΘγ‹¤“―Z‘ξ,’“Τi—Φjκ,{ω‚Ή‚Έ,‚Θ‚µ
ή“,Τγ‚Λ‚η‚Ά,’²•z,‘—Μ,132080,“‹“s,’²•zs,‘—Μ’¬‚R’–Ϊ,2025/10/18,17,‚»‚Μ‘Ό,’“Τi—Φjκ,{ω‚Ή‚Έ,‚Θ‚µ
ή“,Τγ‚Λ‚η‚Ά,’²•z,‘—Μ,132080,“‹“s,’²•zs,‘—Μ’¬‚R’–Ϊ,2025/12/16,19,‚SK‚ΔΘγ‹¤“―Z‘ξ,’“Τi—Φjκ,{ω‚Ή‚Έ,‚Θ‚µ
ή“,Τγ‚Λ‚η‚Ά,’²•z,‘½–€μZ‘ξ,132080,“‹“s,’²•zs,υ’n‚R’–Ϊ,2025/12/12,7,’“Τi—Φjκ,’“Τi—Φjκ,{ω‚Ή‚Έ,‚ ‚θ
ή“,Τγ‚Λ‚η‚Ά,’²•z,¬o,132080,“‹“s,’²•zs,“όΤ’¬‚P’–Ϊ,2025/6/24,9,’“Τi—Φjκ,’“Τi—Φjκ,{ω‚Ή‚Έ,‚ ‚θ
ή“,Τγ‚Λ‚η‚Ά,’²•z,¬o,132195,“‹“s,]s,“–μμ‚P’–Ϊ,2025/1/30,8,κΛZ‘ξ,’“Τi—Φjκ,{ω‚Ή‚Έ,‚ ‚θ
ή“,Τγ‚Λ‚η‚Ά,’²•z,¬o,132195,“‹“s,]s,“–μμ‚S’–Ϊ,2025/1/18,3,’“Τi—Φjκ,’“Τi—Φjκ,{ω‚Ή‚Έ,‚Θ‚µ
ή“,Τγ‚Λ‚η‚Ά,’²•z,¬o,132195,“‹“s,]s,“–μμ‚S’–Ϊ,2025/1/21,12,’“Τi—Φjκ,’“Τi—Φjκ,{ω‚Ή‚Έ,‚Θ‚µ
ή“,Τγ‚Λ‚η‚Ά,’²•z,¬o,132195,“‹“s,]s,“–μμ‚S’–Ϊ,2025/2/17,20,’“Τi—Φjκ,’“Τi—Φjκ,{ω‚Ή‚Έ,‚ ‚θ
ή“,Τγ‚Λ‚η‚Ά,’²•z,βΛ,132195,“‹“s,]s,βΛ–k‚P’–Ϊ,2025/1/25,13,’“Τi—Φjκ,’“Τi—Φjκ,{ω‚Ή‚Έ,‚Θ‚µ
ή“,Τγ‚Λ‚η‚Ά,’²•z,A•¨φ‰€‘O,132080,“‹“s,’²•zs,[‘ε›–k’¬‚S’–Ϊ,2025/5/12,21,κΛZ‘ξ,’“Τi—Φjκ,{ω‚µ‚½,‚ ‚θ
ή“,Τγ‚Λ‚η‚Ά,’²•z,A•¨φ‰€‘O,132080,“‹“s,’²•zs,[‘ε›–k’¬‚T’–Ϊ,2025/1/16,0,‚»‚Μ‘Ό‚ΜZ‘ξi‚RK‚ΔΘ‰Ί‹¤“―Z‘ξ“™j,’“Τi—Φjκ,{ω‚Ή‚Έ,‚Θ‚µ
ή“,Τγ‚Λ‚η‚Ά,’²•z,],132195,“‹“s,]s,“aς‚P’–Ϊ,2025/1/6,19,‚»‚Μ‘Ό‚ΜZ‘ξi‚RK‚ΔΘ‰Ί‹¤“―Z‘ξ“™j,’“Τi—Φjκ,{ω‚Ή‚Έ,‚Θ‚µ
ή“,Τγ‚Λ‚η‚Ά,’²•z,],132195,“‹“s,]s,³aς‚P’–Ϊ,2025/3/8,14,’“Τi—Φjκ,’“Τi—Φjκ,{ω‚Ή‚Έ,‚Θ‚µ
ή“,Τγ‚Λ‚η‚Ά,’²•z,],132195,“‹“s,]s,³aς‚P’–Ϊ,2025/8/19,9,’“Τi—Φjκ,’“Τi—Φjκ,{ω‚Ή‚Έ,‚Θ‚µ
ή“,Τγ‚Λ‚η‚Ά,’²•z,’–•ϋ,132195,“‹“s,]s,’–•ϋ‚P’–Ϊ,2025/1/16,17,‚»‚Μ‘Ό‚ΜZ‘ξi‚RK‚ΔΘ‰Ί‹¤“―Z‘ξ“™j,’“Τi—Φjκ,{ω‚Ή‚Έ,‚Θ‚µ
ή“,Τγ‚Λ‚η‚Ά,’²•z,’–•ϋ,132195,“‹“s,]s,‹ξδ’¬‚P’–Ϊ,2025/1/16,16,‚»‚Μ‘Ό,‚»‚Μ‘Ό,{ω‚µ‚½,‚Θ‚µ
ή“,Τγ‚Λ‚η‚Ά,’²•z,’–•ϋ,132195,“‹“s,]s,‹ξδ’¬‚R’–Ϊ,2024/12/25,16,’“Τi—Φjκ,’“Τi—Φjκ,{ω‚µ‚½,‚Θ‚µ
ή“,Τγ‚Λ‚η‚Ά,’²•z,’–•ϋ,132195,“‹“s,]s,‹ξδ’¬‚R’–Ϊ,2025/2/17,23,’“Τi—Φjκ,’“Τi—Φjκ,{ω‚Ή‚Έ,‚Θ‚µ
ή“,Τγ‚Λ‚η‚Ά,’²•z,’²•z‰w‘O,132080,“‹“s,’²•zs,¬“‡’¬‚Q’–Ϊ,2025/5/26,6,‚»‚Μ‘Ό,‚»‚Μ‘Ό,{ω‚Ή‚Έ,‚Θ‚µ
ή“,Τγ‚Λ‚η‚Ά,’²•z,’²•z‰w‘O,132080,“‹“s,’²•zs,¬“‡’¬‚Q’–Ϊ,2025/7/30,20,‚»‚Μ‘Ό,’“Τi—Φjκ,{ω‚Ή‚Έ,‚Θ‚µ
ή“,Τγ‚Λ‚η‚Ά,’²•z,’²•z‰w‘O,132080,“‹“s,’²•zs,¬“‡’¬‚Q’–Ϊ,2025/11/13,21,‚»‚Μ‘Ό,’“Τi—Φjκ,{ω‚Ή‚Έ,‚Θ‚µ
ή“,Τγ‚Λ‚η‚Ά,’²•z,’²•z‰w‘O,132080,“‹“s,’²•zs,¬“‡’¬‚Q’–Ϊ,2025/12/1,15,‚»‚Μ‘Ό,’“Τi—Φjκ,{ω‚Ή‚Έ,‚Θ‚µ
ή“,Τγ‚Λ‚η‚Ά,’²•z,’²•z‰w‘O,132080,“‹“s,’²•zs,•z“c‚Q’–Ϊ,2025/7/9,16,‚»‚Μ‘Ό,’“Τi—Φjκ,{ω‚Ή‚Έ,‚Θ‚µ
ή“,Τγ‚Λ‚η‚Ά,’²•z,’²•z‰w‘O,132080,“‹“s,’²•zs,•z“c‚S’–Ϊ,2025/2/23,14,‚»‚Μ‘Ό,’“Τi—Φjκ,{ω‚Ή‚Έ,‚Θ‚µ
ή“,Τγ‚Λ‚η‚Ά,’²•z,“d‹C’ΚM‘εw‘O,132080,“‹“s,’²•zs,¬“‡’¬‚P’–Ϊ,2025/9/11,18,‚»‚Μ‘Ό,’“Τi—Φjκ,{ω‚Ή‚Έ,‚Θ‚µ
ή“,Τγ‚Λ‚η‚Ά,’²•z,”ς“c‹‹‰w‘O,132080,“‹“s,’²•zs,γΞ΄‚R’–Ϊ,2025/6/17,17,κΛZ‘ξ,’“Τi—Φjκ,{ω‚Ή‚Έ,‚ ‚θ
ή“,Τγ‚Λ‚η‚Ά,’²•z,”ς“c‹‹‰w‘O,132080,“‹“s,’²•zs,”ς“c‹‹‚Q’–Ϊ,2025/4/5,18,’“Τi—Φjκ,’“Τi—Φjκ,{ω‚Ή‚Έ,‚Θ‚µ
ή“,Τγ‚Λ‚η‚Ά,’²•z,”ς“c‹‹‰w‘O,132080,“‹“s,’²•zs,”ς“c‹‹‚Q’–Ϊ,2025/9/26,18,“ΉHγ,‚»‚Μ‘Ό,{ω‚Ή‚Έ,‚ ‚θ
ή“,Τγ‚Λ‚η‚Ά,¬•½,γh,132110,“‹“s,¬•½s,’†“‡’¬,2025/3/1,0,κΛZ‘ξ,’“Τi—Φjκ,{ω‚µ‚½,‚ ‚θ
ή“,Τγ‚Λ‚η‚Ά,¬•½,μ•½‹΄,132110,“‹“s,¬•½s,μ•½’¬‚P’–Ϊ,2025/6/23,15,κΛZ‘ξ,’“Τi—Φjκ,{ω‚µ‚½,‚Θ‚µ
ή“,Τγ‚Λ‚η‚Ά,¬•½,‘εΐ’¬,132110,“‹“s,¬•½s,‰Τ¬‹ΰδ‚T’–Ϊ,2025/3/1,12,“ΉHγ,‚»‚Μ‘Ό,{ω‚Ή‚Έ,‚ ‚θ
ή“,Τγ‚Λ‚η‚Ά,¬•½,‘εΐ’¬,132110,“‹“s,¬•½s,‰Τ¬‹ΰδ‚T’–Ϊ,2025/11/1,10,κΛZ‘ξ,‚»‚Μ‘Ό,{ω‚Ή‚Έ,‚ ‚θ
ή“,Τγ‚Λ‚η‚Ά,¬•½,w‰€“,132110,“‹“s,¬•½s,w‰€“’¬‚Q’–Ϊ,2025/3/29,18,“ΉHγ,‚»‚Μ‘Ό,{ω‚Ή‚Έ,‚ ‚θ
ή“,Τγ‚Λ‚η‚Ά,¬•½,w‰€“,132110,“‹“s,¬•½s,—ι–Ψ’¬‚P’–Ϊ,2025/11/4,18,’“Τi—Φjκ,’“Τi—Φjκ,{ω‚Ή‚Έ,‚ ‚θ
ή“,Τγ‚Λ‚η‚Ά,¬•½,w‰€Ό’¬,132110,“‹“s,¬•½s,w‰€Ό’¬‚Q’–Ϊ,2025/12/22,18,’“Τi—Φjκ,’“Τi—Φjκ,{ω‚µ‚½,‚ ‚θ
ή“,Τγ‚Λ‚η‚Ά,¬•½,¬μ‰w‘O,132110,“‹“s,¬•½s,¬μΌ’¬‚P’–Ϊ,2025/11/3,20,’“Τi—Φjκ,’“Τi—Φjκ,{ω‚µ‚½,‚ ‚θ
ή“,Τγ‚Λ‚η‚Ά,¬•½,¬μ‰w‘O,132110,“‹“s,¬•½s,¬μΌ’¬‚T’–Ϊ,2025/9/27,17,“ΉHγ,‚»‚Μ‘Ό,{ω‚Ή‚Έ,‚ ‚θ
ή“,Τγ‚Λ‚η‚Ά,¬•½,¬μ‰w‘O,132110,“‹“s,¬•½s,¬μΌ’¬‚T’–Ϊ,2025/11/27,8,‚»‚Μ‘Ό,‚»‚Μ‘Ό,{ω‚Ή‚Έ,‚ ‚θ
ή“,Τγ‚Λ‚η‚Ά,¬•½,¬μ‰w‘O,132110,“‹“s,¬•½s,¬μ“’¬‚Q’–Ϊ,2025/12/4,23,‚SK‚ΔΘγ‹¤“―Z‘ξ,’“Τi—Φjκ,{ω‚µ‚½,‚Θ‚µ
ή“,Τγ‚Λ‚η‚Ά,¬•½,¬μ‰w‘O,132110,“‹“s,¬•½s,¬μ’¬‚P’–Ϊ,2025/6/13,3,’“Τi—Φjκ,’“Τi—Φjκ,{ω‚µ‚½,‚ ‚θ
ή“,Τγ‚Λ‚η‚Ά,¬•½,¬μ‰w‘O,132110,“‹“s,¬•½s,¬μ’¬‚Q’–Ϊ,2025/10/10,20,‚SK‚ΔΘγ‹¤“―Z‘ξ,’“Τi—Φjκ,{ω‚Ή‚Έ,‚Θ‚µ
ή“,Τγ‚Λ‚η‚Ά,¬•½,¬•½‰w‘O,132110,“‹“s,¬•½s,“V_’¬‚P’–Ϊ,2025/9/22,9,κΛZ‘ξ,’“Τi—Φjκ,{ω‚Ή‚Έ,‚ ‚θ
ή“,Τγ‚Λ‚η‚Ά,¬•½,¬•½‰w‘O,132110,“‹“s,¬•½s,“V_’¬‚Q’–Ϊ,2025/7/9,17,“ΉHγ,‚»‚Μ‘Ό,{ω‚Ή‚Έ,‚Θ‚µ
ή“,Τγ‚Λ‚η‚Ά,¬•½,‰Τ¬‹ΰδ‰w‘O,132110,“‹“s,¬•½s,‰Τ¬‹ΰδ‚S’–Ϊ,2025/4/10,15,‚»‚Μ‘Ό,‚»‚Μ‘Ό,{ω‚Ή‚Έ,‚Θ‚µ
ή“,Τγ‚Λ‚η‚Ά,¬•½,‰Τ¬‹ΰδ‰w‘O,132110,“‹“s,¬•½s,‰Τ¬‹ΰδ‚T’–Ϊ,2025/7/25,2,κΛZ‘ξ,’“Τi—Φjκ,{ω‚Ή‚Έ,‚ ‚θ
ή“,Τγ‚Λ‚η‚Ά,¬•½,‘ι‚Μ‘δ‰w‘O,132110,“‹“s,¬•½s,γ…–{’¬‚Q’–Ϊ,2025/1/12,19,‚»‚Μ‘Ό,‚»‚Μ‘Ό,{ω‚Ή‚Έ,‚ ‚θ
ή“,Τγ‚Λ‚η‚Ά,¬•½,‘ι‚Μ‘δ‰w‘O,132110,“‹“s,¬•½s,γ…–{’¬‚R’–Ϊ,2025/5/29,20,κΛZ‘ξ,’“Τi—Φjκ,{ω‚µ‚½,‚ ‚θ
ή“,Τγ‚Λ‚η‚Ά,¬•½,‘ι‚Μ‘δ‰w‘O,132110,“‹“s,¬•½s,’Γ“c’¬‚P’–Ϊ,2025/12/12,15,’“Τi—Φjκ,’“Τi—Φjκ,{ω‚Ή‚Έ,‚Θ‚µ
ή“,Τγ‚Λ‚η‚Ά,¬•½,‘ι‚Μ‘δ‰w‘O,132110,“‹“s,¬•½s,’Γ“c’¬‚R’–Ϊ,2025/12/22,20,‚»‚Μ‘Ό‚ΜZ‘ξi‚RK‚ΔΘ‰Ί‹¤“―Z‘ξ“™j,’“Τi—Φjκ,{ω‚µ‚½,‚Θ‚µ
ή“,Τγ‚Λ‚η‚Ά,”ªδ“‡,Oª,134015,“‹“s,”ªδ’¬,Oª,2025/2/14,17,“ΉHγ,‚»‚Μ‘Ό,{ω‚Ή‚Έ,‚ ‚θ
