ί–Ό,θϋ,Ηx@i”­¶’nj,Ηπ”ΤE’“έi”­¶’nj,s‹ζ’¬‘ΊƒR[ƒhi”­¶’nj,“s“Ή•{§i”­¶’nj,s‹ζ’¬‘Ίi”­¶’nj,’¬’–Ϊi”­¶’nj,”­¶”N“ϊinϊj,”­¶inϊj,”­¶κ,”­¶κ‚ΜΪΧ,»‹ΰΘO‚Με‚Θ”νQ•i
ή“,•”•i‚Λ‚η‚Ά,’†‰›,”ªdF’Κ,131024,“‹“s,’†‰›‹ζ,‹‹΄‚P’–Ϊ,2025/5/19,13,’“Τi—Φjκ,’“Τi—Φjκ,ƒiƒ“ƒo[ƒvƒ[ƒg
ή“,•”•i‚Λ‚η‚Ά,’†‰›,”ªdF’Κ,131024,“‹“s,’†‰›‹ζ,”ªdF‚Q’–Ϊ,2025/10/19,17,’“Τi—Φjκ,’“Τi—Φjκ,‚»‚Μ‘Ό
ή“,•”•i‚Λ‚η‚Ά,’†‰›,“ϊ–{‹΄,131024,“‹“s,’†‰›‹ζ,“ϊ–{‹΄¬M’¬,2025/4/16,9,’“Τi—Φjκ,’“Τi—Φjκ,ƒiƒ“ƒo[ƒvƒ[ƒg
ή“,•”•i‚Λ‚η‚Ά,’†‰›,‚‹΄,131024,“‹“s,’†‰›‹ζ,Vμ‚Q’–Ϊ,2025/3/31,19,‚SK‚ΔΘγ‹¤“―Z‘ξ,’“Τi—Φjκ,‚»‚Μ‘Ό
ή“,•”•i‚Λ‚η‚Ά,’†‰›,‚‹΄,131024,“‹“s,’†‰›‹ζ,”ª’–x‚Q’–Ϊ,2025/8/1,8,‚»‚Μ‘Ό,’“Τi—Φjκ,ƒiƒ“ƒo[ƒvƒ[ƒg
ή“,•”•i‚Λ‚η‚Ά,[μ,Z‹g,131083,“‹“s,]“‹ζ,‰]‚Q’–Ϊ,2025/9/9,18,‚SK‚ΔΘγ‹¤“―Z‘ξ,’“Τi—Φjκ,ƒiƒ“ƒo[ƒvƒ[ƒg
ή“,•”•i‚Λ‚η‚Ά,[μ,Z‹g,131083,“‹“s,]“‹ζ,Z‹g‚P’–Ϊ,2025/5/10,16,‚SK‚ΔΘγ‹¤“―Z‘ξ,’“Τi—Φjκ,‚»‚Μ‘Ό
ή“,•”•i‚Λ‚η‚Ά,[μ,Z‹g,131083,“‹“s,]“‹ζ,Z‹g‚Q’–Ϊ,2025/6/25,17,’“Τi—Φjκ,’“Τi—Φjκ,ƒiƒ“ƒo[ƒvƒ[ƒg
ή“,•”•i‚Λ‚η‚Ά,[μ,η“c,131083,“‹“s,]“‹ζ,Ξ“‡,2025/8/5,18,κΛZ‘ξ,’“Τi—Φjκ,‚»‚Μ‘Ό
ή“,•”•i‚Λ‚η‚Ά,[μ,η“c,131083,“‹“s,]“‹ζ,‰i‘γ‚Q’–Ϊ,2025/6/3,4,κΛZ‘ξ,‚»‚Μ‘Ό,‚»‚Μ‘Ό
ή“,•”•i‚Λ‚η‚Ά,[μ,η“c,131083,“‹“s,]“‹ζ,ηΞ‚P’–Ϊ,2025/6/10,23,’“Τi—Φjκ,’“Τi—Φjκ,ƒiƒ“ƒo[ƒvƒ[ƒg
ή“,•”•i‚Λ‚η‚Ά,[μ,η“c,131083,“‹“s,]“‹ζ,ηΞ‚P’–Ϊ,2025/11/27,21,‚SK‚ΔΘγ‹¤“―Z‘ξ,’“Τi—Φjκ,‚»‚Μ‘Ό
ή“,•”•i‚Λ‚η‚Ά,[μ,η“c,131083,“‹“s,]“‹ζ,ηΞ‚R’–Ϊ,2025/7/11,18,’“Τi—Φjκ,’“Τi—Φjκ,ƒiƒ“ƒo[ƒvƒ[ƒg
ή“,•”•i‚Λ‚η‚Ά,[μ,“—z,131083,“‹“s,]“‹ζ,‰–•l‚Q’–Ϊ,2025/1/25,0,‚SK‚ΔΘγ‹¤“―Z‘ξ,’“Τi—Φjκ,ƒiƒ“ƒo[ƒvƒ[ƒg
ή“,•”•i‚Λ‚η‚Ά,[μ,“—z,131083,“‹“s,]“‹ζ,‰–•l‚Q’–Ϊ,2025/12/23,17,‚SK‚ΔΘγ‹¤“―Z‘ξ,’“Τi—Φjκ,‚»‚Μ‘Ό
ή“,•”•i‚Λ‚η‚Ά,[μ,“—z,131083,“‹“s,]“‹ζ,“—z‚R’–Ϊ,2025/12/19,18,‚SK‚ΔΘγ‹¤“―Z‘ξ,’“Τi—Φjκ,‚»‚Μ‘Ό
ή“,•”•i‚Λ‚η‚Ά,[μ,“—z,131083,“‹“s,]“‹ζ,“—z‚T’–Ϊ,2025/3/31,9,‚»‚Μ‘Ό,’“Τi—Φjκ,‚»‚Μ‘Ό
ή“,•”•i‚Λ‚η‚Ά,[μ,}μ,131083,“‹“s,]“‹ζ,}μ‚P’–Ϊ,2025/12/14,16,‚SK‚ΔΘγ‹¤“―Z‘ξ,’“Τi—Φjκ,‚»‚Μ‘Ό
ή“,•”•i‚Λ‚η‚Ά,[μ,}μ,131083,“‹“s,]“‹ζ,‰z’†“‡‚Q’–Ϊ,2025/4/17,18,‚SK‚ΔΘγ‹¤“―Z‘ξ,’“Τi—Φjκ,‚»‚Μ‘Ό
ή“,•”•i‚Λ‚η‚Ά,[μ,X‰Ί,131083,“‹“s,]“‹ζ,X‰Ί‚R’–Ϊ,2025/4/9,20,‚SK‚ΔΘγ‹¤“―Z‘ξ,’“Τi—Φjκ,‚»‚Μ‘Ό
ή“,•”•i‚Λ‚η‚Ά,[μ,΄’λ‰€‘O,131083,“‹“s,]“‹ζ,[μ‚P’–Ϊ,2025/2/25,1,’“Τi—Φjκ,’“Τi—Φjκ,ƒiƒ“ƒo[ƒvƒ[ƒg
ή“,•”•i‚Λ‚η‚Ά,[μ,΄’λ‰€‘O,131083,“‹“s,]“‹ζ,“~–Ψ,2025/10/24,19,κΛZ‘ξ,’“Τi—Φjκ,ƒiƒ“ƒo[ƒvƒ[ƒg
ή“,•”•i‚Λ‚η‚Ά,[μ,»‘γ”όpΩ‘O,131083,“‹“s,]“‹ζ,–Ψκ‚R’–Ϊ,2025/4/7,12,‚SK‚ΔΘγ‹¤“―Z‘ξ,’“Τi—Φjκ,ƒiƒ“ƒo[ƒvƒ[ƒg
ή“,•”•i‚Λ‚η‚Ά,[μ,»‘γ”όpΩ‘O,131083,“‹“s,]“‹ζ,•½–μ‚R’–Ϊ,2025/2/20,21,‚»‚Μ‘Ό,’“Τi—Φjκ,‚»‚Μ‘Ό
ή“,•”•i‚Λ‚η‚Ά,[μ,–LF,131083,“‹“s,]“‹ζ,–LF‚R’–Ϊ,2025/5/2,8,’“Τi—Φjκ,’“Τi—Φjκ,‚»‚Μ‘Ό
ή“,•”•i‚Λ‚η‚Ά,[μ,–LF,131083,“‹“s,]“‹ζ,–LF‚S’–Ϊ,2025/1/20,18,‚SK‚ΔΘγ‹¤“―Z‘ξ,’“Τi—Φjκ,ƒiƒ“ƒo[ƒvƒ[ƒg
ή“,•”•i‚Λ‚η‚Ά,[μ,–LF,131083,“‹“s,]“‹ζ,–LF‚S’–Ϊ,2025/9/14,12,‚»‚Μ‘Ό,‚»‚Μ‘Ό,‚»‚Μ‘Ό
ή“,•”•i‚Λ‚η‚Ά,[μ,–LF,131083,“‹“s,]“‹ζ,–LF‚U’–Ϊ,2025/11/14,8,‚SK‚ΔΘγ‹¤“―Z‘ξ,’“Τi—Φjκ,‚»‚Μ‘Ό
ή“,•”•i‚Λ‚η‚Ά,[μ,–ε‘O’‡’¬,131083,“‹“s,]“‹ζ,–ε‘O’‡’¬‚P’–Ϊ,2025/2/24,15,’“Τi—Φjκ,’“Τi—Φjκ,ƒiƒ“ƒo[ƒvƒ[ƒg
ή“,•”•i‚Λ‚η‚Ά,_“c,…“Ή‹΄‰w‘O,131016,“‹“s,η‘γ“c‹ζ,_“c‹Ρ’¬‚Q’–Ϊ,2025/6/18,20,‚»‚Μ‘Ό,’“Τi—Φjκ,‚»‚Μ‘Ό
ή“,•”•i‚Λ‚η‚Ά,–Ά‹΄,H—t΄,131016,“‹“s,η‘γ“c‹ζ,_“c‰Τ‰ª’¬,2025/3/9,17,‚»‚Μ‘Ό,’“Τi—Φjκ,ƒiƒ“ƒo[ƒvƒ[ƒg
ή“,•”•i‚Λ‚η‚Ά,–Ά‹΄,H—t΄,131016,“‹“s,η‘γ“c‹ζ,_“c‰Τ‰ª’¬,2025/12/1,9,‚»‚Μ‘Ό,’“Τi—Φjκ,‚»‚Μ‘Ό
ή“,•”•i‚Λ‚η‚Ά,’z’n,‹βΐκ’–Ϊ,131024,“‹“s,’†‰›‹ζ,‹βΐ‚P’–Ϊ,2025/3/18,16,’“Τi—Φjκ,’“Τi—Φjκ,‚»‚Μ‘Ό
ή“,•”•i‚Λ‚η‚Ά,’z’n,‹βΐκ’–Ϊ,131024,“‹“s,’†‰›‹ζ,‹βΐ‚P’–Ϊ,2025/11/13,10,’“Τi—Φjκ,’“Τi—Φjκ,‚»‚Μ‘Ό
ή“,•”•i‚Λ‚η‚Ά,“‡,’Ο,131024,“‹“s,’†‰›‹ζ,“‡‚S’–Ϊ,2025/2/26,6,“ΉHγ,‚»‚Μ‘Ό,ƒiƒ“ƒo[ƒvƒ[ƒg
ή“,•”•i‚Λ‚η‚Ά,“‡,’Ο,131024,“‹“s,’†‰›‹ζ,“‡‚S’–Ϊ,2025/11/10,21,κΛZ‘ξ,’“Τi—Φjκ,ƒiƒ“ƒo[ƒvƒ[ƒg
ή“,•”•i‚Λ‚η‚Ά,“‡,’Ο,131024,“‹“s,’†‰›‹ζ,’Ο‚P’–Ϊ,2025/2/22,11,κΛZ‘ξ,’“Τi—Φjκ,ƒiƒ“ƒo[ƒvƒ[ƒg
ή“,•”•i‚Λ‚η‚Ά,“‡,’Ο,131024,“‹“s,’†‰›‹ζ,’Ο‚Q’–Ϊ,2025/5/11,14,’“Τi—Φjκ,’“Τi—Φjκ,‚»‚Μ‘Ό
ή“,•”•i‚Λ‚η‚Ά,“‡,‚Η‚«‹΄,131024,“‹“s,’†‰›‹ζ,‚Η‚«‚T’–Ϊ,2025/6/6,18,‚SK‚ΔΘγ‹¤“―Z‘ξ,’“Τi—Φjκ,‚»‚Μ‘Ό
ή“,•”•i‚Λ‚η‚Ά,“‡,‚Η‚«‹΄,131024,“‹“s,’†‰›‹ζ,‚Η‚«‚T’–Ϊ,2025/7/26,22,‚SK‚ΔΘγ‹¤“―Z‘ξ,’“Τi—Φjκ,‚»‚Μ‘Ό
ή“,•”•i‚Λ‚η‚Ά,“‡,‚Η‚«‹΄,131024,“‹“s,’†‰›‹ζ,‚Η‚«‚T’–Ϊ,2025/10/4,15,‚SK‚ΔΘγ‹¤“―Z‘ξ,’“Τi—Φjκ,‚»‚Μ‘Ό
ή“,•”•i‚Λ‚η‚Ά,“‡,°CO’–Ϊ,131024,“‹“s,’†‰›‹ζ,°C‚P’–Ϊ,2025/5/4,14,‚SK‚ΔΘγ‹¤“―Z‘ξ,’“Τi—Φjκ,ƒiƒ“ƒo[ƒvƒ[ƒg
ή“,•”•i‚Λ‚η‚Ά,“‡,°CO’–Ϊ,131024,“‹“s,’†‰›‹ζ,°C‚P’–Ϊ,2025/12/16,13,’“Τi—Φjκ,’“Τi—Φjκ,‚»‚Μ‘Ό
ή“,•”•i‚Λ‚η‚Ά,“‡,°CO’–Ϊ,131024,“‹“s,’†‰›‹ζ,°C‚T’–Ϊ,2025/5/20,18,‚SK‚ΔΘγ‹¤“―Z‘ξ,’“Τi—Φjκ,‚»‚Μ‘Ό
ή“,•”•i‚Λ‚η‚Ά,¤“†,‘ε–ε,131032,“‹“s,`‹ζ,V‹΄‚U’–Ϊ,2025/12/24,6,‚SK‚ΔΘγ‹¤“―Z‘ξ,’“Τi—Φjκ,‚»‚Μ‘Ό
ή“,•”•i‚Λ‚η‚Ά,¤“†,“V‹΄,131032,“‹“s,`‹ζ,“V‹΄‚Q’–Ϊ,2025/11/3,14,“ΉHγ,‚»‚Μ‘Ό,‚»‚Μ‘Ό
ή“,•”•i‚Λ‚η‚Ά,O“c,O“c’Κ,131032,“‹“s,`‹ζ,Ε‚T’–Ϊ,2025/7/19,12,‚SK‚ΔΘγ‹¤“―Z‘ξ,‚»‚Μ‘Ό,‚»‚Μ‘Ό
ή“,•”•i‚Λ‚η‚Ά,O“c,Cέ’Κ,131032,“‹“s,`‹ζ,Cέ‚R’–Ϊ,2025/4/16,20,‚SK‚ΔΘγ‹¤“―Z‘ξ,’“Τi—Φjκ,‚»‚Μ‘Ό
ή“,•”•i‚Λ‚η‚Ά,‚—Φ,•iμ‰w`“μϋ,131032,“‹“s,`‹ζ,`“μ‚R’–Ϊ,2025/4/1,•s–Ύ,‚SK‚ΔΘγ‹¤“―Z‘ξ,’“Τi—Φjκ,ƒiƒ“ƒo[ƒvƒ[ƒg
ή“,•”•i‚Λ‚η‚Ά,‚—Φ,•iμ‰w`“μϋ,131032,“‹“s,`‹ζ,`“μ‚R’–Ϊ,2025/5/15,21,‚SK‚ΔΘγ‹¤“―Z‘ξ,’“Τi—Φjκ,ƒiƒ“ƒo[ƒvƒ[ƒg
ή“,•”•i‚Λ‚η‚Ά,‚—Φ,•iμ‰w`“μϋ,131032,“‹“s,`‹ζ,`“μ‚R’–Ϊ,2025/5/16,3,‚SK‚ΔΘγ‹¤“―Z‘ξ,’“Τi—Φjκ,ƒiƒ“ƒo[ƒvƒ[ƒg
ή“,•”•i‚Λ‚η‚Ά,‚—Φ,•iμ‰w`“μϋ,131032,“‹“s,`‹ζ,`“μ‚S’–Ϊ,2025/5/15,17,‚SK‚ΔΘγ‹¤“―Z‘ξ,’“Τi—Φjκ,‚»‚Μ‘Ό
ή“,•”•i‚Λ‚η‚Ά,‚—Φ,•iμ‰w`“μϋ,131032,“‹“s,`‹ζ,`“μ‚S’–Ϊ,2025/10/1,1,‚SK‚ΔΘγ‹¤“―Z‘ξ,’“Τi—Φjκ,‚»‚Μ‘Ό
ή“,•”•i‚Λ‚η‚Ά,‚—Φ,•iμ‰w‚—Φϋ,131032,“‹“s,`‹ζ,‚—Φ‚P’–Ϊ,2025/8/13,20,‚SK‚ΔΘγ‹¤“―Z‘ξ,’“Τi—Φjκ,‚»‚Μ‘Ό
ή“,•”•i‚Λ‚η‚Ά,‚—Φ,΄³φ‘O,131032,“‹“s,`‹ζ,‚—Φ‚P’–Ϊ,2025/12/14,17,‚SK‚ΔΘγ‹¤“―Z‘ξ,’“Τi—Φjκ,‚»‚Μ‘Ό
ή“,•”•i‚Λ‚η‚Ά,‚—Φ,”’‹ΰOυ’¬,131032,“‹“s,`‹ζ,”’‹ΰ‚R’–Ϊ,2025/7/18,21,‚SK‚ΔΘγ‹¤“―Z‘ξ,’“Τi—Φjκ,‚»‚Μ‘Ό
ή“,•”•i‚Λ‚η‚Ά,‚—Φ,‚—Φ‘δ,131032,“‹“s,`‹ζ,”’‹ΰ‚P’–Ϊ,2025/1/31,17,‚SK‚ΔΘγ‹¤“―Z‘ξ,‚»‚Μ‘Ό,‚»‚Μ‘Ό
ή“,•”•i‚Λ‚η‚Ά,–ƒ•z,κ”V‹΄,131032,“‹“s,`‹ζ,–ƒ•z\”Τ‚S’–Ϊ,2025/10/7,13,‚SK‚ΔΘγ‹¤“―Z‘ξ,‚»‚Μ‘Ό,‚»‚Μ‘Ό
ή“,•”•i‚Λ‚η‚Ά,–ƒ•z,Z–{–ΨZ’–Ϊ,131032,“‹“s,`‹ζ,Z–{–Ψ‚U’–Ϊ,2025/4/14,17,‚»‚Μ‘Ό,’“Τi—Φjκ,‚»‚Μ‘Ό
ή“,•”•i‚Λ‚η‚Ά,–ƒ•z,Z–{–ΨZ’–Ϊ,131032,“‹“s,`‹ζ,Z–{–Ψ‚U’–Ϊ,2025/7/23,8,‚»‚Μ‘Ό,’“Τi—Φjκ,‚»‚Μ‘Ό
ή“,•”•i‚Λ‚η‚Ά,Τβ,ΒRκ’–Ϊ,131032,“‹“s,`‹ζ,–kΒR‚P’–Ϊ,2025/4/17,15,‚SK‚ΔΘγ‹¤“―Z‘ξ,’“Τi—Φjκ,ƒiƒ“ƒo[ƒvƒ[ƒg
ή“,•”•i‚Λ‚η‚Ά,“‹pέ,‚¨‘δκC•lφ‰€‰w‘O,131032,“‹“s,`‹ζ,‘δκ‚P’–Ϊ,2025/11/7,23,‚»‚Μ‘Ό,’“Τi—Φjκ,ƒiƒ“ƒo[ƒvƒ[ƒg
ή“,•”•i‚Λ‚η‚Ά,“‹pέ,‘ε“csκ‘O,131113,“‹“s,‘ε“c‹ζ,ι“μ“‡‚U’–Ϊ,2025/2/10,6,’“Τi—Φjκ,’“Τi—Φjκ,‚»‚Μ‘Ό
ή“,•”•i‚Λ‚η‚Ά,“‹pέ,‘ε“csκ‘O,131113,“‹“s,‘ε“c‹ζ,“C‚R’–Ϊ,2025/10/14,12,‚»‚Μ‘Ό,’“Τi—Φjκ,‚»‚Μ‘Ό
ή“,•”•i‚Λ‚η‚Ά,“‹pέ,‘ε“csκ‘O,131113,“‹“s,‘ε“c‹ζ,“C‚R’–Ϊ,2025/12/24,16,’“Τi—Φjκ,’“Τi—Φjκ,‚»‚Μ‘Ό
ή“,•”•i‚Λ‚η‚Ά,“‹pέ,V–Ψκ‰w‘O,131083,“‹“s,]“‹ζ,V–Ψκ‚R’–Ϊ,2024/10/1,•s–Ύ,“ΉHγ,‚»‚Μ‘Ό,ƒiƒ“ƒo[ƒvƒ[ƒg
ή“,•”•i‚Λ‚η‚Ά,“‹pέ,V–Ψκ‰w‘O,131083,“‹“s,]“‹ζ,–²‚Μ“‡‚R’–Ϊ,2025/5/28,17,‚»‚Μ‘Ό,’“Τi—Φjκ,‚»‚Μ‘Ό
ή“,•”•i‚Λ‚η‚Ά,“‹pέ,‘ζά‘δκ,131091,“‹“s,•iμ‹ζ,”ª’ª‚R’–Ϊ,2025/12/7,13,‚»‚Μ‘Ό,’“Τi—Φjκ,‚»‚Μ‘Ό
ή“,•”•i‚Λ‚η‚Ά,“‹pέ,’C–¤,131083,“‹“s,]“‹ζ,’C–¤‚P’–Ϊ,2025/1/11,14,‚SK‚ΔΘγ‹¤“―Z‘ξ,’“Τi—Φjκ,‚»‚Μ‘Ό
ή“,•”•i‚Λ‚η‚Ά,“‹pέ,’C–¤,131083,“‹“s,]“‹ζ,’C–¤‚P’–Ϊ,2025/9/16,8,‚»‚Μ‘Ό,’“Τi—Φjκ,‚»‚Μ‘Ό
ή“,•”•i‚Λ‚η‚Ά,“‹pέ,“s‹΄,131083,“‹“s,]“‹ζ,—L–Ύ‚P’–Ϊ,2025/4/22,7,‚»‚Μ‘Ό,’“Τi—Φjκ,‚»‚Μ‘Ό
ή“,•”•i‚Λ‚η‚Ά,“‹pέ,“s‹΄,131083,“‹“s,]“‹ζ,—L–Ύ‚Q’–Ϊ,2025/10/18,9,‚»‚Μ‘Ό,’“Τi—Φjκ,‚»‚Μ‘Ό
ή“,•”•i‚Λ‚η‚Ά,“‹pέ,“s‹΄,131083,“‹“s,]“‹ζ,—L–Ύ‚R’–Ϊ,2024/12/27,15,‚»‚Μ‘Ό,’“Τi—Φjκ,‚»‚Μ‘Ό
ή“,•”•i‚Λ‚η‚Ά,“‹pέ,“s‹΄,131083,“‹“s,]“‹ζ,“‰_‚Q’–Ϊ,2025/1/20,8,‚SK‚ΔΘγ‹¤“―Z‘ξ,’“Τi—Φjκ,‚»‚Μ‘Ό
ή“,•”•i‚Λ‚η‚Ά,“‹pέ,“s‹΄,131083,“‹“s,]“‹ζ,“‰_‚Q’–Ϊ,2025/5/30,23,’“Τi—Φjκ,’“Τi—Φjκ,‚»‚Μ‘Ό
ή“,•”•i‚Λ‚η‚Ά,•iμ,“V‰¤F,131091,“‹“s,•iμ‹ζ,“•iμ‚R’–Ϊ,2025/9/22,0,‚SK‚ΔΘγ‹¤“―Z‘ξ,’“Τi—Φjκ,ƒiƒ“ƒo[ƒvƒ[ƒg
ή“,•”•i‚Λ‚η‚Ά,‘εδ,”ª’ª’c’n,131091,“‹“s,•iμ‹ζ,”ª’ª‚T’–Ϊ,2025/6/4,18,‚SK‚ΔΘγ‹¤“―Z‘ξ,’“Τi—Φjκ,‚»‚Μ‘Ό
ή“,•”•i‚Λ‚η‚Ά,‘εδ,”ª’ª’c’n,131091,“‹“s,•iμ‹ζ,”ª’ª‚T’–Ϊ,2025/12/4,8,‚SK‚ΔΘγ‹¤“―Z‘ξ,’“Τi—Φjκ,ƒ^ƒCƒ„EƒzƒC[ƒ‹
ή“,•”•i‚Λ‚η‚Ά,‘εδ,“μ‘εδ,131091,“‹“s,•iμ‹ζ,“μ‘εδ‚S’–Ϊ,2025/12/8,21,“ΉHγ,‚»‚Μ‘Ό,‚»‚Μ‘Ό
ή“,•”•i‚Λ‚η‚Ά,‘εδ,—§‰ομ,131091,“‹“s,•iμ‹ζ,“‡‚Q’–Ϊ,2025/5/30,10,‚»‚Μ‘Ό,’“Τi—Φjκ,‚»‚Μ‘Ό
ή“,•”•i‚Λ‚η‚Ά,‘εδ,—§‰ομ,131091,“‹“s,•iμ‹ζ,“μ‘εδ‚Q’–Ϊ,2025/5/16,9,‚»‚Μ‘Ό,‚»‚Μ‘Ό,‚»‚Μ‘Ό
ή“,•”•i‚Λ‚η‚Ά,‘εδ,—§‰ομ,131091,“‹“s,•iμ‹ζ,“μ‘εδ‚T’–Ϊ,2025/10/30,19,‚SK‚ΔΘγ‹¤“―Z‘ξ,’“Τi—Φjκ,‚»‚Μ‘Ό
ή“,•”•i‚Λ‚η‚Ά,‘εδ,­“‡_Π‘O,131091,“‹“s,•iμ‹ζ,‘εδ‚S’–Ϊ,2025/4/1,0,‚»‚Μ‘Ό‚ΜZ‘ξi‚RK‚ΔΘ‰Ί‹¤“―Z‘ξ“™j,’“Τi—Φjκ,ƒiƒ“ƒo[ƒvƒ[ƒg
ή“,•”•i‚Λ‚η‚Ά,‘εδ,­“‡_Π‘O,131091,“‹“s,•iμ‹ζ,‘εδ‚V’–Ϊ,2025/5/9,2,‚»‚Μ‘Ό‚ΜZ‘ξi‚RK‚ΔΘ‰Ί‹¤“―Z‘ξ“™j,‚»‚Μ‘Ό,ƒiƒ“ƒo[ƒvƒ[ƒg
ή“,•”•i‚Λ‚η‚Ά,‘εθ,ά”½“c‰w‘O,131091,“‹“s,•iμ‹ζ,Όά”½“c‚R’–Ϊ,2025/2/9,2,‚SK‚ΔΘγ‹¤“―Z‘ξ,’“Τi—Φjκ,‚»‚Μ‘Ό
ή“,•”•i‚Λ‚η‚Ά,‘εθ,‘εθ‰w‘O,131091,“‹“s,•iμ‹ζ,‘εθ‚Q’–Ϊ,2025/8/26,12,‚»‚Μ‘Ό,’“Τi—Φjκ,‚»‚Μ‘Ό
ή“,•”•i‚Λ‚η‚Ά,‰`΄,•½’Λ‹΄,131091,“‹“s,•iμ‹ζ,Ό’†‰„‚P’–Ϊ,2025/8/30,21,‚SK‚ΔΘγ‹¤“―Z‘ξ,’“Τi—Φjκ,‚»‚Μ‘Ό
ή“,•”•i‚Λ‚η‚Ά,‰`΄,•½’Λ‹΄,131091,“‹“s,•iμ‹ζ,•½’Λ‚Q’–Ϊ,2025/9/26,15,‚SK‚ΔΘγ‹¤“―Z‘ξ,’“Τi—Φjκ,ƒiƒ“ƒo[ƒvƒ[ƒg
ή“,•”•i‚Λ‚η‚Ά,‰`΄,Λ‰z,131091,“‹“s,•iμ‹ζ,•½’Λ‚P’–Ϊ,2025/6/27,17,κΛZ‘ξ,’“Τi—Φjκ,ƒiƒ“ƒo[ƒvƒ[ƒg
ή“,•”•i‚Λ‚η‚Ά,‰`΄,•‘ ¬R,131091,“‹“s,•iμ‹ζ,¬R‚S’–Ϊ,2025/4/11,11,‚SK‚ΔΘγ‹¤“―Z‘ξ,’“Τi—Φjκ,‚»‚Μ‘Ό
ή“,•”•i‚Λ‚η‚Ά,‰`΄,‰`΄’†‰„‰w‘O,131091,“‹“s,•iμ‹ζ,Ό’†‰„‚P’–Ϊ,2025/1/30,16,‚SK‚ΔΘγ‹¤“―Z‘ξ,’“Τi—Φjκ,‚»‚Μ‘Ό
ή“,•”•i‚Λ‚η‚Ά,‰`΄,‰`΄’†‰„‰w‘O,131091,“‹“s,•iμ‹ζ,Ό’†‰„‚Q’–Ϊ,2025/2/3,14,‚»‚Μ‘Ό,’“Τi—Φjκ,‚»‚Μ‘Ό
ή“,•”•i‚Λ‚η‚Ά,‘εX,‘εXCέ,131113,“‹“s,‘ε“c‹ζ,‘εX“‚P’–Ϊ,2025/4/19,18,‚SK‚ΔΘγ‹¤“―Z‘ξ,’“Τi—Φjκ,ƒiƒ“ƒo[ƒvƒ[ƒg
ή“,•”•i‚Λ‚η‚Ά,‘εX,‘εXCέ,131113,“‹“s,‘ε“c‹ζ,•½a“‡‚P’–Ϊ,2025/9/30,10,’“Τi—Φjκ,’“Τi—Φjκ,‚»‚Μ‘Ό
ή“,•”•i‚Λ‚η‚Ά,‘εX,‘εXΌ,131113,“‹“s,‘ε“c‹ζ,‘εXΌ‚P’–Ϊ,2025/10/4,16,‚»‚Μ‘Ό,’“Τi—Φjκ,ƒiƒ“ƒo[ƒvƒ[ƒg
ή“,•”•i‚Λ‚η‚Ά,‘εX,‘εXΌ,131113,“‹“s,‘ε“c‹ζ,‘εXΌ‚Q’–Ϊ,2025/8/8,17,’“Τi—Φjκ,’“Τi—Φjκ,ƒiƒ“ƒo[ƒvƒ[ƒg
ή“,•”•i‚Λ‚η‚Ά,‘εX,‘εXΌ,131113,“‹“s,‘ε“c‹ζ,‘εXΌ‚R’–Ϊ,2025/10/13,22,‚SK‚ΔΘγ‹¤“―Z‘ξ,’“Τi—Φjκ,‚»‚Μ‘Ό
ή“,•”•i‚Λ‚η‚Ά,‘εX,‘εXΌ,131113,“‹“s,‘ε“c‹ζ,‘εXΌ‚U’–Ϊ,2025/9/3,14,‚»‚Μ‘Ό,’“Τi—Φjκ,‚»‚Μ‘Ό
ή“,•”•i‚Λ‚η‚Ά,‘εX,‘εX‰w‘O,131113,“‹“s,‘ε“c‹ζ,‘εX–k‚P’–Ϊ,2025/4/7,2,“ΉHγ,‚»‚Μ‘Ό,‚»‚Μ‘Ό
ή“,•”•i‚Λ‚η‚Ά,‘εX,R‰¤,131113,“‹“s,‘ε“c‹ζ,R‰¤‚Q’–Ϊ,2025/1/15,11,‚»‚Μ‘Ό,’“Τi—Φjκ,‚»‚Μ‘Ό
ή“,•”•i‚Λ‚η‚Ά,‘εX,t“ϊ‹΄,131113,“‹“s,‘ε“c‹ζ,‘εX“μ‚S’–Ϊ,2025/9/6,18,‚»‚Μ‘Ό,’“Τi—Φjκ,ƒiƒ“ƒo[ƒvƒ[ƒg
ή“,•”•i‚Λ‚η‚Ά,‘εX,XƒPθ,131113,“‹“s,‘ε“c‹ζ,‘εX“‚T’–Ϊ,2025/3/25,15,κΛZ‘ξ,‚»‚Μ‘Ό,ƒiƒ“ƒo[ƒvƒ[ƒg
ή“,•”•i‚Λ‚η‚Ά,‘εX,XƒPθ,131113,“‹“s,‘ε“c‹ζ,‘εX“μ‚Q’–Ϊ,2025/6/18,18,‚SK‚ΔΘγ‹¤“―Z‘ξ,’“Τi—Φjκ,‚»‚Μ‘Ό
ή“,•”•i‚Λ‚η‚Ά,‘εX,XƒPθ,131113,“‹“s,‘ε“c‹ζ,‘εX“μ‚Q’–Ϊ,2025/9/7,11,‚»‚Μ‘Ό,‚»‚Μ‘Ό,ƒiƒ“ƒo[ƒvƒ[ƒg
ή“,•”•i‚Λ‚η‚Ά,‘εX,’JΛ,131113,“‹“s,‘ε“c‹ζ,‘εX’†‚R’–Ϊ,2025/6/21,10,‚»‚Μ‘Ό‚ΜZ‘ξi‚RK‚ΔΘ‰Ί‹¤“―Z‘ξ“™j,’“Τi—Φjκ,‚»‚Μ‘Ό
ή“,•”•i‚Λ‚η‚Ά,‘εX,’JΛ,131113,“‹“s,‘ε“c‹ζ,‘εX’†‚R’–Ϊ,2025/6/30,12,κΛZ‘ξ,‚»‚Μ‘Ό,ƒiƒ“ƒo[ƒvƒ[ƒg
ή“,•”•i‚Λ‚η‚Ά,‘εX,’JΛ,131113,“‹“s,‘ε“c‹ζ,‘εX’†‚R’–Ϊ,2025/7/31,17,’“Τi—Φjκ,’“Τi—Φjκ,ƒiƒ“ƒo[ƒvƒ[ƒg
ή“,•”•i‚Λ‚η‚Ά,‘εX,’JΛ,131113,“‹“s,‘ε“c‹ζ,‘εXΌ‚Q’–Ϊ,2025/8/9,16,‚»‚Μ‘Ό,’“Τi—Φjκ,ƒiƒ“ƒo[ƒvƒ[ƒg
ή“,•”•i‚Λ‚η‚Ά,“c‰€’²•z,—δ,131113,“‹“s,‘ε“c‹ζ,–k—δ’¬,2025/10/25,15,‚»‚Μ‘Ό,‚»‚Μ‘Ό,‚»‚Μ‘Ό
ή“,•”•i‚Λ‚η‚Ά,“c‰€’²•z,τ‘«’r,131113,“‹“s,‘ε“c‹ζ,“α’J‚R’–Ϊ,2025/2/15,•s–Ύ,‚»‚Μ‘Ό‚ΜZ‘ξi‚RK‚ΔΘ‰Ί‹¤“―Z‘ξ“™j,’“Τi—Φjκ,ƒiƒ“ƒo[ƒvƒ[ƒg
ή“,•”•i‚Λ‚η‚Ά,“c‰€’²•z,“ΉX‹΄,131113,“‹“s,‘ε“c‹ζ,“α’J‚S’–Ϊ,2025/9/8,14,‚»‚Μ‘Ό‚ΜZ‘ξi‚RK‚ΔΘ‰Ί‹¤“―Z‘ξ“™j,’“Τi—Φjκ,ƒiƒ“ƒo[ƒvƒ[ƒg
ή“,•”•i‚Λ‚η‚Ά,“c‰€’²•z,“ΉX‹΄,131113,“‹“s,‘ε“c‹ζ,“α’J‚T’–Ϊ,2025/8/4,20,“ΉHγ,‚»‚Μ‘Ό,‚»‚Μ‘Ό
ή“,•”•i‚Λ‚η‚Ά,—“c,‹‹}—“c‰w‘O,131113,“‹“s,‘ε“c‹ζ,“—“c‚P’–Ϊ,2025/1/7,16,‚»‚Μ‘Ό‚ΜZ‘ξi‚RK‚ΔΘ‰Ί‹¤“―Z‘ξ“™j,‚»‚Μ‘Ό,‚»‚Μ‘Ό
ή“,•”•i‚Λ‚η‚Ά,—“c,‹‹}—“c‰w‘O,131113,“‹“s,‘ε“c‹ζ,“—“c‚P’–Ϊ,2025/7/1,20,’“Τi—Φjκ,’“Τi—Φjκ,ƒiƒ“ƒo[ƒvƒ[ƒg
ή“,•”•i‚Λ‚η‚Ά,—“c,–kβο’J,131113,“‹“s,‘ε“c‹ζ,‘εX“μ‚P’–Ϊ,2025/9/8,17,κΛZ‘ξ,’“Τi—Φjκ,‚»‚Μ‘Ό
ή“,•”•i‚Λ‚η‚Ά,—“c,–kβο’J,131113,“‹“s,‘ε“c‹ζ,‘εX“μ‚P’–Ϊ,2025/9/8,21,κΛZ‘ξ,‚»‚Μ‘Ό,‚»‚Μ‘Ό
ή“,•”•i‚Λ‚η‚Ά,—“c,–kβο’J,131113,“‹“s,‘ε“c‹ζ,“βο’J‚U’–Ϊ,2025/5/15,16,‚SK‚ΔΘγ‹¤“―Z‘ξ,’“Τi—Φjκ,ƒ^ƒCƒ„EƒzƒC[ƒ‹
ή“,•”•i‚Λ‚η‚Ά,—“c,‘ε’Ή‹,131113,“‹“s,‘ε“c‹ζ,‰H“c‚P’–Ϊ,2025/1/20,18,‚SK‚ΔΘγ‹¤“―Z‘ξ,’“Τi—Φjκ,‚»‚Μ‘Ό
ή“,•”•i‚Λ‚η‚Ά,—“c,‘ε’Ή‹,131113,“‹“s,‘ε“c‹ζ,‰H“c‚U’–Ϊ,2025/10/27,15,’“Τi—Φjκ,’“Τi—Φjκ,ƒiƒ“ƒo[ƒvƒ[ƒg
ή“,•”•i‚Λ‚η‚Ά,—“c,‘ε’Ή‹,131113,“‹“s,‘ε“c‹ζ,‰H“c®’¬,2025/8/29,7,‚»‚Μ‘Ό,’“Τi—Φjκ,‚»‚Μ‘Ό
ή“,•”•i‚Λ‚η‚Ά,—“c,“ϊ‚Μo’Κ,131113,“‹“s,‘ε“c‹ζ,“μ—“c‚Q’–Ϊ,2025/2/3,15,‚»‚Μ‘Ό,‚»‚Μ‘Ό,ƒiƒ“ƒo[ƒvƒ[ƒg
ή“,•”•i‚Λ‚η‚Ά,—“c,“ϊ‚Μo’Κ,131113,“‹“s,‘ε“c‹ζ,“μ—“c‚Q’–Ϊ,2025/5/16,8,‚»‚Μ‘Ό,’“Τi—Φjκ,‚»‚Μ‘Ό
ή“,•”•i‚Λ‚η‚Ά,—“c,–{‰H“c,131113,“‹“s,‘ε“c‹ζ,–{‰H“c‚P’–Ϊ,2025/2/1,10,‚»‚Μ‘Ό,’“Τi—Φjκ,ƒiƒ“ƒo[ƒvƒ[ƒg
ή“,•”•i‚Λ‚η‚Ά,—“c,–{‰H“c,131113,“‹“s,‘ε“c‹ζ,–{‰H“c‚P’–Ϊ,2025/7/12,1,κΛZ‘ξ,’“Τi—Φjκ,‚»‚Μ‘Ό
ή“,•”•i‚Λ‚η‚Ά,—“c,“Z‹½,131113,“‹“s,‘ε“c‹ζ,’‡Z‹½‚S’–Ϊ,2025/2/10,19,’“Τi—Φjκ,’“Τi—Φjκ,ƒiƒ“ƒo[ƒvƒ[ƒg
ή“,•”•i‚Λ‚η‚Ά,—“c,“Z‹½,131113,“‹“s,‘ε“c‹ζ,“Z‹½‚R’–Ϊ,2025/2/10,23,‚SK‚ΔΘγ‹¤“―Z‘ξ,’“Τi—Φjκ,ƒiƒ“ƒo[ƒvƒ[ƒg
ή“,•”•i‚Λ‚η‚Ά,—“c,“Z‹½,131113,“‹“s,‘ε“c‹ζ,“μZ‹½‚Q’–Ϊ,2025/10/4,21,‚SK‚ΔΘγ‹¤“―Z‘ξ,’“Τi—Φjκ,ƒiƒ“ƒo[ƒvƒ[ƒg
ή“,•”•i‚Λ‚η‚Ά,—“c,“Z‹½,131113,“‹“s,‘ε“c‹ζ,“μZ‹½‚Q’–Ϊ,2025/10/11,9,‚SK‚ΔΘγ‹¤“―Z‘ξ,’“Τi—Φjκ,ƒiƒ“ƒo[ƒvƒ[ƒg
ή“,•”•i‚Λ‚η‚Ά,—“c,“Z‹½,131113,“‹“s,‘ε“c‹ζ,“μZ‹½‚R’–Ϊ,2025/1/13,20,‚SK‚ΔΘγ‹¤“―Z‘ξ,’“Τi—Φjκ,‚»‚Μ‘Ό
ή“,•”•i‚Λ‚η‚Ά,—“c,—“c‰w“ϋ,131113,“‹“s,‘ε“c‹ζ,—“c‚T’–Ϊ,2025/8/3,9,’“Τi—Φjκ,’“Τi—Φjκ,‚»‚Μ‘Ό
ή“,•”•i‚Λ‚η‚Ά,—“c,—“c‰w“ϋ,131113,“‹“s,‘ε“c‹ζ,—“c‚T’–Ϊ,2025/9/18,11,’“Τi—Φjκ,’“Τi—Φjκ,‚»‚Μ‘Ό
ή“,•”•i‚Λ‚η‚Ά,—“c,—“c‰w“ϋ,131113,“‹“s,‘ε“c‹ζ,—“c–{’¬‚P’–Ϊ,2025/9/7,21,‚SK‚ΔΘγ‹¤“―Z‘ξ,’“Τi—Φjκ,‚»‚Μ‘Ό
ή“,•”•i‚Λ‚η‚Ά,—“c,—“c‰wΌϋ,131113,“‹“s,‘ε“c‹ζ,Ό—“c‚U’–Ϊ,2025/11/18,18,‚»‚Μ‘Ό‚ΜZ‘ξi‚RK‚ΔΘ‰Ί‹¤“―Z‘ξ“™j,‚»‚Μ‘Ό,‚»‚Μ‘Ό
ή“,•”•i‚Λ‚η‚Ά,—“c,ΌZ‹½,131113,“‹“s,‘ε“c‹ζ,V—“c‚Q’–Ϊ,2025/7/31,19,‚SK‚ΔΘγ‹¤“―Z‘ξ,’“Τi—Φjκ,ƒ^ƒCƒ„EƒzƒC[ƒ‹
ή“,•”•i‚Λ‚η‚Ά,—“c,ΌZ‹½,131113,“‹“s,‘ε“c‹ζ,ΌZ‹½‚P’–Ϊ,2025/1/18,13,κΛZ‘ξ,‚»‚Μ‘Ό,‚»‚Μ‘Ό
ή“,•”•i‚Λ‚η‚Ά,—“c,ΌZ‹½,131113,“‹“s,‘ε“c‹ζ,ΌZ‹½‚Q’–Ϊ,2025/2/4,19,κΛZ‘ξ,‚»‚Μ‘Ό,‚»‚Μ‘Ό
ή“,•”•i‚Λ‚η‚Ά,—“c,ΌZ‹½,131113,“‹“s,‘ε“c‹ζ,ΌZ‹½‚S’–Ϊ,2024/12/27,19,‚SK‚ΔΘγ‹¤“―Z‘ξ,’“Τi—Φjκ,‚»‚Μ‘Ό
ή“,•”•i‚Λ‚η‚Ά,—“c,ΌZ‹½,131113,“‹“s,‘ε“c‹ζ,ΌZ‹½‚S’–Ϊ,2025/5/19,17,‚SK‚ΔΘγ‹¤“―Z‘ξ,’“Τi—Φjκ,ƒiƒ“ƒo[ƒvƒ[ƒg
ή“,•”•i‚Λ‚η‚Ά,—“c,ΌZ‹½,131113,“‹“s,‘ε“c‹ζ,ΌZ‹½‚S’–Ϊ,2025/5/22,20,’“Τi—Φjκ,’“Τi—Φjκ,ƒiƒ“ƒo[ƒvƒ[ƒg
ή“,•”•i‚Λ‚η‚Ά,—“c,GF,131113,“‹“s,‘ε“c‹ζ,’‡Z‹½‚Q’–Ϊ,2025/5/6,14,‚»‚Μ‘Ό,’“Τi—Φjκ,‚»‚Μ‘Ό
ή“,•”•i‚Λ‚η‚Ά,—“c,GF,131113,“‹“s,‘ε“c‹ζ,’‡Z‹½‚Q’–Ϊ,2025/6/7,8,κΛZ‘ξ,’“Τi—Φjκ,ƒiƒ“ƒo[ƒvƒ[ƒg
ή“,•”•i‚Λ‚η‚Ά,—“c,GF,131113,“‹“s,‘ε“c‹ζ,’‡Z‹½‚R’–Ϊ,2025/6/6,16,’“Τi—Φjκ,’“Τi—Φjκ,ƒiƒ“ƒo[ƒvƒ[ƒg
ή“,•”•i‚Λ‚η‚Ά,—“c,GF,131113,“‹“s,‘ε“c‹ζ,ΌZ‹½‚P’–Ϊ,2025/9/14,23,κΛZ‘ξ,‚»‚Μ‘Ό,‚»‚Μ‘Ό
ή“,•”•i‚Λ‚η‚Ά,—“c,GF,131113,“‹“s,‘ε“c‹ζ,“Z‹½‚P’–Ϊ,2025/3/15,20,‚SK‚ΔΘγ‹¤“―Z‘ξ,’“Τi—Φjκ,‚»‚Μ‘Ό
ή“,•”•i‚Λ‚η‚Ά,’rγ,ƒKƒX‹΄,131113,“‹“s,‘ε“c‹ζ,‰ΊΫq‚Q’–Ϊ,2025/2/9,18,“ΉHγ,‚»‚Μ‘Ό,‚»‚Μ‘Ό
ή“,•”•i‚Λ‚η‚Ά,’rγ,ƒKƒX‹΄,131113,“‹“s,‘ε“c‹ζ,‰ΊΫq‚R’–Ϊ,2025/11/4,18,’“Τi—Φjκ,’“Τi—Φjκ,ƒiƒ“ƒo[ƒvƒ[ƒg
ή“,•”•i‚Λ‚η‚Ά,’rγ,ƒKƒX‹΄,131113,“‹“s,‘ε“c‹ζ,‰ΊΫq‚R’–Ϊ,2025/11/5,1,’“Τi—Φjκ,’“Τi—Φjκ,ƒiƒ“ƒo[ƒvƒ[ƒg
ή“,•”•i‚Λ‚η‚Ά,’rγ,ƒKƒX‹΄,131113,“‹“s,‘ε“c‹ζ,–ξϋ‚P’–Ϊ,2025/8/25,20,‚SK‚ΔΘγ‹¤“―Z‘ξ,’“Τi—Φjκ,‚»‚Μ‘Ό
ή“,•”•i‚Λ‚η‚Ά,’rγ,O–{Ό,131113,“‹“s,‘ε“c‹ζ,R‰¤‚S’–Ϊ,2025/8/8,21,κΛZ‘ξ,’“Τi—Φjκ,ƒiƒ“ƒo[ƒvƒ[ƒg
ή“,•”•i‚Λ‚η‚Ά,’rγ,O–{Ό,131113,“‹“s,‘ε“c‹ζ,“”n‚P’–Ϊ,2025/3/26,18,“ΉHγ,‚»‚Μ‘Ό,‚»‚Μ‘Ό
ή“,•”•i‚Λ‚η‚Ά,’rγ,‹v‚ª΄,131113,“‹“s,‘ε“c‹ζ,‹v‚ª΄‚U’–Ϊ,2025/10/2,15,κΛZ‘ξ,’“Τi—Φjκ,‚»‚Μ‘Ό
ή“,•”•i‚Λ‚η‚Ά,’rγ,η’Ή,131113,“‹“s,‘ε“c‹ζ,η’Ή‚R’–Ϊ,2025/3/7,9,‚»‚Μ‘Ό,’“Τi—Φjκ,‚»‚Μ‘Ό
ή“,•”•i‚Λ‚η‚Ά,’rγ,η’Ή,131113,“‹“s,‘ε“c‹ζ,–ξϋ‚P’–Ϊ,2025/2/16,18,‚SK‚ΔΘγ‹¤“―Z‘ξ,’“Τi—Φjκ,‚»‚Μ‘Ό
ή“,•”•i‚Λ‚η‚Ά,’rγ,“μ”n,131113,“‹“s,‘ε“c‹ζ,“μ”n‚P’–Ϊ,2025/1/15,12,‚»‚Μ‘Ό‚ΜZ‘ξi‚RK‚ΔΘ‰Ί‹¤“―Z‘ξ“™j,‚»‚Μ‘Ό,ƒiƒ“ƒo[ƒvƒ[ƒg
ή“,•”•i‚Λ‚η‚Ά,’rγ,“μ”n,131113,“‹“s,‘ε“c‹ζ,“μ”n‚P’–Ϊ,2025/6/8,12,‚»‚Μ‘Ό‚ΜZ‘ξi‚RK‚ΔΘ‰Ί‹¤“―Z‘ξ“™j,’“Τi—Φjκ,ƒiƒ“ƒo[ƒvƒ[ƒg
ή“,•”•i‚Λ‚η‚Ά,’rγ,“μ”n,131113,“‹“s,‘ε“c‹ζ,“μ”n‚R’–Ϊ,2025/8/9,16,’“Τi—Φjκ,’“Τi—Φjκ,ƒiƒ“ƒo[ƒvƒ[ƒg
ή“,•”•i‚Λ‚η‚Ά,’rγ,’rγ‰w‘O,131113,“‹“s,‘ε“c‹ζ,’rγ‚R’–Ϊ,2025/2/18,10,‚»‚Μ‘Ό,’“Τi—Φjκ,‚»‚Μ‘Ό
ή“,•”•i‚Λ‚η‚Ά,’rγ,’rγ‰w‘O,131113,“‹“s,‘ε“c‹ζ,“–ξϋ‚Q’–Ϊ,2025/3/28,19,‚SK‚ΔΘγ‹¤“―Z‘ξ,’“Τi—Φjκ,‚»‚Μ‘Ό
ή“,•”•i‚Λ‚η‚Ά,’rγ,@ΐ,131113,“‹“s,‘ε“c‹ζ,Ό—“c‚R’–Ϊ,2025/7/16,18,‚»‚Μ‘Ό‚ΜZ‘ξi‚RK‚ΔΘ‰Ί‹¤“―Z‘ξ“™j,’“Τi—Φjκ,ƒiƒ“ƒo[ƒvƒ[ƒg
ή“,•”•i‚Λ‚η‚Ά,Ά“c’J,Oh,131121,“‹“s,Ά“c’J‹ζ,Oh‚Q’–Ϊ,2024/9/27,20,κΛZ‘ξ,’“Τi—Φjκ,ƒiƒ“ƒo[ƒvƒ[ƒg
ή“,•”•i‚Λ‚η‚Ά,Ά“c’J,O¬’ƒ‰®,131121,“‹“s,Ά“c’J‹ζ,Oh‚P’–Ϊ,2025/4/6,17,‚»‚Μ‘Ό‚ΜZ‘ξi‚RK‚ΔΘ‰Ί‹¤“―Z‘ξ“™j,‚»‚Μ‘Ό,ƒ^ƒCƒ„EƒzƒC[ƒ‹
ή“,•”•i‚Λ‚η‚Ά,Ά“c’J,γ”n,131121,“‹“s,Ά“c’J‹ζ,γ”n‚R’–Ϊ,2025/7/20,11,“ΉHγ,‚»‚Μ‘Ό,‚»‚Μ‘Ό
ή“,•”•i‚Λ‚η‚Ά,Ά“c’J,γ”n,131121,“‹“s,Ά“c’J‹ζ,‹ξ‘ς‚Q’–Ϊ,2025/1/6,1,‚SK‚ΔΘγ‹¤“―Z‘ξ,’“Τi—Φjκ,ƒiƒ“ƒo[ƒvƒ[ƒg
ή“,•”•i‚Λ‚η‚Ά,Ά“c’J,‰Ί”nl’–Ϊ,131121,“‹“s,Ά“c’J‹ζ,‰Ί”n‚R’–Ϊ,2025/8/15,23,‚SK‚ΔΘγ‹¤“―Z‘ξ,’“Τi—Φjκ,ƒiƒ“ƒo[ƒvƒ[ƒg
ή“,•”•i‚Λ‚η‚Ά,Ά“c’J,‰Ί”nl’–Ϊ,131121,“‹“s,Ά“c’J‹ζ,‰Ί”n‚U’–Ϊ,2025/12/2,22,‚SK‚ΔΘγ‹¤“―Z‘ξ,’“Τi—Φjκ,ƒ^ƒCƒ„EƒzƒC[ƒ‹
ή“,•”•i‚Λ‚η‚Ά,Ά“c’J,ΌƒP‹u,131121,“‹“s,Ά“c’J‹ζ,Ά“c’J‚Q’–Ϊ,2025/4/4,14,’“Τi—Φjκ,’“Τi—Φjκ,ƒiƒ“ƒo[ƒvƒ[ƒg
ή“,•”•i‚Λ‚η‚Ά,Ά“c’J,α—Ρ,131121,“‹“s,Ά“c’J‹ζ,α—Ρ‚Q’–Ϊ,2025/8/28,17,κΛZ‘ξ,’“Τi—Φjκ,‚»‚Μ‘Ό
ή“,•”•i‚Λ‚η‚Ά,–k‘ς,‰Ί–k‘ς,131121,“‹“s,Ά“c’J‹ζ,–k‘ς‚Q’–Ϊ,2021/2/1,•s–Ύ,κΛZ‘ξ,‚»‚Μ‘Ό,ƒiƒ“ƒo[ƒvƒ[ƒg
ή“,•”•i‚Λ‚η‚Ά,–k‘ς,‰Ί–k‘ς,131121,“‹“s,Ά“c’J‹ζ,–k‘ς‚R’–Ϊ,2025/2/18,18,‚»‚Μ‘Ό‚ΜZ‘ξi‚RK‚ΔΘ‰Ί‹¤“―Z‘ξ“™j,’“Τi—Φjκ,‚»‚Μ‘Ό
ή“,•”•i‚Λ‚η‚Ά,–k‘ς,’W“‡’Κ,131121,“‹“s,Ά“c’J‹ζ,‘γ‘ς‚S’–Ϊ,2025/10/25,12,κΛZ‘ξ,’“Τi—Φjκ,‚»‚Μ‘Ό
ή“,•”•i‚Λ‚η‚Ά,–k‘ς,’W“‡’Κ,131121,“‹“s,Ά“c’J‹ζ,‘γ‘ς‚T’–Ϊ,2025/10/20,1,κΛZ‘ξ,‚»‚Μ‘Ό,ƒiƒ“ƒo[ƒvƒ[ƒg
ή“,•”•i‚Λ‚η‚Ά,–k‘ς,o“°‰w‘O,131121,“‹“s,Ά“c’J‹ζ,o“°‚Q’–Ϊ,2024/12/30,16,κΛZ‘ξ,’“Τi—Φjκ,‚»‚Μ‘Ό
ή“,•”•i‚Λ‚η‚Ά,–k‘ς,o“°‰w‘O,131121,“‹“s,Ά“c’J‹ζ,o“°‚Q’–Ϊ,2024/12/30,20,κΛZ‘ξ,’“Τi—Φjκ,‚»‚Μ‘Ό
ή“,•”•i‚Λ‚η‚Ά,–k‘ς,o“°‰w‘O,131121,“‹“s,Ά“c’J‹ζ,o“°‚Q’–Ϊ,2025/9/4,6,’“Τi—Φjκ,’“Τi—Φjκ,‚»‚Μ‘Ό
ή“,•”•i‚Λ‚η‚Ά,–k‘ς,o“°‰w‘O,131121,“‹“s,Ά“c’J‹ζ,o“°‚T’–Ϊ,2025/11/27,20,κΛZ‘ξ,’“Τi—Φjκ,‚»‚Μ‘Ό
ή“,•”•i‚Λ‚η‚Ά,–k‘ς,o“°‰w‘O,131121,“‹“s,Ά“c’J‹ζ,‹{β‚P’–Ϊ,2025/1/31,13,κΛZ‘ξ,’“Τi—Φjκ,‚»‚Μ‘Ό
ή“,•”•i‚Λ‚η‚Ά,–k‘ς,‰Hª–Ψ,131121,“‹“s,Ά“c’J‹ζ,‘ε΄‚P’–Ϊ,2025/10/3,15,‚»‚Μ‘Ό‚ΜZ‘ξi‚RK‚ΔΘ‰Ί‹¤“―Z‘ξ“™j,‚»‚Μ‘Ό,‚»‚Μ‘Ό
ή“,•”•i‚Λ‚η‚Ά,–k‘ς,‰Hª–Ψ,131121,“‹“s,Ά“c’J‹ζ,‘ε΄‚Q’–Ϊ,2025/8/9,12,’“Τi—Φjκ,’“Τi—Φjκ,ƒiƒ“ƒo[ƒvƒ[ƒg
ή“,•”•i‚Λ‚η‚Ά,‹Κμ,“ρq‹Κμ,131121,“‹“s,Ά“c’J‹ζ,‹Κμ‚P’–Ϊ,2025/4/29,18,‚»‚Μ‘Ό,’“Τi—Φjκ,‚»‚Μ‘Ό
ή“,•”•i‚Λ‚η‚Ά,‹Κμ,“ρq‹Κμ,131121,“‹“s,Ά“c’J‹ζ,‹Κμ‚Q’–Ϊ,2025/3/31,16,‚»‚Μ‘Ό,’“Τi—Φjκ,‚»‚Μ‘Ό
ή“,•”•i‚Λ‚η‚Ά,‹Κμ,”φR‘δ,131121,“‹“s,Ά“c’J‹ζ,‹Κ’η‚P’–Ϊ,2025/8/7,20,’“Τi—Φjκ,’“Τi—Φjκ,‚»‚Μ‘Ό
ή“,•”•i‚Λ‚η‚Ά,‹Κμ,”φR‘δ,131121,“‹“s,Ά“c’J‹ζ,‹Κ’η‚P’–Ϊ,2025/11/30,19,’“Τi—Φjκ,’“Τi—Φjκ,ƒiƒ“ƒo[ƒvƒ[ƒg
ή“,•”•i‚Λ‚η‚Ά,‹Κμ,”φR‘δ‰w‘O,131121,“‹“s,Ά“c’J‹ζ,‹Κ’η‚P’–Ϊ,2025/11/29,18,‚»‚Μ‘Ό,’“Τi—Φjκ,ƒiƒ“ƒo[ƒvƒ[ƒg
ή“,•”•i‚Λ‚η‚Ά,‹Κμ,”φR‘δ‰w‘O,131121,“‹“s,Ά“c’J‹ζ,‹Κ’η‚P’–Ϊ,2025/12/1,23,’“Τi—Φjκ,’“Τi—Φjκ,ƒiƒ“ƒo[ƒvƒ[ƒg
ή“,•”•i‚Λ‚η‚Ά,‹Κμ,”φR‘δ‰w‘O,131121,“‹“s,Ά“c’J‹ζ,‹Κ’η‚P’–Ϊ,2025/12/4,7,‚»‚Μ‘Ό,’“Τi—Φjκ,ƒiƒ“ƒo[ƒvƒ[ƒg
ή“,•”•i‚Λ‚η‚Ά,‹Κμ,”φR‘δ‰w‘O,131121,“‹“s,Ά“c’J‹ζ,‹Κ’η‚P’–Ϊ,2025/12/13,10,’“Τi—Φjκ,’“Τi—Φjκ,ƒiƒ“ƒo[ƒvƒ[ƒg
ή“,•”•i‚Λ‚η‚Ά,‹Κμ,£“c,131121,“‹“s,Ά“c’J‹ζ,‹Κμ‘δ‚P’–Ϊ,2025/3/28,9,‚»‚Μ‘Ό,’“Τi—Φjκ,‚»‚Μ‘Ό
ή“,•”•i‚Λ‚η‚Ά,‹Κμ,—p‰κ,131121,“‹“s,Ά“c’J‹ζ,γ—p‰κ‚T’–Ϊ,2025/8/15,8,κΛZ‘ξ,’“Τi—Φjκ,‚»‚Μ‘Ό
ή“,•”•i‚Λ‚η‚Ά,‹Κμ,”n–φ‰‘‘O,131121,“‹“s,Ά“c’J‹ζ,γ—p‰κ‚Q’–Ϊ,2025/5/11,0,‚SK‚ΔΘγ‹¤“―Z‘ξ,’“Τi—Φjκ,ƒiƒ“ƒo[ƒvƒ[ƒg
ή“,•”•i‚Λ‚η‚Ά,‹Κμ,,,,,,2025/5/30,12,‚»‚Μ‘Ό,’“Τi—Φjκ,ƒiƒ“ƒo[ƒvƒ[ƒg
ή“,•”•i‚Λ‚η‚Ά,‹Κμ,,131083,“‹“s,]“‹ζ,“‰_‚Q’–Ϊ,2025/3/30,11,’“Τi—Φjκ,’“Τi—Φjκ,ƒiƒ“ƒo[ƒvƒ[ƒg
ή“,•”•i‚Λ‚η‚Ά,¬ι,γ–k‘ς‰w‘O,131121,“‹“s,Ά“c’J‹ζ,γ–k‘ς‚T’–Ϊ,2025/11/5,16,‚SK‚ΔΘγ‹¤“―Z‘ξ,’“Τi—Φjκ,‚»‚Μ‘Ό
ή“,•”•i‚Λ‚η‚Ά,¬ι,γ–k‘ς‰w‘O,131121,“‹“s,Ά“c’J‹ζ,χγ…‚T’–Ϊ,2025/5/13,8,‚»‚Μ‘Ό‚ΜZ‘ξi‚RK‚ΔΘ‰Ί‹¤“―Z‘ξ“™j,’“Τi—Φjκ,‚»‚Μ‘Ό
ή“,•”•i‚Λ‚η‚Ά,¬ι,–k‰GR,131121,“‹“s,Ά“c’J‹ζ,–k‰GR‚W’–Ϊ,2025/8/8,17,‚SK‚ΔΘγ‹¤“―Z‘ξ,’“Τi—Φjκ,‚»‚Μ‘Ό
ή“,•”•i‚Λ‚η‚Ά,¬ι,ηΞ‘D‹΄‰w‘O,131121,“‹“s,Ά“c’J‹ζ,‹m‚Q’–Ϊ,2025/3/22,22,‚SK‚ΔΘγ‹¤“―Z‘ξ,’“Τi—Φjκ,ƒiƒ“ƒo[ƒvƒ[ƒg
ή“,•”•i‚Λ‚η‚Ά,¬ι,ηΞ‘D‹΄‰w‘O,131121,“‹“s,Ά“c’J‹ζ,‹m‚Q’–Ϊ,2025/3/28,8,‚»‚Μ‘Ό‚ΜZ‘ξi‚RK‚ΔΘ‰Ί‹¤“―Z‘ξ“™j,’“Τi—Φjκ,ƒiƒ“ƒo[ƒvƒ[ƒg
ή“,•”•i‚Λ‚η‚Ά,¬ι,μ‘½©,131121,“‹“s,Ά“c’J‹ζ,μ‘½©‚Q’–Ϊ,2025/2/13,12,‚SK‚ΔΘγ‹¤“―Z‘ξ,’“Τi—Φjκ,ƒiƒ“ƒo[ƒvƒ[ƒg
ή“,•”•i‚Λ‚η‚Ά,¬ι,μ‘½©,131121,“‹“s,Ά“c’J‹ζ,μ‘½©‚Q’–Ϊ,2025/12/13,8,‚SK‚ΔΘγ‹¤“―Z‘ξ,’“Τi—Φjκ,ƒiƒ“ƒo[ƒvƒ[ƒg
ή“,•”•i‚Λ‚η‚Ά,¬ι,μ‘½©‰w‘O,131121,“‹“s,Ά“c’J‹ζ,μ‘½©‚X’–Ϊ,2025/2/5,7,’“Τi—Φjκ,’“Τi—Φjκ,‚»‚Μ‘Ό
ή“,•”•i‚Λ‚η‚Ά,¬ι,¬ι,131121,“‹“s,Ά“c’J‹ζ,‹m‚V’–Ϊ,2025/9/20,22,κΛZ‘ξ,’“Τi—Φjκ,‚»‚Μ‘Ό
ή“,•”•i‚Λ‚η‚Ά,¬ι,¬ι,131121,“‹“s,Ά“c’J‹ζ,¬ι‚Q’–Ϊ,2025/2/5,17,’“Τi—Φjκ,’“Τi—Φjκ,‚»‚Μ‘Ό
ή“,•”•i‚Λ‚η‚Ά,¬ι,¬ι,131121,“‹“s,Ά“c’J‹ζ,¬ι‚U’–Ϊ,2025/7/4,12,‚SK‚ΔΘγ‹¤“―Z‘ξ,‚»‚Μ‘Ό,‚»‚Μ‘Ό
ή“,•”•i‚Λ‚η‚Ά,¬ι,‰GR,131121,“‹“s,Ά“c’J‹ζ,“μ‰GR‚T’–Ϊ,2025/12/3,6,’“Τi—Φjκ,’“Τi—Φjκ,‚»‚Μ‘Ό
ή“,•”•i‚Λ‚η‚Ά,¬ι,‰GR,131121,“‹“s,Ά“c’J‹ζ,“μ‰GR‚T’–Ϊ,2025/12/3,7,’“Τi—Φjκ,’“Τi—Φjκ,‚»‚Μ‘Ό
ή“,•”•i‚Λ‚η‚Ά,¬ι,‰GR,131121,“‹“s,Ά“c’J‹ζ,“μ‰GR‚T’–Ϊ,2025/12/3,10,’“Τi—Φjκ,’“Τi—Φjκ,‚»‚Μ‘Ό
ή“,•”•i‚Λ‚η‚Ά,¬ι,‰GR,131121,“‹“s,Ά“c’J‹ζ,“μ‰GR‚U’–Ϊ,2025/5/17,20,‚»‚Μ‘Ό,‚»‚Μ‘Ό,‚»‚Μ‘Ό
ή“,•”•i‚Λ‚η‚Ά,¬ι,‰GR,131121,“‹“s,Ά“c’J‹ζ,“μ‰GR‚U’–Ϊ,2025/7/7,17,’“Τi—Φjκ,’“Τi—Φjκ,‚»‚Μ‘Ό
ή“,•”•i‚Λ‚η‚Ά,¬ι,‰GR,131121,“‹“s,Ά“c’J‹ζ,“μ‰GR‚U’–Ϊ,2025/8/20,14,“ΉHγ,‚»‚Μ‘Ό,‚»‚Μ‘Ό
ή“,•”•i‚Λ‚η‚Ά,¬ι,‘ct’J‘ε‘ ,131121,“‹“s,Ά“c’J‹ζ,‹m‚W’–Ϊ,2025/7/8,16,’“Τi—Φjκ,’“Τi—Φjκ,‚»‚Μ‘Ό
ή“,•”•i‚Λ‚η‚Ά,¬ι,‘ct’J‘ε‘ ,131121,“‹“s,Ά“c’J‹ζ,‘ct’J‚P’–Ϊ,2025/2/5,7,’“Τi—Φjκ,’“Τi—Φjκ,‚»‚Μ‘Ό
ή“,•”•i‚Λ‚η‚Ά,¬ι,‹‹“c,131121,“‹“s,Ά“c’J‹ζ,‹‹“c‚R’–Ϊ,2025/12/11,18,‚SK‚ΔΘγ‹¤“―Z‘ξ,’“Τi—Φjκ,‚»‚Μ‘Ό
ή“,•”•i‚Λ‚η‚Ά,¬ι,‘D‹΄,131121,“‹“s,Ά“c’J‹ζ,‘D‹΄‚S’–Ϊ,2025/8/31,9,‚»‚Μ‘Ό,’“Τi—Φjκ,‚»‚Μ‘Ό
ή“,•”•i‚Λ‚η‚Ά,¬ι,™“c,131121,“‹“s,Ά“c’J‹ζ,‰F“ήª‚R’–Ϊ,2025/3/26,19,’“Τi—Φjκ,’“Τi—Φjκ,ƒiƒ“ƒo[ƒvƒ[ƒg
ή“,•”•i‚Λ‚η‚Ά,¬ι,™“c,131121,“‹“s,Ά“c’J‹ζ,™“c‚Q’–Ϊ,2025/5/8,15,‚SK‚ΔΘγ‹¤“―Z‘ξ,’“Τi—Φjκ,‚»‚Μ‘Ό
ή“,•”•i‚Λ‚η‚Ά,–Ϊ•,‰Ί–Ϊ•,131105,“‹“s,–Ϊ•‹ζ,‰Ί–Ϊ•‚P’–Ϊ,2025/2/3,7,“ΉHγ,‚»‚Μ‘Ό,ƒiƒ“ƒo[ƒvƒ[ƒg
ή“,•”•i‚Λ‚η‚Ά,–Ϊ•,’†–Ϊ•‰w‘O,131105,“‹“s,–Ϊ•‹ζ,Β—t‘δ‚P’–Ϊ,2025/2/16,13,‚SK‚ΔΘγ‹¤“―Z‘ξ,’“Τi—Φjκ,‚»‚Μ‘Ό
ή“,•”•i‚Λ‚η‚Ά,–Ϊ•,’†–Ϊ•‰w‘O,131105,“‹“s,–Ϊ•‹ζ,’†–Ϊ•‚Q’–Ϊ,2025/1/20,19,“ΉHγ,‚»‚Μ‘Ό,‚»‚Μ‘Ό
ή“,•”•i‚Λ‚η‚Ά,–Ϊ•,‘ε‹΄,131105,“‹“s,–Ϊ•‹ζ,Β—t‘δ‚S’–Ϊ,2025/5/1,5,‚SK‚ΔΘγ‹¤“―Z‘ξ,’“Τi—Φjκ,‚»‚Μ‘Ό
ή“,•”•i‚Λ‚η‚Ά,–Ϊ•,‘ε‹΄,131105,“‹“s,–Ϊ•‹ζ,‘ε‹΄‚Q’–Ϊ,2025/9/15,11,“ΉHγ,‚»‚Μ‘Ό,‚»‚Μ‘Ό
ή“,•”•i‚Λ‚η‚Ά,–Ϊ•,–ϋ–Κ,131105,“‹“s,–Ϊ•‹ζ,’†’¬‚P’–Ϊ,2025/6/4,14,’“Τi—Φjκ,’“Τi—Φjκ,‚»‚Μ‘Ό
ή“,•”•i‚Λ‚η‚Ά,–Ϊ•,—S“V›‰w‘O,131105,“‹“s,–Ϊ•‹ζ,ά–{–Ψ‚Q’–Ϊ,2025/10/9,10,κΛZ‘ξ,’“Τi—Φjκ,ƒiƒ“ƒo[ƒvƒ[ƒg
ή“,•”•i‚Λ‚η‚Ά,”θ•¶’J,΄’¬,131105,“‹“s,–Ϊ•‹ζ,τ‘«‚P’–Ϊ,2025/4/13,21,“ΉHγ,‚»‚Μ‘Ό,‚»‚Μ‘Ό
ή“,•”•i‚Λ‚η‚Ά,”θ•¶’J,w|‘εw‰w‘O,131105,“‹“s,–Ϊ•‹ζ,”θ•¶’J‚P’–Ϊ,2025/5/1,14,‚»‚Μ‘Ό‚ΜZ‘ξi‚RK‚ΔΘ‰Ί‹¤“―Z‘ξ“™j,’“Τi—Φjκ,‚»‚Μ‘Ό
ή“,•”•i‚Λ‚η‚Ά,”θ•¶’J,–{’¬“ρ’–Ϊ,131105,“‹“s,–Ϊ•‹ζ,–Ϊ•–{’¬‚Q’–Ϊ,2025/8/18,22,‚»‚Μ‘Ό‚ΜZ‘ξi‚RK‚ΔΘ‰Ί‹¤“―Z‘ξ“™j,’“Τi—Φjκ,‚»‚Μ‘Ό
ή“,•”•i‚Λ‚η‚Ά,”θ•¶’J,–{’¬Z’–Ϊ,131105,“‹“s,–Ϊ•‹ζ,–Ϊ•–{’¬‚U’–Ϊ,2025/7/23,17,κΛZ‘ξ,’“Τi—Φjκ,‚»‚Μ‘Ό
ή“,•”•i‚Λ‚η‚Ά,”θ•¶’J,“‚ª‹u,131105,“‹“s,–Ϊ•‹ζ,“‚ª‹u‚Q’–Ϊ,2025/9/18,8,‚»‚Μ‘Ό‚ΜZ‘ξi‚RK‚ΔΘ‰Ί‹¤“―Z‘ξ“™j,’“Τi—Φjκ,‚»‚Μ‘Ό
ή“,•”•i‚Λ‚η‚Ά,”θ•¶’J,©—R‚ª‹u,131105,“‹“s,–Ϊ•‹ζ,©—R‚ª‹u‚Q’–Ϊ,2024/12/30,12,‚SK‚ΔΘγ‹¤“―Z‘ξ,’“Τi—Φjκ,ƒiƒ“ƒo[ƒvƒ[ƒg
ή“,•”•i‚Λ‚η‚Ά,”θ•¶’J,“s—§‘εw‰w‘O,131105,“‹“s,–Ϊ•‹ζ,`‚Μ–Ψβ‚P’–Ϊ,2025/10/12,7,‚»‚Μ‘Ό‚ΜZ‘ξi‚RK‚ΔΘ‰Ί‹¤“―Z‘ξ“™j,’“Τi—Φjκ,‚»‚Μ‘Ό
ή“,•”•i‚Λ‚η‚Ά,a’J,‘γ―R,131130,“‹“s,a’J‹ζ,b”δυΌ‚P’–Ϊ,2025/6/21,1,‚SK‚ΔΘγ‹¤“―Z‘ξ,’“Τi—Φjκ,‚»‚Μ‘Ό
ή“,•”•i‚Λ‚η‚Ά,a’J,a’J‰w‘O,131130,“‹“s,a’J‹ζ,“ΉΊβ‚P’–Ϊ,2025/7/18,19,“ΉHγ,‚»‚Μ‘Ό,ƒiƒ“ƒo[ƒvƒ[ƒg
ή“,•”•i‚Λ‚η‚Ά,a’J,”ό’|,131130,“‹“s,a’J‹ζ,_‹{‘O‚T’–Ϊ,2025/10/13,7,“ΉHγ,‚»‚Μ‘Ό,‚»‚Μ‘Ό
ή“,•”•i‚Λ‚η‚Ά,΄h,‘γX–Ψ‰w‘O,131130,“‹“s,a’J‹ζ,η‘Κƒ–’J‚R’–Ϊ,2024/12/27,10,“ΉHγ,‚»‚Μ‘Ό,ƒ^ƒCƒ„EƒzƒC[ƒ‹
ή“,•”•i‚Λ‚η‚Ά,΄h,η‘ΚƒP’Jά’–Ϊ,131130,“‹“s,a’J‹ζ,η‘Κƒ–’J‚S’–Ϊ,2025/10/13,4,‚»‚Μ‘Ό,‚»‚Μ‘Ό,ƒiƒ“ƒo[ƒvƒ[ƒg
ή“,•”•i‚Λ‚η‚Ά,΄h,η‘ΚƒP’Jά’–Ϊ,131130,“‹“s,a’J‹ζ,η‘Κƒ–’J‚S’–Ϊ,2025/10/22,5,’“Τi—Φjκ,’“Τi—Φjκ,ƒiƒ“ƒo[ƒvƒ[ƒg
ή“,•”•i‚Λ‚η‚Ά,΄h,_‹{‘O,131130,“‹“s,a’J‹ζ,_‹{‘O‚S’–Ϊ,2025/5/26,19,“ΉHγ,‚»‚Μ‘Ό,ƒiƒ“ƒo[ƒvƒ[ƒg
ή“,•”•i‚Λ‚η‚Ά,΄h,_‹{‘O,131130,“‹“s,a’J‹ζ,_‹{‘O‚T’–Ϊ,2025/12/4,22,’“Τi—Φjκ,’“Τi—Φjκ,‚»‚Μ‘Ό
ή“,•”•i‚Λ‚η‚Ά,΄h,,,,,,2025/7/23,0,’“Τi—Φjκ,’“Τi—Φjκ,‚»‚Μ‘Ό
ή“,•”•i‚Λ‚η‚Ά,‘γX–Ψ,‘γX–Ψφ‰€,131130,“‹“s,a’J‹ζ,•xƒ–’J‚P’–Ϊ,2025/4/18,23,“ΉHγ,‚»‚Μ‘Ό,ƒiƒ“ƒo[ƒvƒ[ƒg
ή“,•”•i‚Λ‚η‚Ά,‘γX–Ψ,‘γX–Ψφ‰€,131130,“‹“s,a’J‹ζ,•xƒ–’J‚Q’–Ϊ,2025/10/10,23,κΛZ‘ξ,’“Τi—Φjκ,ƒiƒ“ƒo[ƒvƒ[ƒg
ή“,•”•i‚Λ‚η‚Ά,‘γX–Ψ,‰‘δ“ρ’–Ϊ,131130,“‹“s,a’J‹ζ,‘γX–Ψ‚T’–Ϊ,2025/11/2,23,‚SK‚ΔΘγ‹¤“―Z‘ξ,’“Τi—Φjκ,‚»‚Μ‘Ό
ή“,•”•i‚Λ‚η‚Ά,‘γX–Ψ,‰‘δ‰w‘O,131130,“‹“s,a’J‹ζ,–{’¬‚P’–Ϊ,2025/5/27,22,‚SK‚ΔΘγ‹¤“―Z‘ξ,‚»‚Μ‘Ό,ƒiƒ“ƒo[ƒvƒ[ƒg
ή“,•”•i‚Λ‚η‚Ά,‘γX–Ψ,‰‘δ‰w‘O,131130,“‹“s,a’J‹ζ,–{’¬‚P’–Ϊ,2025/6/25,20,‚SK‚ΔΘγ‹¤“―Z‘ξ,’“Τi—Φjκ,‚»‚Μ‘Ό
ή“,•”•i‚Λ‚η‚Ά,‘γX–Ψ,”¦ƒP’J‰w‘O,131130,“‹“s,a’J‹ζ,Ό΄‚P’–Ϊ,2024/12/30,22,‚SK‚ΔΘγ‹¤“―Z‘ξ,’“Τi—Φjκ,ƒ^ƒCƒ„EƒzƒC[ƒ‹
ή“,•”•i‚Λ‚η‚Ά,‘γX–Ψ,”¦ƒP’J‰w‘O,131130,“‹“s,a’J‹ζ,”¦ƒ–’J‚P’–Ϊ,2025/1/12,22,‚SK‚ΔΘγ‹¤“―Z‘ξ,’“Τi—Φjκ,‚»‚Μ‘Ό
ή“,•”•i‚Λ‚η‚Ά,‘γX–Ψ,,131130,“‹“s,a’J‹ζ,ω’Λ‚P’–Ϊ,2025/9/18,21,‚»‚Μ‘Ό,‚»‚Μ‘Ό,ƒiƒ“ƒo[ƒvƒ[ƒg
ή“,•”•i‚Λ‚η‚Ά,‹,•x‹v’¬,131041,“‹“s,Vh‹ζ,•x‹v’¬,2025/8/13,18,“ΉHγ,‚»‚Μ‘Ό,‚»‚Μ‘Ό
ή“,•”•i‚Λ‚η‚Ά,‹,‰Ν“c’¬,131041,“‹“s,Vh‹ζ,αΌ’¬,2024/12/11,•s–Ύ,‚SK‚ΔΘγ‹¤“―Z‘ξ,’“Τi—Φjκ,ƒ^ƒCƒ„EƒzƒC[ƒ‹
ή“,•”•i‚Λ‚η‚Ά,‹,_yβγ,131041,“‹“s,Vh‹ζ,‰Ί‹{”δ’¬,2025/9/26,23,“ΉHγ,‚»‚Μ‘Ό,‚»‚Μ‘Ό
ή“,•”•i‚Λ‚η‚Ά,‹,’ίª’¬,131041,“‹“s,Vh‹ζ,ΛR‚Q’–Ϊ,2025/9/23,22,’“Τi—Φjκ,’“Τi—Φjκ,ƒiƒ“ƒo[ƒvƒ[ƒg
ή“,•”•i‚Λ‚η‚Ά,Vh,‘ε‹v•Ϋ,131041,“‹“s,Vh‹ζ,‘ε‹v•Ϋ‚R’–Ϊ,2025/9/26,20,‚»‚Μ‘Ό‚ΜZ‘ξi‚RK‚ΔΘ‰Ί‹¤“―Z‘ξ“™j,‚»‚Μ‘Ό,ƒiƒ“ƒo[ƒvƒ[ƒg
ή“,•”•i‚Λ‚η‚Ά,Vh,‘ε‹v•Ϋ,131041,“‹“s,Vh‹ζ,‘ε‹v•Ϋ‚R’–Ϊ,2025/11/22,14,‚SK‚ΔΘγ‹¤“―Z‘ξ,’“Τi—Φjκ,ƒiƒ“ƒo[ƒvƒ[ƒg
ή“,•”•i‚Λ‚η‚Ά,Vh,¬qβ,131041,“‹“s,Vh‹ζ,ΌVh‚V’–Ϊ,2025/8/21,23,“ΉHγ,‚»‚Μ‘Ό,‚»‚Μ‘Ό
ή“,•”•i‚Λ‚η‚Ά,Vh,Vh‰w“ϋ,131041,“‹“s,Vh‹ζ,Vh‚R’–Ϊ,2025/3/20,12,‚SK‚ΔΘγ‹¤“―Z‘ξ,’“Τi—Φjκ,ƒiƒ“ƒo[ƒvƒ[ƒg
ή“,•”•i‚Λ‚η‚Ά,Vh,Vh‰wΌϋ,131041,“‹“s,Vh‹ζ,ΌVh‚P’–Ϊ,2024/12/22,9,’“Τi—Φjκ,’“Τi—Φjκ,‚»‚Μ‘Ό
ή“,•”•i‚Λ‚η‚Ά,Vh,Vh‰wΌϋ,131041,“‹“s,Vh‹ζ,ΌVh‚P’–Ϊ,2025/4/17,7,’“Τi—Φjκ,’“Τi—Φjκ,‚»‚Μ‘Ό
ή“,•”•i‚Λ‚η‚Ά,Vh,‰Μ•‘κ’¬,131041,“‹“s,Vh‹ζ,‰Μ•‘κ’¬‚P’–Ϊ,2025/5/20,22,“ΉHγ,‚»‚Μ‘Ό,‚»‚Μ‘Ό
ή“,•”•i‚Λ‚η‚Ά,Vh,‰Μ•‘κ’¬,131041,“‹“s,Vh‹ζ,‰Μ•‘κ’¬‚Q’–Ϊ,2025/5/15,17,“ΉHγ,‚»‚Μ‘Ό,‚»‚Μ‘Ό
ή“,•”•i‚Λ‚η‚Ά,Vh,‰Μ•‘κ’¬,131041,“‹“s,Vh‹ζ,‰Μ•‘κ’¬‚Q’–Ϊ,2025/6/15,22,’“Τi—Φjκ,’“Τi—Φjκ,ƒiƒ“ƒo[ƒvƒ[ƒg
ή“,•”•i‚Λ‚η‚Ά,Vh,—„‹΄sκ‘O,131041,“‹“s,Vh‹ζ,•Sl’¬‚R’–Ϊ,2024/6/1,16,‚SK‚ΔΘγ‹¤“―Z‘ξ,’“Τi—Φjκ,ƒiƒ“ƒo[ƒvƒ[ƒg
ή“,•”•i‚Λ‚η‚Ά,Vh,F–μ_Π‘O,131041,“‹“s,Vh‹ζ,ΌVh‚S’–Ϊ,2025/11/30,5,’“Τi—Φjκ,’“Τi—Φjκ,‚»‚Μ‘Ό
ή“,•”•i‚Λ‚η‚Ά,Vh,•Sl’¬,131041,“‹“s,Vh‹ζ,–kVh‚P’–Ϊ,2025/8/12,13,’“Τi—Φjκ,’“Τi—Φjκ,‚»‚Μ‘Ό
ή“,•”•i‚Λ‚η‚Ά,Vh,•Sl’¬,131041,“‹“s,Vh‹ζ,–kVh‚R’–Ϊ,2024/8/21,•s–Ύ,‚SK‚ΔΘγ‹¤“―Z‘ξ,’“Τi—Φjκ,ƒiƒ“ƒo[ƒvƒ[ƒg
ή“,•”•i‚Λ‚η‚Ά,Vh,•Sl’¬,131041,“‹“s,Vh‹ζ,•Sl’¬‚Q’–Ϊ,2025/3/24,18,‚»‚Μ‘Ό,’“Τi—Φjκ,ƒiƒ“ƒo[ƒvƒ[ƒg
ή“,•”•i‚Λ‚η‚Ά,Vh,•Sl’¬,131041,“‹“s,Vh‹ζ,•Sl’¬‚Q’–Ϊ,2025/3/27,12,’“Τi—Φjκ,’“Τi—Φjκ,ƒiƒ“ƒo[ƒvƒ[ƒg
ή“,•”•i‚Λ‚η‚Ά,Vh,•Sl’¬,131041,“‹“s,Vh‹ζ,•Sl’¬‚Q’–Ϊ,2025/7/30,9,“ΉHγ,‚»‚Μ‘Ό,ƒiƒ“ƒo[ƒvƒ[ƒg
ή“,•”•i‚Λ‚η‚Ά,Vh,•Sl’¬,131041,“‹“s,Vh‹ζ,•Sl’¬‚Q’–Ϊ,2025/10/11,16,‚SK‚ΔΘγ‹¤“―Z‘ξ,’“Τi—Φjκ,‚»‚Μ‘Ό
ή“,•”•i‚Λ‚η‚Ά,Vh,ΌVhO’–Ϊ,131041,“‹“s,Vh‹ζ,ΌVh‚S’–Ϊ,2025/3/18,9,’“Τi—Φjκ,’“Τi—Φjκ,‚Θ‚µ
ή“,•”•i‚Λ‚η‚Ά,Λ’Λ,γ—‡,131041,“‹“s,Vh‹ζ,γ—‡‚P’–Ϊ,2025/7/24,16,‚SK‚ΔΘγ‹¤“―Z‘ξ,’“Τi—Φjκ,ƒ^ƒCƒ„EƒzƒC[ƒ‹
ή“,•”•i‚Λ‚η‚Ά,Λ’Λ,γ—‡,131041,“‹“s,Vh‹ζ,γ—‡‚Q’–Ϊ,2025/7/19,18,’“Τi—Φjκ,’“Τi—Φjκ,ƒiƒ“ƒo[ƒvƒ[ƒg
ή“,•”•i‚Λ‚η‚Ά,Λ’Λ,‰Ί—‡‰w‘O,131041,“‹“s,Vh‹ζ,‰Ί—‡‚R’–Ϊ,2025/5/26,12,‚»‚Μ‘Ό‚ΜZ‘ξi‚RK‚ΔΘ‰Ί‹¤“―Z‘ξ“™j,’“Τi—Φjκ,‚»‚Μ‘Ό
ή“,•”•i‚Λ‚η‚Ά,Λ’Λ,‰Ί—‡‰w‘O,131041,“‹“s,Vh‹ζ,’†—‡‚P’–Ϊ,2025/12/16,17,‚SK‚ΔΘγ‹¤“―Z‘ξ,’“Τi—Φjκ,‚»‚Μ‘Ό
ή“,•”•i‚Λ‚η‚Ά,Λ’Λ,’†—‡,131041,“‹“s,Vh‹ζ,’†δ‚P’–Ϊ,2025/3/20,16,“ΉHγ,‚»‚Μ‘Ό,ƒiƒ“ƒo[ƒvƒ[ƒg
ή“,•”•i‚Λ‚η‚Ά,Λ’Λ,Λ’Λκ’–Ϊ,131041,“‹“s,Vh‹ζ,Ό‘ξ“c‚P’–Ϊ,2025/7/29,8,‚»‚Μ‘Ό,’“Τi—Φjκ,‚»‚Μ‘Ό
ή“,•”•i‚Λ‚η‚Ά,Λ’Λ,‚“c”nκ‰w‘O,131041,“‹“s,Vh‹ζ,•Sl’¬‚S’–Ϊ,2025/9/2,20,‚SK‚ΔΘγ‹¤“―Z‘ξ,’“Τi—Φjκ,ƒiƒ“ƒo[ƒvƒ[ƒg
ή“,•”•i‚Λ‚η‚Ά,l’J,l’JO’–Ϊ,131041,“‹“s,Vh‹ζ,r–Ψ’¬,2025/7/10,17,‚SK‚ΔΘγ‹¤“―Z‘ξ,’“Τi—Φjκ,‚»‚Μ‘Ό
ή“,•”•i‚Λ‚η‚Ά,l’J,‘ε‹’¬,131041,“‹“s,Vh‹ζ,‘ε‹’¬,2025/12/21,22,“ΉHγ,‚»‚Μ‘Ό,‚»‚Μ‘Ό
ή“,•”•i‚Λ‚η‚Ά,’†–μ,’†–μβγ,131148,“‹“s,’†–μ‹ζ,’†‰›‚Q’–Ϊ,2025/4/17,14,‚»‚Μ‘Ό‚ΜZ‘ξi‚RK‚ΔΘ‰Ί‹¤“―Z‘ξ“™j,’“Τi—Φjκ,‚»‚Μ‘Ό
ή“,•”•i‚Λ‚η‚Ά,’†–μ,’†–μβγ,131148,“‹“s,’†–μ‹ζ,–{’¬‚Q’–Ϊ,2025/11/17,17,‚»‚Μ‘Ό‚ΜZ‘ξi‚RK‚ΔΘ‰Ί‹¤“―Z‘ξ“™j,’“Τi—Φjκ,‚»‚Μ‘Ό
ή“,•”•i‚Λ‚η‚Ά,’†–μ,’†–μ‰w‘O,131148,“‹“s,’†–μ‹ζ,’†–μ‚S’–Ϊ,2025/2/24,13,‚»‚Μ‘Ό‚ΜZ‘ξi‚RK‚ΔΘ‰Ί‹¤“―Z‘ξ“™j,‚»‚Μ‘Ό,‚»‚Μ‘Ό
ή“,•”•i‚Λ‚η‚Ά,’†–μ,’†–μ‰w‘O,131148,“‹“s,’†–μ‹ζ,’†–μ‚T’–Ϊ,2025/4/27,7,‚»‚Μ‘Ό,’“Τi—Φjκ,‚»‚Μ‘Ό
ή“,•”•i‚Λ‚η‚Ά,’†–μ,“μ‘δ,131148,“‹“s,’†–μ‹ζ,–ν¶’¬‚S’–Ϊ,2025/5/16,13,κΛZ‘ξ,‚»‚Μ‘Ό,ƒiƒ“ƒo[ƒvƒ[ƒg
ή“,•”•i‚Λ‚η‚Ά,’†–μ,“μ‘δ,131148,“‹“s,’†–μ‹ζ,–ν¶’¬‚S’–Ϊ,2025/11/2,2,‚SK‚ΔΘγ‹¤“―Z‘ξ,‚»‚Μ‘Ό,‚»‚Μ‘Ό
ή“,•”•i‚Λ‚η‚Ά,’†–μ,Ίa‚³‚­‚η,131148,“‹“s,’†–μ‹ζ,“’†–μ‚R’–Ϊ,2025/3/13,14,‚SK‚ΔΘγ‹¤“―Z‘ξ,’“Τi—Φjκ,‚»‚Μ‘Ό
ή“,•”•i‚Λ‚η‚Ά,’†–μ,“’†–μ‰w‘O,131148,“‹“s,’†–μ‹ζ,“’†–μ‚Q’–Ϊ,2025/3/24,12,‚SK‚ΔΘγ‹¤“―Z‘ξ,’“Τi—Φjκ,ƒ^ƒCƒ„EƒzƒC[ƒ‹
ή“,•”•i‚Λ‚η‚Ά,’†–μ,“η‰®‰΅’,131148,“‹“s,’†–μ‹ζ,’†‰›‚R’–Ϊ,2025/6/18,19,’“Τi—Φjκ,’“Τi—Φjκ,‚»‚Μ‘Ό
ή“,•”•i‚Λ‚η‚Ά,’†–μ,“η‰®‰΅’,131148,“‹“s,’†–μ‹ζ,–{’¬‚R’–Ϊ,2025/4/4,14,“ΉHγ,‚»‚Μ‘Ό,‚»‚Μ‘Ό
ή“,•”•i‚Λ‚η‚Ά,–μ•ϋ,γλ‹{,131148,“‹“s,’†–μ‹ζ,γλ‹{‚R’–Ϊ,2025/2/28,17,‚»‚Μ‘Ό‚ΜZ‘ξi‚RK‚ΔΘ‰Ί‹¤“―Z‘ξ“™j,’“Τi—Φjκ,‚»‚Μ‘Ό
ή“,•”•i‚Λ‚η‚Ά,–μ•ϋ,‰Ζ­’Κ,131148,“‹“s,’†–μ‹ζ,α‹{‚R’–Ϊ,2025/9/2,22,’“Τi—Φjκ,’“Τi—Φjκ,ƒiƒ“ƒo[ƒvƒ[ƒg
ή“,•”•i‚Λ‚η‚Ά,–μ•ϋ,]Γ“cl’–Ϊ,131148,“‹“s,’†–μ‹ζ,Ό‚ª‹u‚Q’–Ϊ,2025/7/20,10,‚»‚Μ‘Ό,‚»‚Μ‘Ό,ƒiƒ“ƒo[ƒvƒ[ƒg
ή“,•”•i‚Λ‚η‚Ά,–μ•ϋ,ΐ‘ά,131148,“‹“s,’†–μ‹ζ,Vδ‚R’–Ϊ,2024/12/29,11,’“Τi—Φjκ,’“Τi—Φjκ,‚»‚Μ‘Ό
ή“,•”•i‚Λ‚η‚Ά,–μ•ϋ,ΐ‘ά,131148,“‹“s,’†–μ‹ζ,Ό‚ª‹u‚Q’–Ϊ,2025/11/22,21,‚SK‚ΔΘγ‹¤“―Z‘ξ,’“Τi—Φjκ,ƒiƒ“ƒo[ƒvƒ[ƒg
ή“,•”•i‚Λ‚η‚Ά,–μ•ϋ,–μ•ϋκ’–Ϊ,131148,“‹“s,’†–μ‹ζ,‘εa’¬‚Q’–Ϊ,2025/1/10,21,‚»‚Μ‘Ό‚ΜZ‘ξi‚RK‚ΔΘ‰Ί‹¤“―Z‘ξ“™j,’“Τi—Φjκ,‚»‚Μ‘Ό
ή“,•”•i‚Λ‚η‚Ά,–μ•ϋ,–μ•ϋ‰w‘O,131148,“‹“s,’†–μ‹ζ,–μ•ϋ‚T’–Ϊ,2025/5/16,11,’“Τi—Φjκ,’“Τi—Φjκ,‚»‚Μ‘Ό
ή“,•”•i‚Λ‚η‚Ά,–μ•ϋ,–μ•ϋ‰w‘O,131148,“‹“s,’†–μ‹ζ,–μ•ϋ‚U’–Ϊ,2025/1/18,20,‚»‚Μ‘Ό‚ΜZ‘ξi‚RK‚ΔΘ‰Ί‹¤“―Z‘ξ“™j,’“Τi—Φjκ,‚»‚Μ‘Ό
ή“,•”•i‚Λ‚η‚Ά,–μ•ϋ,λ‹{‰w‘O,131148,“‹“s,’†–μ‹ζ,”’λ‚R’–Ϊ,2025/1/18,19,κΛZ‘ξ,‚»‚Μ‘Ό,ƒiƒ“ƒo[ƒvƒ[ƒg
ή“,•”•i‚Λ‚η‚Ά,™•ΐ,a“c–{’¬,131156,“‹“s,™•ΐ‹ζ,a“c‚Q’–Ϊ,2025/7/11,16,‚»‚Μ‘Ό,’“Τi—Φjκ,‚»‚Μ‘Ό
ή“,•”•i‚Λ‚η‚Ά,™•ΐ,–xƒm“ΰ,131156,“‹“s,™•ΐ‹ζ,–xƒm“ΰ‚R’–Ϊ,2025/5/26,20,‚SK‚ΔΘγ‹¤“―Z‘ξ,’“Τi—Φjκ,ƒiƒ“ƒo[ƒvƒ[ƒg
ή“,•”•i‚Λ‚η‚Ά,™•ΐ,–xƒm“ΰ,131156,“‹“s,™•ΐ‹ζ,–xƒm“ΰ‚R’–Ϊ,2025/7/3,4,‚»‚Μ‘Ό‚ΜZ‘ξi‚RK‚ΔΘ‰Ί‹¤“―Z‘ξ“™j,‚»‚Μ‘Ό,‚»‚Μ‘Ό
ή“,•”•i‚Λ‚η‚Ά,™•ΐ,–xƒm“ΰ,131156,“‹“s,™•ΐ‹ζ,–xƒm“ΰ‚R’–Ϊ,2025/7/11,21,‚SK‚ΔΘγ‹¤“―Z‘ξ,’“Τi—Φjκ,ƒiƒ“ƒo[ƒvƒ[ƒg
ή“,•”•i‚Λ‚η‚Ά,™•ΐ,Ά²’J‰w‘O,131156,“‹“s,™•ΐ‹ζ,Ά²’J–k‚Q’–Ϊ,2024/11/1,•s–Ύ,‚»‚Μ‘Ό‚ΜZ‘ξi‚RK‚ΔΘ‰Ί‹¤“―Z‘ξ“™j,’“Τi—Φjκ,‚»‚Μ‘Ό
ή“,•”•i‚Λ‚η‚Ά,™•ΐ,‚‰~›“μl’–Ϊ,131156,“‹“s,™•ΐ‹ζ,‚‰~›–k‚S’–Ϊ,2025/4/28,14,‚»‚Μ‘Ό‚ΜZ‘ξi‚RK‚ΔΘ‰Ί‹¤“―Z‘ξ“™j,’“Τi—Φjκ,‚»‚Μ‘Ό
ή“,•”•i‚Λ‚η‚Ά,™•ΐ,‚‰~›‰w‘O,131156,“‹“s,™•ΐ‹ζ,‚‰~›–k‚R’–Ϊ,2025/6/23,17,‚SK‚ΔΘγ‹¤“―Z‘ξ,‚»‚Μ‘Ό,‚»‚Μ‘Ό
ή“,•”•i‚Λ‚η‚Ά,‚δΛ,γ‚δΛ,131156,“‹“s,™•ΐ‹ζ,γ‚δΛ‚P’–Ϊ,2025/9/15,6,‚»‚Μ‘Ό,‚»‚Μ‘Ό,‚»‚Μ‘Ό
ή“,•”•i‚Λ‚η‚Ά,‚δΛ,@Ή›‘O,131156,“‹“s,™•ΐ‹ζ,‰Ί‚δΛ‚S’–Ϊ,2025/11/12,7,‚»‚Μ‘Ό‚ΜZ‘ξi‚RK‚ΔΘ‰Ί‹¤“―Z‘ξ“™j,’“Τi—Φjκ,ƒ^ƒCƒ„EƒzƒC[ƒ‹
ή“,•”•i‚Λ‚η‚Ά,‚δΛ,@Ή›‘O,131156,“‹“s,™•ΐ‹ζ,‰Ί‚δΛ‚T’–Ϊ,2025/7/10,14,’“Τi—Φjκ,’“Τi—Φjκ,‚»‚Μ‘Ό
ή“,•”•i‚Λ‚η‚Ά,‚δΛ,‰i•’¬‰w‘O,131156,“‹“s,™•ΐ‹ζ,‰i•‚P’–Ϊ,2025/8/30,12,‚»‚Μ‘Ό‚ΜZ‘ξi‚RK‚ΔΘ‰Ί‹¤“―Z‘ξ“™j,’“Τi—Φjκ,ƒiƒ“ƒo[ƒvƒ[ƒg
ή“,•”•i‚Λ‚η‚Ά,‚δΛ,‰i•’¬‰w‘O,131156,“‹“s,™•ΐ‹ζ,‰i•‚Q’–Ϊ,2025/10/24,15,κΛZ‘ξ,‚»‚Μ‘Ό,‚»‚Μ‘Ό
ή“,•”•i‚Λ‚η‚Ά,‚δΛ,ς“μ,131156,“‹“s,™•ΐ‹ζ,aς‚P’–Ϊ,2025/11/19,16,‚SK‚ΔΘγ‹¤“―Z‘ξ,’“Τi—Φjκ,‚»‚Μ‘Ό
ή“,•”•i‚Λ‚η‚Ά,‚δΛ,ς“μ,131156,“‹“s,™•ΐ‹ζ,aς‚Q’–Ϊ,2025/6/15,17,κΛZ‘ξ,’“Τi—Φjκ,‚»‚Μ‘Ό
ή“,•”•i‚Λ‚η‚Ά,‚δΛ,•l“cR,131156,“‹“s,™•ΐ‹ζ,‚δΛ“‚R’–Ϊ,2025/10/17,21,‚SK‚ΔΘγ‹¤“―Z‘ξ,’“Τi—Φjκ,ƒiƒ“ƒo[ƒvƒ[ƒg
ή“,•”•i‚Λ‚η‚Ά,‚δΛ,•l“cR,131156,“‹“s,™•ΐ‹ζ,•l“cR‚Q’–Ϊ,2025/4/20,13,“ΉHγ,‚»‚Μ‘Ό,‚»‚Μ‘Ό
ή“,•”•i‚Λ‚η‚Ά,‚δΛ,Ό‰¬“μ,131156,“‹“s,™•ΐ‹ζ,Ό‰¬“μ‚P’–Ϊ,2025/4/9,15,κΛZ‘ξ,‚»‚Μ‘Ό,‚»‚Μ‘Ό
ή“,•”•i‚Λ‚η‚Ά,‚δΛ,Ό‰¬“μ,131156,“‹“s,™•ΐ‹ζ,Ό‰¬“μ‚Q’–Ϊ,2025/2/6,20,κΛZ‘ξ,’“Τi—Φjκ,‚»‚Μ‘Ό
ή“,•”•i‚Λ‚η‚Ά,‰¬E,γδ‘‰w‘O,131156,“‹“s,™•ΐ‹ζ,γδ‘‚Q’–Ϊ,2025/8/15,11,‚»‚Μ‘Ό,’“Τi—Φjκ,‚»‚Μ‘Ό
ή“,•”•i‚Λ‚η‚Ά,‰¬E,γδ‘‰w‘O,131156,“‹“s,™•ΐ‹ζ,γδ‘‚Q’–Ϊ,2025/9/14,18,‚»‚Μ‘Ό‚ΜZ‘ξi‚RK‚ΔΘ‰Ί‹¤“―Z‘ξ“™j,‚»‚Μ‘Ό,‚»‚Μ‘Ό
ή“,•”•i‚Λ‚η‚Ά,‰¬E,γδ‘‰w‘O,131156,“‹“s,™•ΐ‹ζ,γδ‘‚R’–Ϊ,2025/1/10,15,κΛZ‘ξ,‚»‚Μ‘Ό,ƒiƒ“ƒo[ƒvƒ[ƒg
ή“,•”•i‚Λ‚η‚Ά,‰¬E,γδ‘‰w‘O,131156,“‹“s,™•ΐ‹ζ,γδ‘‚R’–Ϊ,2025/9/4,19,κΛZ‘ξ,‚»‚Μ‘Ό,‚»‚Μ‘Ό
ή“,•”•i‚Λ‚η‚Ά,‰¬E,γδ‘‰w‘O,131156,“‹“s,™•ΐ‹ζ,γδ‘‚R’–Ϊ,2025/9/4,20,κΛZ‘ξ,‚»‚Μ‘Ό,‚»‚Μ‘Ό
ή“,•”•i‚Λ‚η‚Ά,‰¬E,‰Ίδ‘‰w‘O,131156,“‹“s,™•ΐ‹ζ,δ‘‚P’–Ϊ,2025/2/27,13,‚SK‚ΔΘγ‹¤“―Z‘ξ,’“Τi—Φjκ,‚»‚Μ‘Ό
ή“,•”•i‚Λ‚η‚Ά,‰¬E,‰Ίδ‘‰w‘O,131156,“‹“s,™•ΐ‹ζ,δ‘‚P’–Ϊ,2025/5/1,17,‚»‚Μ‘Ό‚ΜZ‘ξi‚RK‚ΔΘ‰Ί‹¤“―Z‘ξ“™j,‚»‚Μ‘Ό,‚»‚Μ‘Ό
ή“,•”•i‚Λ‚η‚Ά,‰¬E,‰Ίδ‘‰w‘O,131156,“‹“s,™•ΐ‹ζ,δ‘‚P’–Ϊ,2025/7/25,14,’“Τi—Φjκ,’“Τi—Φjκ,‚»‚Μ‘Ό
ή“,•”•i‚Λ‚η‚Ά,‰¬E,‰Ίδ‘‰w‘O,131156,“‹“s,™•ΐ‹ζ,‰Ίδ‘‚Q’–Ϊ,2025/8/8,19,“ΉHγ,‚»‚Μ‘Ό,‚»‚Μ‘Ό
ή“,•”•i‚Λ‚η‚Ά,‰¬E,δ‰¬‰w‘O,131156,“‹“s,™•ΐ‹ζ,δ‘‚R’–Ϊ,2025/4/18,3,‚»‚Μ‘Ό,’“Τi—Φjκ,‚»‚Μ‘Ό
ή“,•”•i‚Λ‚η‚Ά,‰¬E,δ‰¬‰w‘O,131156,“‹“s,™•ΐ‹ζ,δ‘‚S’–Ϊ,2025/3/27,21,‚»‚Μ‘Ό,’“Τi—Φjκ,‚»‚Μ‘Ό
ή“,•”•i‚Λ‚η‚Ά,‰¬E,΅μ,131156,“‹“s,™•ΐ‹ζ,΅μ‚P’–Ϊ,2025/4/16,16,‚»‚Μ‘Ό,’“Τi—Φjκ,‚»‚Μ‘Ό
ή“,•”•i‚Λ‚η‚Ά,‰¬E,΅μ,131156,“‹“s,™•ΐ‹ζ,΅μ‚P’–Ϊ,2025/4/18,18,‚»‚Μ‘Ό,’“Τi—Φjκ,‚»‚Μ‘Ό
ή“,•”•i‚Λ‚η‚Ά,‰¬E,‰¬E‰w“μϋ,131156,“‹“s,™•ΐ‹ζ,‰¬E‚S’–Ϊ,2025/7/6,9,’“Τi—Φjκ,’“Τi—Φjκ,‚»‚Μ‘Ό
ή“,•”•i‚Λ‚η‚Ά,‰¬E,‰¬E‰w“μϋ,131156,“‹“s,™•ΐ‹ζ,‰¬E‚T’–Ϊ,2025/7/7,13,‚»‚Μ‘Ό,’“Τi—Φjκ,‚»‚Μ‘Ό
ή“,•”•i‚Λ‚η‚Ά,•xβ,ηΞκ’–Ϊ,131059,“‹“s,•¶‹‹ζ,ηΞ‚P’–Ϊ,2025/4/5,2,κΛZ‘ξ,’“Τi—Φjκ,‚»‚Μ‘Ό
ή“,•”•i‚Λ‚η‚Ά,•xβ,γy,131059,“‹“s,•¶‹‹ζ,¬Ξμ‚R’–Ϊ,2025/10/9,10,κΛZ‘ξ,‚»‚Μ‘Ό,‚»‚Μ‘Ό
ή“,•”•i‚Λ‚η‚Ά,•xβ,t“ϊ,131059,“‹“s,•¶‹‹ζ,¬Ξμ‚R’–Ϊ,2025/1/25,16,‚»‚Μ‘Ό,‚»‚Μ‘Ό,‚»‚Μ‘Ό
ή“,•”•i‚Λ‚η‚Ά,‘ε’Λ,]Λμ‹΄,131059,“‹“s,•¶‹‹ζ,Φϋ‚P’–Ϊ,2025/11/7,6,’“Τi—Φjκ,’“Τi—Φjκ,‚»‚Μ‘Ό
ή“,•”•i‚Λ‚η‚Ά,–{•xm,λςβ,131059,“‹“s,•¶‹‹ζ,–{‹½‚Q’–Ϊ,2024/11/13,19,’“Τi—Φjκ,’“Τi—Φjκ,‚»‚Μ‘Ό
ή“,•”•i‚Λ‚η‚Ά,–{•xm,–ν¶’¬,131059,“‹“s,•¶‹‹ζ,Ό•Π‚P’–Ϊ,2025/5/22,21,’“Τi—Φjκ,’“Τi—Φjκ,‚»‚Μ‘Ό
ή“,•”•i‚Λ‚η‚Ά,–{•xm,–{‹½,131059,“‹“s,•¶‹‹ζ,Ό•Π‚P’–Ϊ,2023/8/1,13,’“Τi—Φjκ,’“Τi—Φjκ,ƒ^ƒCƒ„EƒzƒC[ƒ‹
ή“,•”•i‚Λ‚η‚Ά,–{•xm,–{‹½,131059,“‹“s,•¶‹‹ζ,Ό•Π‚P’–Ϊ,2025/5/22,19,’“Τi—Φjκ,’“Τi—Φjκ,‚»‚Μ‘Ό
ή“,•”•i‚Λ‚η‚Ά,–{•xm,ª’Γ,131059,“‹“s,•¶‹‹ζ,ª’Γ‚Q’–Ϊ,2025/9/20,12,’“Τi—Φjκ,’“Τi—Φjκ,‚»‚Μ‘Ό
ή“,•”•i‚Λ‚η‚Ά,‹ξ,γ•xm‘O,131059,“‹“s,•¶‹‹ζ,–{‹ξ‚T’–Ϊ,2025/5/31,16,’“Τi—Φjκ,’“Τi—Φjκ,‚»‚Μ‘Ό
ή“,•”•i‚Λ‚η‚Ά,‹ξ,“®β,131059,“‹“s,•¶‹‹ζ,η‘Κ–Ψ‚S’–Ϊ,2025/6/4,18,κΛZ‘ξ,‚»‚Μ‘Ό,‚»‚Μ‘Ό
ή“,•”•i‚Λ‚η‚Ά,‹ξ,“®β,131059,“‹“s,•¶‹‹ζ,–{‹ξ‚R’–Ϊ,2025/5/22,13,κΛZ‘ξ,’“Τi—Φjκ,‚»‚Μ‘Ό
ή“,•”•i‚Λ‚η‚Ά,‹ξ,“®β,131059,“‹“s,•¶‹‹ζ,–{‹ξ‚S’–Ϊ,2025/5/31,17,κΛZ‘ξ,’“Τi—Φjκ,‚»‚Μ‘Ό
ή“,•”•i‚Λ‚η‚Ά,‹ξ,“®β,131059,“‹“s,•¶‹‹ζ,–{‹ξ‚S’–Ϊ,2025/6/1,18,κΛZ‘ξ,’“Τi—Φjκ,‚»‚Μ‘Ό
ή“,•”•i‚Λ‚η‚Ά,‹ξ,’cqβ,131059,“‹“s,•¶‹‹ζ,η‘Κ–Ψ‚P’–Ϊ,2024/12/24,8,“ΉHγ,‚»‚Μ‘Ό,‚»‚Μ‘Ό
ή“,•”•i‚Λ‚η‚Ά,‹ξ,’cqβ,131059,“‹“s,•¶‹‹ζ,η‘Κ–Ψ‚Q’–Ϊ,2025/5/22,18,’“Τi—Φjκ,’“Τi—Φjκ,‚»‚Μ‘Ό
ή“,•”•i‚Λ‚η‚Ά,‹ξ,’cqβ,131059,“‹“s,•¶‹‹ζ,η‘Κ–Ψ‚Q’–Ϊ,2025/6/6,3,κΛZ‘ξ,‚»‚Μ‘Ό,‚»‚Μ‘Ό
ή“,•”•i‚Λ‚η‚Ά,‹ξ,,,,,,2025/12/19,9,“ΉHγ,‚»‚Μ‘Ό,ƒiƒ“ƒo[ƒvƒ[ƒg
ή“,•”•i‚Λ‚η‚Ά,‘ƒ›,‘ε’Λ‰w‘O,131164,“‹“s,–L“‡‹ζ,–k‘ε’Λ‚Q’–Ϊ,2025/11/25,9,’“Τi—Φjκ,’“Τi—Φjκ,‚»‚Μ‘Ό
ή“,•”•i‚Λ‚η‚Ά,‘ƒ›,‘ƒ›‰w‘O,131164,“‹“s,–L“‡‹ζ,‘ƒ›‚P’–Ϊ,2025/8/23,9,’“Τi—Φjκ,’“Τi—Φjκ,‚»‚Μ‘Ό
ή“,•”•i‚Λ‚η‚Ά,‘ƒ›,‘ƒ›‰w‘O,131164,“‹“s,–L“‡‹ζ,‘ƒ›‚Q’–Ϊ,2025/3/15,13,‚»‚Μ‘Ό,’“Τi—Φjκ,‚»‚Μ‘Ό
ή“,•”•i‚Λ‚η‚Ά,‘ƒ›,M\’Λ,131164,“‹“s,–L“‡‹ζ,Ό‘ƒ›‚Q’–Ϊ,2025/7/25,21,κΛZ‘ξ,’“Τi—Φjκ,‚»‚Μ‘Ό
ή“,•”•i‚Λ‚η‚Ά,’r‘ά,γ’r‘ά,131164,“‹“s,–L“‡‹ζ,’r‘ά‚R’–Ϊ,2025/8/24,15,κΛZ‘ξ,’“Τi—Φjκ,ƒiƒ“ƒo[ƒvƒ[ƒg
ή“,•”•i‚Λ‚η‚Ά,’r‘ά,μ‰z’Κ,131164,“‹“s,–L“‡‹ζ,’r‘ά‚S’–Ϊ,2025/7/4,19,‚SK‚ΔΘγ‹¤“―Z‘ξ,’“Τi—Φjκ,‚»‚Μ‘Ό
ή“,•”•i‚Λ‚η‚Ά,’r‘ά,’r‘ά“ρ–”,131164,“‹“s,–L“‡‹ζ,’r‘ά‚Q’–Ϊ,2025/10/27,11,‚SK‚ΔΘγ‹¤“―Z‘ξ,’“Τi—Φjκ,‚»‚Μ‘Ό
ή“,•”•i‚Λ‚η‚Ά,’r‘ά,’r‘ά“ρ–”,131164,“‹“s,–L“‡‹ζ,Ό’r‘ά‚T’–Ϊ,2025/1/6,11,‚SK‚ΔΘγ‹¤“―Z‘ξ,’“Τi—Φjκ,‚»‚Μ‘Ό
ή“,•”•i‚Λ‚η‚Ά,’r‘ά,’r‘ά–{’¬,131164,“‹“s,–L“‡‹ζ,’r‘ά–{’¬‚S’–Ϊ,2025/6/6,17,κΛZ‘ξ,’“Τi—Φjκ,‚»‚Μ‘Ό
ή“,•”•i‚Λ‚η‚Ά,’r‘ά,’r‘ά–{’¬,131164,“‹“s,–L“‡‹ζ,’r‘ά–{’¬‚S’–Ϊ,2025/6/7,12,κΛZ‘ξ,‚»‚Μ‘Ό,‚»‚Μ‘Ό
ή“,•”•i‚Λ‚η‚Ά,’r‘ά,’r‘ά‰w“ϋ,131164,“‹“s,–L“‡‹ζ,“’r‘ά‚P’–Ϊ,2025/7/15,9,‚»‚Μ‘Ό,‚»‚Μ‘Ό,‚»‚Μ‘Ό
ή“,•”•i‚Λ‚η‚Ά,’r‘ά,’r‘ά‰wΌϋ,131164,“‹“s,–L“‡‹ζ,Ό’r‘ά‚P’–Ϊ,2025/3/21,12,’“Τi—Φjκ,’“Τi—Φjκ,‚»‚Μ‘Ό
ή“,•”•i‚Λ‚η‚Ά,’r‘ά,’r‘ά‰wΌϋ,131164,“‹“s,–L“‡‹ζ,Ό’r‘ά‚P’–Ϊ,2025/4/30,10,’“Τi—Φjκ,’“Τi—Φjκ,‚»‚Μ‘Ό
ή“,•”•i‚Λ‚η‚Ά,–Ϊ”’,ημ,131164,“‹“s,–L“‡‹ζ,—v’¬‚P’–Ϊ,2025/1/12,11,κΛZ‘ξ,’“Τi—Φjκ,‚»‚Μ‘Ό
ή“,•”•i‚Λ‚η‚Ά,–Ϊ”’,ημ,131164,“‹“s,–L“‡‹ζ,—v’¬‚R’–Ϊ,2025/11/17,23,‚»‚Μ‘Ό‚ΜZ‘ξi‚RK‚ΔΘ‰Ί‹¤“―Z‘ξ“™j,’“Τi—Φjκ,‚»‚Μ‘Ό
ή“,•”•i‚Λ‚η‚Ά,–Ϊ”’,η“oΆ‹΄,131164,“‹“s,–L“‡‹ζ,‚“c‚P’–Ϊ,2025/1/12,8,‚SK‚ΔΘγ‹¤“―Z‘ξ,’“Τi—Φjκ,‚»‚Μ‘Ό
ή“,•”•i‚Λ‚η‚Ά,–Ϊ”’,“μ’r‘ά,131164,“‹“s,–L“‡‹ζ,“μ’r‘ά‚P’–Ϊ,2025/12/20,5,’“Τi—Φjκ,’“Τi—Φjκ,‚»‚Μ‘Ό
ή“,•”•i‚Λ‚η‚Ά,–Ϊ”’,“μ’·θ,131164,“‹“s,–L“‡‹ζ,“μ’·θ‚S’–Ϊ,2025/11/22,8,‚»‚Μ‘Ό‚ΜZ‘ξi‚RK‚ΔΘ‰Ί‹¤“―Z‘ξ“™j,‚»‚Μ‘Ό,‚»‚Μ‘Ό
ή“,•”•i‚Λ‚η‚Ά,–Ϊ”’,“’·θ‰w‘O,131164,“‹“s,–L“‡‹ζ,’·θ‚U’–Ϊ,2025/2/2,12,κΛZ‘ξ,’“Τi—Φjκ,‚»‚Μ‘Ό
ή“,•”•i‚Λ‚η‚Ά,–Ϊ”’,’Ε–Ό’¬‰w‘O,131164,“‹“s,–L“‡‹ζ,’·θ‚Q’–Ϊ,2025/11/2,22,‚SK‚ΔΘγ‹¤“―Z‘ξ,’“Τi—Φjκ,‚»‚Μ‘Ό
ή“,•”•i‚Λ‚η‚Ά,–Ϊ”’,–Ϊ”’‰w‘O,131164,“‹“s,–L“‡‹ζ,‚“c‚R’–Ϊ,2025/6/15,17,‚»‚Μ‘Ό‚ΜZ‘ξi‚RK‚ΔΘ‰Ί‹¤“―Z‘ξ“™j,’“Τi—Φjκ,‚»‚Μ‘Ό
ή“,•”•i‚Λ‚η‚Ά,–Ϊ”’,–Ϊ”’‰w‘O,131164,“‹“s,–L“‡‹ζ,–Ϊ”’‚S’–Ϊ,2025/8/11,16,κΛZ‘ξ,’“Τi—Φjκ,‚»‚Μ‘Ό
ή“,•”•i‚Λ‚η‚Ά,–Ϊ”’,–Ϊ”’‰w‘O,131164,“‹“s,–L“‡‹ζ,–Ϊ”’‚T’–Ϊ,2025/9/8,9,‚»‚Μ‘Ό‚ΜZ‘ξi‚RK‚ΔΘ‰Ί‹¤“―Z‘ξ“™j,‚»‚Μ‘Ό,‚»‚Μ‘Ό
ή“,•”•i‚Λ‚η‚Ά,–Ϊ”’,—v’¬,131164,“‹“s,–L“‡‹ζ,‚Ό‚P’–Ϊ,2025/6/28,10,‚»‚Μ‘Ό‚ΜZ‘ξi‚RK‚ΔΘ‰Ί‹¤“―Z‘ξ“™j,’“Τi—Φjκ,‚»‚Μ‘Ό
ή“,•”•i‚Λ‚η‚Ά,–Ϊ”’,—v’¬,131164,“‹“s,–L“‡‹ζ,ημ‚P’–Ϊ,2025/4/20,16,’“Τi—Φjκ,’“Τi—Φjκ,‚»‚Μ‘Ό
ή“,•”•i‚Λ‚η‚Ά,‘κ–μμ,”φ‹v‰w‘O,131172,“‹“s,–k‹ζ,γ’†—Ά‚Q’–Ϊ,2025/1/14,16,‚»‚Μ‘Ό‚ΜZ‘ξi‚RK‚ΔΘ‰Ί‹¤“―Z‘ξ“™j,‚»‚Μ‘Ό,‚»‚Μ‘Ό
ή“,•”•i‚Λ‚η‚Ά,‘κ–μμ,”φ‹v‰w‘O,131172,“‹“s,–k‹ζ,‰h’¬,2025/11/12,7,’“Τi—Φjκ,’“Τi—Φjκ,‚»‚Μ‘Ό
ή“,•”•i‚Λ‚η‚Ά,‘κ–μμ,““c’[,131172,“‹“s,–k‹ζ,““c’[‚Q’–Ϊ,2025/8/13,9,‚SK‚ΔΘγ‹¤“―Z‘ξ,’“Τi—Φjκ,‚»‚Μ‘Ό
ή“,•”•i‚Λ‚η‚Ά,‘κ–μμ,”Β‹΄‰w“ϋ,131172,“‹“s,–k‹ζ,‘κ–μμ‚U’–Ϊ,2025/12/16,18,‚»‚Μ‘Ό‚ΜZ‘ξi‚RK‚ΔΘ‰Ί‹¤“―Z‘ξ“™j,‚»‚Μ‘Ό,ƒiƒ“ƒo[ƒvƒ[ƒg
ή“,•”•i‚Λ‚η‚Ά,‘κ–μμ,”Β‹΄‰w“ϋ,131172,“‹“s,–k‹ζ,‘κ–μμ‚V’–Ϊ,2025/6/22,9,‚»‚Μ‘Ό,’“Τi—Φjκ,‚»‚Μ‘Ό
ή“,•”•i‚Λ‚η‚Ά,‘κ–μμ,”Β‹΄‰w“ϋ,131172,“‹“s,–k‹ζ,‘κ–μμ‚V’–Ϊ,2025/7/12,19,‚»‚Μ‘Ό,’“Τi—Φjκ,‚»‚Μ‘Ό
ή“,•”•i‚Λ‚η‚Ά,‘κ–μμ,”Β‹΄‰w“ϋ,131172,“‹“s,–k‹ζ,‘κ–μμ‚V’–Ϊ,2025/10/13,13,‚»‚Μ‘Ό,’“Τi—Φjκ,‚»‚Μ‘Ό
ή“,•”•i‚Λ‚η‚Ά,‘κ–μμ,”Β‹΄‰w“ϋ,131172,“‹“s,–k‹ζ,‘κ–μμ‚V’–Ϊ,2025/11/15,10,‚»‚Μ‘Ό,’“Τi—Φjκ,‚»‚Μ‘Ό
ή“,•”•i‚Λ‚η‚Ά,‘κ–μμ,‘κ–μμκ’–Ϊ,131172,“‹“s,–k‹ζ,‘κ–μμ‚R’–Ϊ,2025/9/28,22,‚SK‚ΔΘγ‹¤“―Z‘ξ,’“Τi—Φjκ,ƒ^ƒCƒ„EƒzƒC[ƒ‹
ή“,•”•i‚Λ‚η‚Ά,‘κ–μμ,“c’[‚‘δ,131172,“‹“s,–k‹ζ,“c’[‚P’–Ϊ,2025/5/27,14,κΛZ‘ξ,‚»‚Μ‘Ό,‚»‚Μ‘Ό
ή“,•”•i‚Λ‚η‚Ά,‘κ–μμ,“c’[‚‘δ,131172,“‹“s,–k‹ζ,“c’[‚P’–Ϊ,2025/5/27,20,κΛZ‘ξ,‚»‚Μ‘Ό,‚»‚Μ‘Ό
ή“,•”•i‚Λ‚η‚Ά,‘κ–μμ,“c’[‚‘δ,131172,“‹“s,–k‹ζ,“c’[‚P’–Ϊ,2025/5/27,20,κΛZ‘ξ,’“Τi—Φjκ,‚»‚Μ‘Ό
ή“,•”•i‚Λ‚η‚Ά,‘κ–μμ,“c’[‚‘δ,131172,“‹“s,–k‹ζ,“c’[‚R’–Ϊ,2025/9/20,12,‚»‚Μ‘Ό‚ΜZ‘ξi‚RK‚ΔΘ‰Ί‹¤“―Z‘ξ“™j,’“Τi—Φjκ,‚»‚Μ‘Ό
ή“,•”•i‚Λ‚η‚Ά,‘κ–μμ,ΌƒP΄,131172,“‹“s,–k‹ζ,γ’†—Ά‚P’–Ϊ,2025/2/24,17,’“Τi—Φjκ,’“Τi—Φjκ,ƒiƒ“ƒo[ƒvƒ[ƒg
ή“,•”•i‚Λ‚η‚Ά,‘κ–μμ,”ς’ΉR,131172,“‹“s,–k‹ζ,‘κ–μμ‚P’–Ϊ,2025/7/20,17,‚SK‚ΔΘγ‹¤“―Z‘ξ,’“Τi—Φjκ,ƒiƒ“ƒo[ƒvƒ[ƒg
ή“,•”•i‚Λ‚η‚Ά,‰¤q,\π‰w‘O,131172,“‹“s,–k‹ζ,\π’‡΄‚P’–Ϊ,2024/2/1,0,‚»‚Μ‘Ό‚ΜZ‘ξi‚RK‚ΔΘ‰Ί‹¤“―Z‘ξ“™j,’“Τi—Φjκ,ƒiƒ“ƒo[ƒvƒ[ƒg
ή“,•”•i‚Λ‚η‚Ά,‰¤q,“\π,131172,“‹“s,–k‹ζ,“\π‚R’–Ϊ,2025/10/18,10,’“Τi—Φjκ,’“Τi—Φjκ,ƒiƒ“ƒo[ƒvƒ[ƒg
ή“,•”•i‚Λ‚η‚Ά,‰¤q,‰¤qά’–Ϊ,131172,“‹“s,–k‹ζ,‰¤q‚T’–Ϊ,2025/8/1,20,‚SK‚ΔΘγ‹¤“―Z‘ξ,’“Τi—Φjκ,ƒiƒ“ƒo[ƒvƒ[ƒg
ή“,•”•i‚Λ‚η‚Ά,‰¤q,‰¤qά’–Ϊ,131172,“‹“s,–k‹ζ,‰¤q‚T’–Ϊ,2025/10/18,18,‚SK‚ΔΘγ‹¤“―Z‘ξ,’“Τi—Φjκ,ƒiƒ“ƒo[ƒvƒ[ƒg
ή“,•”•i‚Λ‚η‚Ά,‰¤q,‰¤qά’–Ϊ,131172,“‹“s,–k‹ζ,–L“‡‚V’–Ϊ,2025/3/2,18,κΛZ‘ξ,’“Τi—Φjκ,‚»‚Μ‘Ό
ή“,•”•i‚Λ‚η‚Ά,‰¤q,‰¤qά’–Ϊ,131172,“‹“s,–k‹ζ,–L“‡‚W’–Ϊ,2025/3/10,14,‚SK‚ΔΘγ‹¤“―Z‘ξ,’“Τi—Φjκ,‚»‚Μ‘Ό
ή“,•”•i‚Λ‚η‚Ά,‰¤q,‰¤q–{’¬,131172,“‹“s,–k‹ζ,‰¤q–{’¬‚P’–Ϊ,2025/11/3,10,‚»‚Μ‘Ό,’“Τi—Φjκ,‚»‚Μ‘Ό
ή“,•”•i‚Λ‚η‚Ά,‰¤q,‰¤q–{’¬,131172,“‹“s,–k‹ζ,‰¤q–{’¬‚R’–Ϊ,2025/12/28,12,‚SK‚ΔΘγ‹¤“―Z‘ξ,’“Τi—Φjκ,‚»‚Μ‘Ό
ή“,•”•i‚Λ‚η‚Ά,‰¤q,‰¤q‰w‘O,131172,“‹“s,–k‹ζ,‰¤q‚P’–Ϊ,2025/6/23,18,’“Τi—Φjκ,’“Τi—Φjκ,‚»‚Μ‘Ό
ή“,•”•i‚Λ‚η‚Ά,‰¤q,‰¤q‰w‘O,131172,“‹“s,–k‹ζ,–x‘D‚P’–Ϊ,2025/1/26,20,‚SK‚ΔΘγ‹¤“―Z‘ξ,’“Τi—Φjκ,‚»‚Μ‘Ό
ή“,•”•i‚Λ‚η‚Ά,‰¤q,–L“‡ά’–Ϊ,131172,“‹“s,–k‹ζ,–L“‡‚T’–Ϊ,2024/12/28,19,‚SK‚ΔΘγ‹¤“―Z‘ξ,’“Τi—Φjκ,‚»‚Μ‘Ό
ή“,•”•i‚Λ‚η‚Ά,‰¤q,–L“‡ά’–Ϊ,131172,“‹“s,–k‹ζ,–L“‡‚T’–Ϊ,2025/7/15,13,‚SK‚ΔΘγ‹¤“―Z‘ξ,’“Τi—Φjκ,ƒiƒ“ƒo[ƒvƒ[ƒg
ή“,•”•i‚Λ‚η‚Ά,‰¤q,–L“‡ά’–Ϊ,131172,“‹“s,–k‹ζ,–L“‡‚T’–Ϊ,2025/8/1,0,‚SK‚ΔΘγ‹¤“―Z‘ξ,’“Τi—Φjκ,ƒiƒ“ƒo[ƒvƒ[ƒg
ή“,•”•i‚Λ‚η‚Ά,‰¤q,–L“‡ά’–Ϊ,131172,“‹“s,–k‹ζ,–L“‡‚T’–Ϊ,2025/8/19,10,‚SK‚ΔΘγ‹¤“―Z‘ξ,‚»‚Μ‘Ό,‚»‚Μ‘Ό
ή“,•”•i‚Λ‚η‚Ά,‰¤q,–L“‡ά’–Ϊ,131172,“‹“s,–k‹ζ,–L“‡‚T’–Ϊ,2025/8/24,21,‚SK‚ΔΘγ‹¤“―Z‘ξ,’“Τi—Φjκ,ƒiƒ“ƒo[ƒvƒ[ƒg
ή“,•”•i‚Λ‚η‚Ά,Τ‰H,‹{–x,131172,“‹“s,–k‹ζ,_’J‚P’–Ϊ,2025/1/7,14,‚SK‚ΔΘγ‹¤“―Z‘ξ,’“Τi—Φjκ,‚»‚Μ‘Ό
ή“,•”•i‚Λ‚η‚Ά,Τ‰H,–@‘P›,131172,“‹“s,–k‹ζ,Τ‰H‘δ‚P’–Ϊ,2025/1/17,21,‚SK‚ΔΘγ‹¤“―Z‘ξ,’“Τi—Φjκ,ƒiƒ“ƒo[ƒvƒ[ƒg
ή“,•”•i‚Λ‚η‚Ά,Τ‰H,–@‘P›,131172,“‹“s,–k‹ζ,‹ΛƒP‹u‚P’–Ϊ,2025/10/4,12,‚SK‚ΔΘγ‹¤“―Z‘ξ,’“Τi—Φjκ,ƒiƒ“ƒo[ƒvƒ[ƒg
ή“,•”•i‚Λ‚η‚Ά,Τ‰H,–@‘P›,131172,“‹“s,–k‹ζ,‹ΛƒP‹u‚P’–Ϊ,2025/10/11,18,‚SK‚ΔΘγ‹¤“―Z‘ξ,’“Τi—Φjκ,‚»‚Μ‘Ό
ή“,•”•i‚Λ‚η‚Ά,Τ‰H,–@‘P›,131172,“‹“s,–k‹ζ,‹ΛƒP‹u‚P’–Ϊ,2025/11/5,12,‚SK‚ΔΘγ‹¤“―Z‘ξ,’“Τi—Φjκ,ƒiƒ“ƒo[ƒvƒ[ƒg
ή“,•”•i‚Λ‚η‚Ά,Τ‰H,•‚Τ,131172,“‹“s,–k‹ζ,•‚Τ‚R’–Ϊ,2025/8/1,17,‚SK‚ΔΘγ‹¤“―Z‘ξ,’“Τi—Φjκ,ƒiƒ“ƒo[ƒvƒ[ƒg
ή“,•”•i‚Λ‚η‚Ά,Τ‰H,Ό‚ª‹u,131172,“‹“s,–k‹ζ,Τ‰HΌ‚U’–Ϊ,2025/10/21,18,‚SK‚ΔΘγ‹¤“―Z‘ξ,’“Τi—Φjκ,‚»‚Μ‘Ό
ή“,•”•i‚Λ‚η‚Ά,Τ‰H,Ό‚ª‹u,131172,“‹“s,–k‹ζ,Ό‚ª‹u‚P’–Ϊ,2025/1/1,0,‚»‚Μ‘Ό‚ΜZ‘ξi‚RK‚ΔΘ‰Ί‹¤“―Z‘ξ“™j,’“Τi—Φjκ,ƒiƒ“ƒo[ƒvƒ[ƒg
ή“,•”•i‚Λ‚η‚Ά,Τ‰H,Ό‚ª‹u,131172,“‹“s,–k‹ζ,Ό‚ª‹u‚P’–Ϊ,2025/7/20,12,‚SK‚ΔΘγ‹¤“―Z‘ξ,’“Τi—Φjκ,ƒiƒ“ƒo[ƒvƒ[ƒg
ή“,•”•i‚Λ‚η‚Ά,Τ‰H,Ό‚ª‹u,131172,“‹“s,–k‹ζ,Ό‚ª‹u‚R’–Ϊ,2024/12/8,17,’“Τi—Φjκ,’“Τi—Φjκ,ƒiƒ“ƒo[ƒvƒ[ƒg
ή“,•”•i‚Λ‚η‚Ά,Τ‰H,Ό‚ª‹u,131172,“‹“s,–k‹ζ,Ό‚ª‹u‚R’–Ϊ,2025/4/20,13,‚SK‚ΔΘγ‹¤“―Z‘ξ,’“Τi—Φjκ,‚»‚Μ‘Ό
ή“,•”•i‚Λ‚η‚Ά,Τ‰H,Ό‚ª‹u,131172,“‹“s,–k‹ζ,Ό‚ª‹u‚R’–Ϊ,2025/5/15,18,’“Τi—Φjκ,’“Τi—Φjκ,‚»‚Μ‘Ό
ή“,•”•i‚Λ‚η‚Ά,Τ‰H,Τ‰H–k,131172,“‹“s,–k‹ζ,Τ‰H–k‚R’–Ϊ,2025/1/1,9,‚SK‚ΔΘγ‹¤“―Z‘ξ,’“Τi—Φjκ,ƒiƒ“ƒo[ƒvƒ[ƒg
ή“,•”•i‚Λ‚η‚Ά,Τ‰H,Τ‰H‰w‘O,131172,“‹“s,–k‹ζ,Τ‰H“μ‚P’–Ϊ,2025/10/30,18,‚SK‚ΔΘγ‹¤“―Z‘ξ,’“Τi—Φjκ,ƒiƒ“ƒo[ƒvƒ[ƒg
ή“,•”•i‚Λ‚η‚Ά,”Β‹΄,’†”Β‹΄,131199,“‹“s,”Β‹΄‹ζ,’‡’¬,2025/4/25,12,κΛZ‘ξ,‚»‚Μ‘Ό,‚»‚Μ‘Ό
ή“,•”•i‚Λ‚η‚Ά,”Β‹΄,‘εR’¬,131199,“‹“s,”Β‹΄‹ζ,K’¬,2025/3/19,16,‚SK‚ΔΘγ‹¤“―Z‘ξ,’“Τi—Φjκ,ƒiƒ“ƒo[ƒvƒ[ƒg
ή“,•”•i‚Λ‚η‚Ά,”Β‹΄,‘εR’¬,131199,“‹“s,”Β‹΄‹ζ,K’¬,2025/4/1,•s–Ύ,‚SK‚ΔΘγ‹¤“―Z‘ξ,’“Τi—Φjκ,ƒiƒ“ƒo[ƒvƒ[ƒg
ή“,•”•i‚Λ‚η‚Ά,”Β‹΄,‘εR’¬,131199,“‹“s,”Β‹΄‹ζ,K’¬,2025/10/3,20,‚SK‚ΔΘγ‹¤“―Z‘ξ,’“Τi—Φjκ,‚»‚Μ‘Ό
ή“,•”•i‚Λ‚η‚Ά,”Β‹΄,‘ε’Jϋ,131199,“‹“s,”Β‹΄‹ζ,‘ε’Jϋγ’¬,2025/1/23,12,‚»‚Μ‘Ό,’“Τi—Φjκ,‚»‚Μ‘Ό
ή“,•”•i‚Λ‚η‚Ά,”Β‹΄,‘ε’Jϋ,131199,“‹“s,”Β‹΄‹ζ,‘ε’Jϋγ’¬,2025/11/15,0,“ΉHγ,‚»‚Μ‘Ό,‚»‚Μ‘Ό
ή“,•”•i‚Λ‚η‚Ά,”Β‹΄,‘ε’Jϋ,131199,“‹“s,”Β‹΄‹ζ,ό΄‚P’–Ϊ,2025/8/29,23,’“Τi—Φjκ,’“Τi—Φjκ,ƒiƒ“ƒo[ƒvƒ[ƒg
ή“,•”•i‚Λ‚η‚Ά,”Β‹΄,ν”Υ‘δ,131199,“‹“s,”Β‹΄‹ζ,ν”Υ‘δ‚P’–Ϊ,2025/7/25,12,‚SK‚ΔΘγ‹¤“―Z‘ξ,’“Τi—Φjκ,‚»‚Μ‘Ό
ή“,•”•i‚Λ‚η‚Ά,”Β‹΄,ν”Υ‘δ,131199,“‹“s,”Β‹΄‹ζ,ν”Υ‘δ‚P’–Ϊ,2025/10/31,7,’“Τi—Φjκ,’“Τi—Φjκ,‚»‚Μ‘Ό
ή“,•”•i‚Λ‚η‚Ά,”Β‹΄,ν”Υ‘δ,131199,“‹“s,”Β‹΄‹ζ,ν”Υ‘δ‚R’–Ϊ,2024/11/10,10,‚»‚Μ‘Ό,’“Τi—Φjκ,ƒiƒ“ƒo[ƒvƒ[ƒg
ή“,•”•i‚Λ‚η‚Ά,”Β‹΄,•½”φ,131199,“‹“s,”Β‹΄‹ζ,”Β‹΄‚P’–Ϊ,2025/8/4,7,‚SK‚ΔΘγ‹¤“―Z‘ξ,’“Τi—Φjκ,‚»‚Μ‘Ό
ή“,•”•i‚Λ‚η‚Ά,”Β‹΄,•½”φ,131199,“‹“s,”Β‹΄‹ζ,”Β‹΄‚Q’–Ϊ,2025/1/14,15,“ΉHγ,‚»‚Μ‘Ό,‚»‚Μ‘Ό
ή“,•”•i‚Λ‚η‚Ά,”Β‹΄,•½”φ,131199,“‹“s,”Β‹΄‹ζ,”Β‹΄‚Q’–Ϊ,2025/11/21,14,‚»‚Μ‘Ό‚ΜZ‘ξi‚RK‚ΔΘ‰Ί‹¤“―Z‘ξ“™j,’“Τi—Φjκ,‚»‚Μ‘Ό
ή“,•”•i‚Λ‚η‚Ά,”Β‹΄,•½”φ,131199,“‹“s,”Β‹΄‹ζ,”Β‹΄‚R’–Ϊ,2025/3/7,21,“ΉHγ,‚»‚Μ‘Ό,ƒiƒ“ƒo[ƒvƒ[ƒg
ή“,•”•i‚Λ‚η‚Ά,”Β‹΄,•½”φ,131199,“‹“s,”Β‹΄‹ζ,γ”Β‹΄‚Q’–Ϊ,2025/4/6,16,‚SK‚ΔΘγ‹¤“―Z‘ξ,’“Τi—Φjκ,‚»‚Μ‘Ό
ή“,•”•i‚Λ‚η‚Ά,”Β‹΄,”Β‹΄–{’¬,131199,“‹“s,”Β‹΄‹ζ,ξ‰Χ‘δ,2025/11/19,12,‚SK‚ΔΘγ‹¤“―Z‘ξ,’“Τi—Φjκ,‚»‚Μ‘Ό
ή“,•”•i‚Λ‚η‚Ά,”Β‹΄,F–μ’¬,131199,“‹“s,”Β‹΄‹ζ,‘εR‹ΰδ’¬,2024/12/10,8,‚SK‚ΔΘγ‹¤“―Z‘ξ,’“Τi—Φjκ,‚»‚Μ‘Ό
ή“,•”•i‚Λ‚η‚Ά,”Β‹΄,–ΞC,131199,“‹“s,”Β‹΄‹ζ,¬–Ξª‚Q’–Ϊ,2025/7/21,11,‚»‚Μ‘Ό‚ΜZ‘ξi‚RK‚ΔΘ‰Ί‹¤“―Z‘ξ“™j,’“Τi—Φjκ,‚»‚Μ‘Ό
ή“,•”•i‚Λ‚η‚Ά,”Β‹΄,–ΞC,131199,“‹“s,”Β‹΄‹ζ,¬–Ξª‚S’–Ϊ,2025/5/14,17,‚SK‚ΔΘγ‹¤“―Z‘ξ,’“Τi—Φjκ,ƒiƒ“ƒo[ƒvƒ[ƒg
ή“,•”•i‚Λ‚η‚Ά,”Β‹΄,–ΞC,131199,“‹“s,”Β‹΄‹ζ,ό΄‚R’–Ϊ,2025/11/1,16,’“Τi—Φjκ,’“Τi—Φjκ,ƒ^ƒCƒ„EƒzƒC[ƒ‹
ή“,•”•i‚Λ‚η‚Ά,”Β‹΄,—{η‰@‘O,131199,“‹“s,”Β‹΄‹ζ,‘εR“’¬,2025/8/12,19,‚SK‚ΔΘγ‹¤“―Z‘ξ,’“Τi—Φjκ,‚»‚Μ‘Ό
ή“,•”•i‚Λ‚η‚Ά,”Β‹΄,—{η‰@‘O,131199,“‹“s,”Β‹΄‹ζ,‰h’¬,2025/4/4,22,‚SK‚ΔΘγ‹¤“―Z‘ξ,’“Τi—Φjκ,‚»‚Μ‘Ό
ή“,•”•i‚Λ‚η‚Ά,”Β‹΄,—{η‰@‘O,131199,“‹“s,”Β‹΄‹ζ,’‡h,2025/9/7,16,‚SK‚ΔΘγ‹¤“―Z‘ξ,’“Τi—Φjκ,‚»‚Μ‘Ό
ή“,•”•i‚Λ‚η‚Ά,u‘Ί,’†‘δ,131199,“‹“s,”Β‹΄‹ζ,α–Ψ‚Q’–Ϊ,2025/2/18,19,‚SK‚ΔΘγ‹¤“―Z‘ξ,’“Τi—Φjκ,‚»‚Μ‘Ό
ή“,•”•i‚Λ‚η‚Ά,u‘Ί,’†‘δO’–Ϊ,131199,“‹“s,”Β‹΄‹ζ,’†‘δ‚R’–Ϊ,2025/2/14,8,‚SK‚ΔΘγ‹¤“―Z‘ξ,’“Τi—Φjκ,‚»‚Μ‘Ό
ή“,•”•i‚Λ‚η‚Ά,u‘Ί,’†‘δO’–Ϊ,131199,“‹“s,”Β‹΄‹ζ,’†‘δ‚R’–Ϊ,2025/2/17,17,‚SK‚ΔΘγ‹¤“―Z‘ξ,’“Τi—Φjκ,‚»‚Μ‘Ό
ή“,•”•i‚Λ‚η‚Ά,u‘Ί,βγ,131199,“‹“s,”Β‹΄‹ζ,u‘Ί‚P’–Ϊ,2025/8/27,12,‚»‚Μ‘Ό,’“Τi—Φjκ,ƒiƒ“ƒo[ƒvƒ[ƒg
ή“,•”•i‚Λ‚η‚Ά,u‘Ί,β‰Ί,131199,“‹“s,”Β‹΄‹ζ,β‰Ί‚R’–Ϊ,2025/11/16,16,‚SK‚ΔΘγ‹¤“―Z‘ξ,’“Τi—Φjκ,‚»‚Μ‘Ό
ή“,•”•i‚Λ‚η‚Ά,u‘Ί,β‰Ί,131199,“‹“s,”Β‹΄‹ζ,β‰Ί‚R’–Ϊ,2025/11/19,18,‚SK‚ΔΘγ‹¤“―Z‘ξ,’“Τi—Φjκ,‚»‚Μ‘Ό
ή“,•”•i‚Λ‚η‚Ά,u‘Ί,β‰Ί,131199,“‹“s,”Β‹΄‹ζ,M“n‚R’–Ϊ,2025/5/5,20,‚SK‚ΔΘγ‹¤“―Z‘ξ,’“Τi—Φjκ,‚»‚Μ‘Ό
ή“,•”•i‚Λ‚η‚Ά,u‘Ί,β‰Ί,131199,“‹“s,”Β‹΄‹ζ,M“n‚R’–Ϊ,2025/10/23,16,‚SK‚ΔΘγ‹¤“―Z‘ξ,’“Τi—Φjκ,‚»‚Μ‘Ό
ή“,•”•i‚Λ‚η‚Ά,u‘Ί,΄…’¬,131199,“‹“s,”Β‹΄‹ζ,ς’¬,2025/6/19,19,κΛZ‘ξ,’“Τi—Φjκ,‚»‚Μ‘Ό
ή“,•”•i‚Λ‚η‚Ά,u‘Ί,΄…’¬,131199,“‹“s,”Β‹΄‹ζ,΄…’¬,2024/11/2,19,κΛZ‘ξ,’“Τi—Φjκ,‚»‚Μ‘Ό
ή“,•”•i‚Λ‚η‚Ά,u‘Ί,@ª,131199,“‹“s,”Β‹΄‹ζ,‘¶’¬,2025/2/1,18,‚SK‚ΔΘγ‹¤“―Z‘ξ,‚»‚Μ‘Ό,‚»‚Μ‘Ό
ή“,•”•i‚Λ‚η‚Ά,u‘Ί,@ª,131199,“‹“s,”Β‹΄‹ζ,@ª‚R’–Ϊ,2023/12/1,0,’“Τi—Φjκ,’“Τi—Φjκ,ƒiƒ“ƒo[ƒvƒ[ƒg
ή“,•”•i‚Λ‚η‚Ά,u‘Ί,@ª,131199,“‹“s,”Β‹΄‹ζ,@ª‚R’–Ϊ,2025/3/31,10,‚SK‚ΔΘγ‹¤“―Z‘ξ,’“Τi—Φjκ,‚»‚Μ‘Ό
ή“,•”•i‚Λ‚η‚Ά,u‘Ί,@ª,131199,“‹“s,”Β‹΄‹ζ,@ª‚R’–Ϊ,2025/4/15,8,‚»‚Μ‘Ό,’“Τi—Φjκ,‚»‚Μ‘Ό
ή“,•”•i‚Λ‚η‚Ά,u‘Ί,@ª,131199,“‹“s,”Β‹΄‹ζ,@ª‚R’–Ϊ,2025/5/21,21,‚SK‚ΔΘγ‹¤“―Z‘ξ,’“Τi—Φjκ,‚»‚Μ‘Ό
ή“,•”•i‚Λ‚η‚Ά,u‘Ί,Ό‘δ,131199,“‹“s,”Β‹΄‹ζ,α–Ψ‚Q’–Ϊ,2025/5/6,19,‚SK‚ΔΘγ‹¤“―Z‘ξ,’“Τi—Φjκ,ƒiƒ“ƒo[ƒvƒ[ƒg
ή“,•”•i‚Λ‚η‚Ά,—ϋ”n,•xm©‘δ‰w‘O,131202,“‹“s,—ϋ”n‹ζ,Ρδ‚Q’–Ϊ,2025/10/24,8,‚SK‚ΔΘγ‹¤“―Z‘ξ,’“Τi—Φjκ,ƒiƒ“ƒo[ƒvƒ[ƒg
ή“,•”•i‚Λ‚η‚Ά,—ϋ”n,¬’|’¬,131202,“‹“s,—ϋ”n‹ζ,¬’|’¬‚Q’–Ϊ,2025/3/12,12,’“Τi—Φjκ,’“Τi—Φjκ,‚»‚Μ‘Ό
ή“,•”•i‚Λ‚η‚Ά,—ϋ”n,‘‹{,131202,“‹“s,—ϋ”n‹ζ,‘‹{‚Q’–Ϊ,2025/7/3,8,’“Τi—Φjκ,’“Τi—Φjκ,‚»‚Μ‘Ό
ή“,•”•i‚Λ‚η‚Ά,—ϋ”n,‘‹{,131202,“‹“s,—ϋ”n‹ζ,•½a‘δ‚S’–Ϊ,2025/1/6,15,‚SK‚ΔΘγ‹¤“―Z‘ξ,’“Τi—Φjκ,ƒ^ƒCƒ„EƒzƒC[ƒ‹
ή“,•”•i‚Λ‚η‚Ά,—ϋ”n,‘‹{,131202,“‹“s,—ϋ”n‹ζ,•½a‘δ‚S’–Ϊ,2025/1/18,12,‚SK‚ΔΘγ‹¤“―Z‘ξ,’“Τi—Φjκ,ƒ^ƒCƒ„EƒzƒC[ƒ‹
ή“,•”•i‚Λ‚η‚Ά,—ϋ”n,•Xμ‘δ,131202,“‹“s,—ϋ”n‹ζ,•Xμ‘δ‚Q’–Ϊ,2023/9/11,•s–Ύ,‚»‚Μ‘Ό‚ΜZ‘ξi‚RK‚ΔΘ‰Ί‹¤“―Z‘ξ“™j,’“Τi—Φjκ,ƒiƒ“ƒo[ƒvƒ[ƒg
ή“,•”•i‚Λ‚η‚Ά,—ϋ”n,•Xμ‘δ,131202,“‹“s,—ϋ”n‹ζ,•Xμ‘δ‚Q’–Ϊ,2025/5/14,18,‚»‚Μ‘Ό‚ΜZ‘ξi‚RK‚ΔΘ‰Ί‹¤“―Z‘ξ“™j,’“Τi—Φjκ,ƒ^ƒCƒ„EƒzƒC[ƒ‹
ή“,•”•i‚Λ‚η‚Ά,—ϋ”n,•Xμ‘δ,131202,“‹“s,—ϋ”n‹ζ,•Xμ‘δ‚Q’–Ϊ,2025/5/18,17,‚»‚Μ‘Ό‚ΜZ‘ξi‚RK‚ΔΘ‰Ί‹¤“―Z‘ξ“™j,‚»‚Μ‘Ό,‚»‚Μ‘Ό
ή“,•”•i‚Λ‚η‚Ά,—ϋ”n,•Xμ‘δ,131202,“‹“s,—ϋ”n‹ζ,•Xμ‘δ‚Q’–Ϊ,2025/7/29,20,‚SK‚ΔΘγ‹¤“―Z‘ξ,’“Τi—Φjκ,ƒ^ƒCƒ„EƒzƒC[ƒ‹
ή“,•”•i‚Λ‚η‚Ά,—ϋ”n,•Xμ‘δ,131202,“‹“s,—ϋ”n‹ζ,•Xμ‘δ‚Q’–Ϊ,2025/12/27,16,“ΉHγ,‚»‚Μ‘Ό,‚»‚Μ‘Ό
ή“,•”•i‚Λ‚η‚Ά,—ϋ”n,•Xμ‘δ,131202,“‹“s,—ϋ”n‹ζ,•½a‘δ‚P’–Ϊ,2025/5/9,19,‚»‚Μ‘Ό‚ΜZ‘ξi‚RK‚ΔΘ‰Ί‹¤“―Z‘ξ“™j,’“Τi—Φjκ,‚»‚Μ‘Ό
ή“,•”•i‚Λ‚η‚Ά,—ϋ”n,•Xμ‘δ,131202,“‹“s,—ϋ”n‹ζ,•½a‘δ‚P’–Ϊ,2025/5/12,17,κΛZ‘ξ,‚»‚Μ‘Ό,ƒ^ƒCƒ„EƒzƒC[ƒ‹
ή“,•”•i‚Λ‚η‚Ά,—ϋ”n,•Xμ‘δ,131202,“‹“s,—ϋ”n‹ζ,•½a‘δ‚P’–Ϊ,2025/5/14,22,‚SK‚ΔΘγ‹¤“―Z‘ξ,’“Τi—Φjκ,‚»‚Μ‘Ό
ή“,•”•i‚Λ‚η‚Ά,—ϋ”n,•Xμ‘δ,131202,“‹“s,—ϋ”n‹ζ,•½a‘δ‚P’–Ϊ,2025/5/15,17,‚»‚Μ‘Ό‚ΜZ‘ξi‚RK‚ΔΘ‰Ί‹¤“―Z‘ξ“™j,’“Τi—Φjκ,ƒ^ƒCƒ„EƒzƒC[ƒ‹
ή“,•”•i‚Λ‚η‚Ά,—ϋ”n,•Xμ‘δ,131202,“‹“s,—ϋ”n‹ζ,•½a‘δ‚Q’–Ϊ,2025/8/31,18,‚»‚Μ‘Ό‚ΜZ‘ξi‚RK‚ΔΘ‰Ί‹¤“―Z‘ξ“™j,’“Τi—Φjκ,ƒ^ƒCƒ„EƒzƒC[ƒ‹
ή“,•”•i‚Λ‚η‚Ά,—ϋ”n,—ϋ”n‰w‘O,131202,“‹“s,—ϋ”n‹ζ,–L‹Κ–k‚T’–Ϊ,2025/4/29,12,“ΉHγ,‚»‚Μ‘Ό,ƒiƒ“ƒo[ƒvƒ[ƒg
ή“,•”•i‚Λ‚η‚Ά,—ϋ”n,—ϋ”n‰w‘O,131202,“‹“s,—ϋ”n‹ζ,–L‹Κ’†‚S’–Ϊ,2025/6/9,7,‚»‚Μ‘Ό‚ΜZ‘ξi‚RK‚ΔΘ‰Ί‹¤“―Z‘ξ“™j,’“Τi—Φjκ,‚»‚Μ‘Ό
ή“,•”•i‚Λ‚η‚Ά,—ϋ”n,—ϋ”n‰w‘O,131202,“‹“s,—ϋ”n‹ζ,—ϋ”n‚P’–Ϊ,2025/1/19,13,’“Τi—Φjκ,’“Τi—Φjκ,‚»‚Μ‘Ό
ή“,•”•i‚Λ‚η‚Ά,—ϋ”n,‰H‘ς,131202,“‹“s,—ϋ”n‹ζ,•Xμ‘δ‚R’–Ϊ,2025/5/21,16,‚SK‚ΔΘγ‹¤“―Z‘ξ,’“Τi—Φjκ,ƒ^ƒCƒ„EƒzƒC[ƒ‹
ή“,•”•i‚Λ‚η‚Ά,—ϋ”n,‰H‘ς,131202,“‹“s,—ϋ”n‹ζ,•Xμ‘δ‚R’–Ϊ,2025/8/3,16,‚SK‚ΔΘγ‹¤“―Z‘ξ,’“Τi—Φjκ,ƒ^ƒCƒ„EƒzƒC[ƒ‹
ή“,•”•i‚Λ‚η‚Ά,—ϋ”n,‰H‘ς,131202,“‹“s,—ϋ”n‹ζ,•Xμ‘δ‚R’–Ϊ,2025/8/22,20,‚SK‚ΔΘγ‹¤“―Z‘ξ,’“Τi—Φjκ,ƒ^ƒCƒ„EƒzƒC[ƒ‹
ή“,•”•i‚Λ‚η‚Ά,—ϋ”n,–L“‡‰€‘O,131202,“‹“s,—ϋ”n‹ζ,όR‚R’–Ϊ,2025/1/13,17,κΛZ‘ξ,’“Τi—Φjκ,ƒiƒ“ƒo[ƒvƒ[ƒg
ή“,•”•i‚Λ‚η‚Ά,—ϋ”n,–L“‡‰€‘O,131202,“‹“s,—ϋ”n‹ζ,—ϋ”n‚Q’–Ϊ,2025/2/3,10,’“Τi—Φjκ,’“Τi—Φjκ,ƒiƒ“ƒo[ƒvƒ[ƒg
ή“,•”•i‚Λ‚η‚Ά,—ϋ”n,Ρδ,131202,“‹“s,—ϋ”n‹ζ,Ρδ‚Q’–Ϊ,2024/1/1,•s–Ύ,‚»‚Μ‘Ό‚ΜZ‘ξi‚RK‚ΔΘ‰Ί‹¤“―Z‘ξ“™j,’“Τi—Φjκ,ƒiƒ“ƒo[ƒvƒ[ƒg
ή“,•”•i‚Λ‚η‚Ά,Ξ_δ,γΞ_δ‰w‘O,131202,“‹“s,—ϋ”n‹ζ,γΞ_δ‚Q’–Ϊ,2025/8/7,9,‚»‚Μ‘Ό‚ΜZ‘ξi‚RK‚ΔΘ‰Ί‹¤“―Z‘ξ“™j,’“Τi—Φjκ,‚»‚Μ‘Ό
ή“,•”•i‚Λ‚η‚Ά,Ξ_δ,–k‘ες,131202,“‹“s,—ϋ”n‹ζ,‘ες’¬‚S’–Ϊ,2025/6/5,17,’“Τi—Φjκ,’“Τi—Φjκ,‚Θ‚µ
ή“,•”•i‚Λ‚η‚Ά,Ξ_δ,“μ‘ες,131202,“‹“s,—ϋ”n‹ζ,“μ‘ες‚P’–Ϊ,2025/11/29,23,’“Τi—Φjκ,’“Τi—Φjκ,ƒ^ƒCƒ„EƒzƒC[ƒ‹
ή“,•”•i‚Λ‚η‚Ά,Ξ_δ,‘εςw‰€,131202,“‹“s,—ϋ”n‹ζ,‘εςw‰€’¬‚T’–Ϊ,2025/9/30,17,‚»‚Μ‘Ό‚ΜZ‘ξi‚RK‚ΔΘ‰Ί‹¤“―Z‘ξ“™j,’“Τi—Φjκ,‚»‚Μ‘Ό
ή“,•”•i‚Λ‚η‚Ά,Ξ_δ,‘εςw‰€,131202,“‹“s,—ϋ”n‹ζ,‘εςw‰€’¬‚T’–Ϊ,2025/12/12,21,’“Τi—Φjκ,’“Τi—Φjκ,ƒ^ƒCƒ„EƒzƒC[ƒ‹
ή“,•”•i‚Λ‚η‚Ά,Ξ_δ,‘εςw‰€,131202,“‹“s,—ϋ”n‹ζ,‘εςw‰€’¬‚W’–Ϊ,2025/7/22,18,κΛZ‘ξ,‚»‚Μ‘Ό,‚»‚Μ‘Ό
ή“,•”•i‚Λ‚η‚Ά,Ξ_δ,‘εςw‰€,131202,“‹“s,—ϋ”n‹ζ,‘ες’¬‚S’–Ϊ,2025/6/5,16,’“Τi—Φjκ,’“Τi—Φjκ,ƒiƒ“ƒo[ƒvƒ[ƒg
ή“,•”•i‚Λ‚η‚Ά,Ξ_δ,‘εςw‰€‰w‘O,131202,“‹“s,—ϋ”n‹ζ,“‘ες‚P’–Ϊ,2025/5/5,9,’“Τi—Φjκ,’“Τi—Φjκ,‚»‚Μ‘Ό
ή“,•”•i‚Λ‚η‚Ά,Ξ_δ,‘εςw‰€‰w‘O,131202,“‹“s,—ϋ”n‹ζ,“‘ες‚P’–Ϊ,2025/11/5,20,‚»‚Μ‘Ό,’“Τi—Φjκ,‚»‚Μ‘Ό
ή“,•”•i‚Λ‚η‚Ά,Ξ_δ,‘εςw‰€‰w‘O,131202,“‹“s,—ϋ”n‹ζ,“‘ες‚T’–Ϊ,2025/6/15,19,κΛZ‘ξ,’“Τi—Φjκ,‚»‚Μ‘Ό
ή“,•”•i‚Λ‚η‚Ά,Ξ_δ,‘εςw‰€‰w‘O,131202,“‹“s,—ϋ”n‹ζ,“‘ες‚U’–Ϊ,2025/3/7,22,“ΉHγ,‚»‚Μ‘Ό,‚»‚Μ‘Ό
ή“,•”•i‚Λ‚η‚Ά,Ξ_δ,•‘ Φ‰w‘O,131202,“‹“s,—ϋ”n‹ζ,Ξ_δ‘δ‚V’–Ϊ,2025/4/11,13,κΛZ‘ξ,’“Τi—Φjκ,ƒiƒ“ƒo[ƒvƒ[ƒg
ή“,•”•i‚Λ‚η‚Ά,Ξ_δ,•‘ Φ‰w‘O,131202,“‹“s,—ϋ”n‹ζ,Φ’¬–k‚S’–Ϊ,2025/12/5,20,’“Τi—Φjκ,’“Τi—Φjκ,ƒiƒ“ƒo[ƒvƒ[ƒg
ή“,•”•i‚Λ‚η‚Ά,Ξ_δ,Ξ_δφ‰€‰w‘O,131202,“‹“s,—ϋ”n‹ζ,Ξ_δ’¬‚Q’–Ϊ,2025/9/16,12,‚SK‚ΔΘγ‹¤“―Z‘ξ,’“Τi—Φjκ,‚»‚Μ‘Ό
ή“,•”•i‚Λ‚η‚Ά,Ξ_δ,Ξ_δ“μ,131202,“‹“s,—ϋ”n‹ζ,‰ΊΞ_δ‚P’–Ϊ,2025/4/14,14,’“Τi—Φjκ,’“Τi—Φjκ,‚»‚Μ‘Ό
ή“,•”•i‚Λ‚η‚Ά,Ξ_δ,Φ’¬,131202,“‹“s,—ϋ”n‹ζ,γΞ_δ‚P’–Ϊ,2025/2/8,14,‚»‚Μ‘Ό,‚»‚Μ‘Ό,‚»‚Μ‘Ό
ή“,•”•i‚Λ‚η‚Ά,Ξ_δ,Φ’¬,131202,“‹“s,—ϋ”n‹ζ,Φ’¬“μ‚Q’–Ϊ,2025/8/28,12,‚SK‚ΔΘγ‹¤“―Z‘ξ,’“Τi—Φjκ,‚»‚Μ‘Ό
ή“,•”•i‚Λ‚η‚Ά,‚“‡•½,‰ΊΤ’Λ,131199,“‹“s,”Β‹΄‹ζ,Τ’Λ‚P’–Ϊ,2025/6/14,17,‚SK‚ΔΘγ‹¤“―Z‘ξ,’“Τi—Φjκ,‚»‚Μ‘Ό
ή“,•”•i‚Λ‚η‚Ά,‚“‡•½,–k–μ,131199,“‹“s,”Β‹΄‹ζ,“ΏΫ‚T’–Ϊ,2025/9/24,18,‚SK‚ΔΘγ‹¤“―Z‘ξ,’“Τi—Φjκ,‚»‚Μ‘Ό
ή“,•”•i‚Λ‚η‚Ά,‚“‡•½,¬‘‰w‘O,131199,“‹“s,”Β‹΄‹ζ,¬‘‚P’–Ϊ,2025/2/9,11,’“Τi—Φjκ,’“Τi—Φjκ,‚»‚Μ‘Ό
ή“,•”•i‚Λ‚η‚Ά,‚“‡•½,¬‘‰w‘O,131199,“‹“s,”Β‹΄‹ζ,¬‘‚R’–Ϊ,2025/11/15,14,’“Τi—Φjκ,’“Τi—Φjκ,‚»‚Μ‘Ό
ή“,•”•i‚Λ‚η‚Ά,‚“‡•½,V‰Νέ,131199,“‹“s,”Β‹΄‹ζ,V‰Νέ‚P’–Ϊ,2025/11/8,15,‚SK‚ΔΘγ‹¤“―Z‘ξ,’“Τi—Φjκ,‚»‚Μ‘Ό
ή“,•”•i‚Λ‚η‚Ά,‚“‡•½,Ό‰@‘O,131199,“‹“s,”Β‹΄‹ζ,l—t‚Q’–Ϊ,2025/1/15,19,’“Τi—Φjκ,’“Τi—Φjκ,ƒ^ƒCƒ„EƒzƒC[ƒ‹
ή“,•”•i‚Λ‚η‚Ά,‚“‡•½,ω–Ϊ‹΄,131199,“‹“s,”Β‹΄‹ζ,‚“‡•½‚S’–Ϊ,2025/3/23,19,κΛZ‘ξ,‚»‚Μ‘Ό,‚»‚Μ‘Ό
ή“,•”•i‚Λ‚η‚Ά,‚“‡•½,Ό‘δ‰w‘O,131199,“‹“s,”Β‹΄‹ζ,‚“‡•½‚P’–Ϊ,2025/3/29,8,‚»‚Μ‘Ό,’“Τi—Φjκ,‚»‚Μ‘Ό
ή“,•”•i‚Λ‚η‚Ά,‚“‡•½,Ό‘δ‰w‘O,131199,“‹“s,”Β‹΄‹ζ,‚“‡•½‚P’–Ϊ,2025/5/19,7,‚»‚Μ‘Ό,’“Τi—Φjκ,‚»‚Μ‘Ό
ή“,•”•i‚Λ‚η‚Ά,‚“‡•½,‚“‡•½‰w‘O,131199,“‹“s,”Β‹΄‹ζ,‚“‡•½‚Q’–Ϊ,2025/1/25,0,‚SK‚ΔΘγ‹¤“―Z‘ξ,’“Τi—Φjκ,ƒiƒ“ƒo[ƒvƒ[ƒg
ή“,•”•i‚Λ‚η‚Ά,‚“‡•½,‚“‡•½‰w‘O,131199,“‹“s,”Β‹΄‹ζ,‚“‡•½‚Q’–Ϊ,2025/3/25,20,’“Τi—Φjκ,’“Τi—Φjκ,ƒiƒ“ƒo[ƒvƒ[ƒg
ή“,•”•i‚Λ‚η‚Ά,‚“‡•½,‚“‡•½‰w‘O,131199,“‹“s,”Β‹΄‹ζ,‚“‡•½‚Q’–Ϊ,2025/9/17,15,‚SK‚ΔΘγ‹¤“―Z‘ξ,’“Τi—Φjκ,‚»‚Μ‘Ό
ή“,•”•i‚Λ‚η‚Ά,‚“‡•½,‚“‡•½‰w‘O,131199,“‹“s,”Β‹΄‹ζ,‚“‡•½‚Q’–Ϊ,2025/9/28,19,‚»‚Μ‘Ό‚ΜZ‘ξi‚RK‚ΔΘ‰Ί‹¤“―Z‘ξ“™j,’“Τi—Φjκ,‚»‚Μ‘Ό
ή“,•”•i‚Λ‚η‚Ά,‚“‡•½,‚“‡•½‰w‘O,131199,“‹“s,”Β‹΄‹ζ,‚“‡•½‚Q’–Ϊ,2025/10/11,19,‚SK‚ΔΘγ‹¤“―Z‘ξ,’“Τi—Φjκ,‚»‚Μ‘Ό
ή“,•”•i‚Λ‚η‚Ά,‚“‡•½,‚“‡•½‰w‘O,131199,“‹“s,”Β‹΄‹ζ,‚“‡•½‚Q’–Ϊ,2025/11/19,18,’“Τi—Φjκ,’“Τi—Φjκ,‚»‚Μ‘Ό
ή“,•”•i‚Λ‚η‚Ά,‚“‡•½,‚“‡•½‰w‘O,131199,“‹“s,”Β‹΄‹ζ,‚“‡•½‚V’–Ϊ,2025/2/11,16,‚»‚Μ‘Ό‚ΜZ‘ξi‚RK‚ΔΘ‰Ί‹¤“―Z‘ξ“™j,’“Τi—Φjκ,‚»‚Μ‘Ό
ή“,•”•i‚Λ‚η‚Ά,‚“‡•½,‚“‡•½‰w‘O,131199,“‹“s,”Β‹΄‹ζ,‚“‡•½‚V’–Ϊ,2025/11/29,12,‚SK‚ΔΘγ‹¤“―Z‘ξ,‚»‚Μ‘Ό,‚»‚Μ‘Ό
ή“,•”•i‚Λ‚η‚Ά,υ‚ª‹u,υ‚ª‹uO’–Ϊ,131202,“‹“s,—ϋ”n‹ζ,‚Ό‚S’–Ϊ,2025/12/5,18,’“Τi—Φjκ,’“Τi—Φjκ,‚»‚Μ‘Ό
ή“,•”•i‚Λ‚η‚Ά,υ‚ª‹u,υ‚ª‹uO’–Ϊ,131202,“‹“s,—ϋ”n‹ζ,“c•Ώ‚R’–Ϊ,2025/2/18,12,‚SK‚ΔΘγ‹¤“―Z‘ξ,’“Τi—Φjκ,‚»‚Μ‘Ό
ή“,•”•i‚Λ‚η‚Ά,υ‚ª‹u,υ‚ª‹uO’–Ϊ,131202,“‹“s,—ϋ”n‹ζ,“c•Ώ‚R’–Ϊ,2025/2/18,17,‚SK‚ΔΘγ‹¤“―Z‘ξ,’“Τi—Φjκ,‚»‚Μ‘Ό
ή“,•”•i‚Λ‚η‚Ά,υ‚ª‹u,υ‚ª‹uO’–Ϊ,131202,“‹“s,—ϋ”n‹ζ,υ‚ª‹u‚Q’–Ϊ,2024/8/1,•s–Ύ,‚SK‚ΔΘγ‹¤“―Z‘ξ,’“Τi—Φjκ,ƒiƒ“ƒo[ƒvƒ[ƒg
ή“,•”•i‚Λ‚η‚Ά,υ‚ª‹u,υ‚ª‹uO’–Ϊ,131202,“‹“s,—ϋ”n‹ζ,υ‚ª‹u‚Q’–Ϊ,2025/2/13,21,‚SK‚ΔΘγ‹¤“―Z‘ξ,’“Τi—Φjκ,ƒiƒ“ƒo[ƒvƒ[ƒg
ή“,•”•i‚Λ‚η‚Ά,υ‚ª‹u,υ‚ª‹uO’–Ϊ,131202,“‹“s,—ϋ”n‹ζ,υ‚ª‹u‚Q’–Ϊ,2025/5/9,16,‚SK‚ΔΘγ‹¤“―Z‘ξ,’“Τi—Φjκ,ƒiƒ“ƒo[ƒvƒ[ƒg
ή“,•”•i‚Λ‚η‚Ά,υ‚ª‹u,υ‚ª‹uO’–Ϊ,131202,“‹“s,—ϋ”n‹ζ,υ‚ª‹u‚Q’–Ϊ,2025/6/8,15,‚SK‚ΔΘγ‹¤“―Z‘ξ,‚»‚Μ‘Ό,‚»‚Μ‘Ό
ή“,•”•i‚Λ‚η‚Ά,υ‚ª‹u,υ‚ª‹uO’–Ϊ,131202,“‹“s,—ϋ”n‹ζ,υ‚ª‹u‚R’–Ϊ,2025/3/10,•s–Ύ,‚SK‚ΔΘγ‹¤“―Z‘ξ,’“Τi—Φjκ,ƒiƒ“ƒo[ƒvƒ[ƒg
ή“,•”•i‚Λ‚η‚Ά,υ‚ª‹u,υ‚ª‹uO’–Ϊ,131202,“‹“s,—ϋ”n‹ζ,υ‚ª‹u‚T’–Ϊ,2024/12/31,12,‚»‚Μ‘Ό,’“Τi—Φjκ,‚»‚Μ‘Ό
ή“,•”•i‚Λ‚η‚Ά,υ‚ª‹u,υ‚ª‹uO’–Ϊ,131202,“‹“s,—ϋ”n‹ζ,υ‚ª‹u‚T’–Ϊ,2025/1/10,•s–Ύ,‚SK‚ΔΘγ‹¤“―Z‘ξ,’“Τi—Φjκ,ƒiƒ“ƒo[ƒvƒ[ƒg
ή“,•”•i‚Λ‚η‚Ά,υ‚ª‹u,υ‚ª‹uO’–Ϊ,131202,“‹“s,—ϋ”n‹ζ,υ‚ª‹u‚T’–Ϊ,2025/7/21,0,‚»‚Μ‘Ό,’“Τi—Φjκ,ƒiƒ“ƒo[ƒvƒ[ƒg
ή“,•”•i‚Λ‚η‚Ά,υ‚ª‹u,υ‚ª‹uO’–Ϊ,131202,“‹“s,—ϋ”n‹ζ,υ‚ª‹u‚T’–Ϊ,2025/7/21,18,‚»‚Μ‘Ό,’“Τi—Φjκ,‚»‚Μ‘Ό
ή“,•”•i‚Λ‚η‚Ά,υ‚ª‹u,–k’¬,131202,“‹“s,—ϋ”n‹ζ,®’¬‚P’–Ϊ,2025/12/11,9,’“Τi—Φjκ,’“Τi—Φjκ,ƒiƒ“ƒo[ƒvƒ[ƒg
ή“,•”•i‚Λ‚η‚Ά,υ‚ª‹u,–k’¬,131202,“‹“s,—ϋ”n‹ζ,–k’¬‚Q’–Ϊ,2025/12/15,15,’“Τi—Φjκ,’“Τi—Φjκ,ƒiƒ“ƒo[ƒvƒ[ƒg
ή“,•”•i‚Λ‚η‚Ά,υ‚ª‹u,–k’¬,131202,“‹“s,—ϋ”n‹ζ,–k’¬‚U’–Ϊ,2025/3/1,14,‚»‚Μ‘Ό,’“Τi—Φjκ,ƒ^ƒCƒ„EƒzƒC[ƒ‹
ή“,•”•i‚Λ‚η‚Ά,υ‚ª‹u,–k’¬,131202,“‹“s,—ϋ”n‹ζ,–k’¬‚U’–Ϊ,2025/7/13,17,’“Τi—Φjκ,’“Τi—Φjκ,ƒ^ƒCƒ„EƒzƒC[ƒ‹
ή“,•”•i‚Λ‚η‚Ά,υ‚ª‹u,–k’¬,131202,“‹“s,—ϋ”n‹ζ,–k’¬‚U’–Ϊ,2025/12/1,22,’“Τi—Φjκ,’“Τi—Φjκ,ƒ^ƒCƒ„EƒzƒC[ƒ‹
ή“,•”•i‚Λ‚η‚Ά,υ‚ª‹u,–k’¬,131202,“‹“s,—ϋ”n‹ζ,‹Ρ‚P’–Ϊ,2025/2/24,10,‚SK‚ΔΘγ‹¤“―Z‘ξ,’“Τi—Φjκ,ƒiƒ“ƒo[ƒvƒ[ƒg
ή“,•”•i‚Λ‚η‚Ά,υ‚ª‹u,–k’¬,131202,“‹“s,—ϋ”n‹ζ,‹Ρ‚P’–Ϊ,2025/3/1,3,κΛZ‘ξ,’“Τi—Φjκ,ƒ^ƒCƒ„EƒzƒC[ƒ‹
ή“,•”•i‚Λ‚η‚Ά,υ‚ª‹u,–k’¬,131202,“‹“s,—ϋ”n‹ζ,‹Ρ‚P’–Ϊ,2025/6/1,12,‚»‚Μ‘Ό‚ΜZ‘ξi‚RK‚ΔΘ‰Ί‹¤“―Z‘ξ“™j,’“Τi—Φjκ,ƒ^ƒCƒ„EƒzƒC[ƒ‹
ή“,•”•i‚Λ‚η‚Ά,υ‚ª‹u,–k’¬,131202,“‹“s,—ϋ”n‹ζ,‹Ρ‚Q’–Ϊ,2025/6/3,20,‚SK‚ΔΘγ‹¤“―Z‘ξ,’“Τi—Φjκ,ƒiƒ“ƒo[ƒvƒ[ƒg
ή“,•”•i‚Λ‚η‚Ά,υ‚ª‹u,–k’¬,131202,“‹“s,—ϋ”n‹ζ,‹Ρ‚Q’–Ϊ,2025/7/2,18,‚SK‚ΔΘγ‹¤“―Z‘ξ,’“Τi—Φjκ,‚»‚Μ‘Ό
ή“,•”•i‚Λ‚η‚Ά,υ‚ª‹u,“yx“c,131202,“‹“s,—ϋ”n‹ζ,υ‚ª‹u‚S’–Ϊ,2025/4/26,23,‚»‚Μ‘Ό,‚»‚Μ‘Ό,‚»‚Μ‘Ό
ή“,•”•i‚Λ‚η‚Ά,υ‚ª‹u,“c•Ώ,131202,“‹“s,—ϋ”n‹ζ,“c•Ώ‚P’–Ϊ,2025/7/28,13,‚SK‚ΔΘγ‹¤“―Z‘ξ,’“Τi—Φjκ,ƒ^ƒCƒ„EƒzƒC[ƒ‹
ή“,•”•i‚Λ‚η‚Ά,υ‚ª‹u,“c•Ώ,131202,“‹“s,—ϋ”n‹ζ,“c•Ώ‚R’–Ϊ,2025/2/18,15,‚SK‚ΔΘγ‹¤“―Z‘ξ,’“Τi—Φjκ,‚»‚Μ‘Ό
ή“,•”•i‚Λ‚η‚Ά,υ‚ª‹u,“c•Ώ,131202,“‹“s,—ϋ”n‹ζ,“c•Ώ‚R’–Ϊ,2025/2/18,15,‚SK‚ΔΘγ‹¤“―Z‘ξ,’“Τi—Φjκ,‚»‚Μ‘Ό
ή“,•”•i‚Λ‚η‚Ά,υ‚ª‹u,“c•Ώ,131202,“‹“s,—ϋ”n‹ζ,“c•Ώ‚R’–Ϊ,2025/2/18,19,‚SK‚ΔΘγ‹¤“―Z‘ξ,’“Τi—Φjκ,‚»‚Μ‘Ό
ή“,•”•i‚Λ‚η‚Ά,υ‚ª‹u,“c•Ώ,131202,“‹“s,—ϋ”n‹ζ,υ‚ª‹u‚P’–Ϊ,2025/7/20,17,‚SK‚ΔΘγ‹¤“―Z‘ξ,’“Τi—Φjκ,ƒiƒ“ƒo[ƒvƒ[ƒg
ή“,•”•i‚Λ‚η‚Ά,υ‚ª‹u,—ϋ”n‚–μ‘δ‰w‘O,131202,“‹“s,—ϋ”n‹ζ,‚–μ‘δ‚P’–Ϊ,2025/1/25,18,‚SK‚ΔΘγ‹¤“―Z‘ξ,’“Τi—Φjκ,ƒ^ƒCƒ„EƒzƒC[ƒ‹
ή“,•”•i‚Λ‚η‚Ά,υ‚ª‹u,—ϋ”n‚–μ‘δ‰w‘O,131202,“‹“s,—ϋ”n‹ζ,“μ“c’†‚T’–Ϊ,2025/1/25,13,‚»‚Μ‘Ό,’“Τi—Φjκ,‚»‚Μ‘Ό
ή“,•”•i‚Λ‚η‚Ά,‰Ί’J,Oƒm—Φ,131067,“‹“s,‘δ“‹ζ,Oƒm—Φ‚Q’–Ϊ,2025/10/12,17,“ΉHγ,‚»‚Μ‘Ό,ƒiƒ“ƒo[ƒvƒ[ƒg
ή“,•”•i‚Λ‚η‚Ά,‰Ί’J,“V‰¤›,131067,“‹“s,‘δ“‹ζ,’J’†‚V’–Ϊ,2025/7/28,17,’“Τi—Φjκ,’“Τi—Φjκ,‚»‚Μ‘Ό
ή“,•”•i‚Λ‚η‚Ά,‰Ί’J,ις’J‰w‘O,131067,“‹“s,‘δ“‹ζ,ªέ‚S’–Ϊ,2025/5/13,17,κΛZ‘ξ,’“Τi—Φjκ,‚»‚Μ‘Ό
ή“,•”•i‚Λ‚η‚Ά,σ‘,φ‰€Z‹ζ,131067,“‹“s,‘δ“‹ζ,σ‘‚T’–Ϊ,2025/3/24,14,‚SK‚ΔΘγ‹¤“―Z‘ξ,’“Τi—Φjκ,‚»‚Μ‘Ό
ή“,•”•i‚Λ‚η‚Ά,σ‘,‹g΄,131067,“‹“s,‘δ“‹ζ,η‘©‚S’–Ϊ,2025/2/11,14,‚SK‚ΔΘγ‹¤“―Z‘ξ,’“Τi—Φjκ,‚»‚Μ‘Ό
ή“,•”•i‚Λ‚η‚Ά,σ‘,“ϊ–{’η,131067,“‹“s,‘δ“‹ζ,“ϊ–{’η‚P’–Ϊ,2025/7/18,6,‚»‚Μ‘Ό,‚»‚Μ‘Ό,‚»‚Μ‘Ό
ή“,•”•i‚Λ‚η‚Ά,σ‘,“σ‘,131067,“‹“s,‘δ“‹ζ,΅Λ‚Q’–Ϊ,2025/7/18,18,“ΉHγ,‚»‚Μ‘Ό,‚»‚Μ‘Ό
ή“,•”•i‚Λ‚η‚Ά,σ‘,Όσ‘O’–Ϊ,131067,“‹“s,‘δ“‹ζ,Όσ‘‚R’–Ϊ,2025/9/13,15,“ΉHγ,‚»‚Μ‘Ό,ƒiƒ“ƒo[ƒvƒ[ƒg
ή“,•”•i‚Λ‚η‚Ά,σ‘,—‹–ε,131067,“‹“s,‘δ“‹ζ,σ‘‚P’–Ϊ,2025/2/13,13,“ΉHγ,‚»‚Μ‘Ό,‚»‚Μ‘Ό
ή“,•”•i‚Λ‚η‚Ά,‘ ‘O,“c΄’¬,131067,“‹“s,‘δ“‹ζ,Όσ‘‚P’–Ϊ,2025/11/24,11,‚SK‚ΔΘγ‹¤“―Z‘ξ,’“Τi—Φjκ,ƒiƒ“ƒo[ƒvƒ[ƒg
ή“,•”•i‚Λ‚η‚Ά,‘ ‘O,‹e‰®‹΄,131067,“‹“s,‘δ“‹ζ,³σ‘‚R’–Ϊ,2025/9/8,20,‚SK‚ΔΘγ‹¤“―Z‘ξ,’“Τi—Φjκ,ƒ^ƒCƒ„EƒzƒC[ƒ‹
ή“,•”•i‚Λ‚η‚Ά,”φ‹v,”φ’|‹΄,131181,“‹“s,rμ‹ζ,’¬‰®‚V’–Ϊ,2025/2/22,12,‚SK‚ΔΘγ‹¤“―Z‘ξ,’“Τi—Φjκ,‚»‚Μ‘Ό
ή“,•”•i‚Λ‚η‚Ά,”φ‹v,”φ’|‹΄,131181,“‹“s,rμ‹ζ,’¬‰®‚V’–Ϊ,2025/5/22,18,κΛZ‘ξ,’“Τi—Φjκ,‚»‚Μ‘Ό
ή“,•”•i‚Λ‚η‚Ά,”φ‹v,”φ’|‹΄,131181,“‹“s,rμ‹ζ,’¬‰®‚V’–Ϊ,2025/5/22,20,κΛZ‘ξ,’“Τi—Φjκ,‚»‚Μ‘Ό
ή“,•”•i‚Λ‚η‚Ά,”φ‹v,rμ—V‰€‘O,131181,“‹“s,rμ‹ζ,Ό”φ‹v‚W’–Ϊ,2025/6/18,19,‚SK‚ΔΘγ‹¤“―Z‘ξ,’“Τi—Φjκ,‚»‚Μ‘Ό
ή“,•”•i‚Λ‚η‚Ά,”φ‹v,rμ—V‰€‘O,131181,“‹“s,rμ‹ζ,Ό”φ‹v‚W’–Ϊ,2025/10/24,18,‚SK‚ΔΘγ‹¤“―Z‘ξ,’“Τi—Φjκ,ƒiƒ“ƒo[ƒvƒ[ƒg
ή“,•”•i‚Λ‚η‚Ά,”φ‹v,Ό”φ‹v,131181,“‹“s,rμ‹ζ,Ό”φ‹v‚S’–Ϊ,2025/7/6,18,’“Τi—Φjκ,’“Τi—Φjκ,‚»‚Μ‘Ό
ή“,•”•i‚Λ‚η‚Ά,”φ‹v,Τ“y,131181,“‹“s,rμ‹ζ,“”φ‹v‚W’–Ϊ,2025/12/22,4,κΛZ‘ξ,’“Τi—Φjκ,‚»‚Μ‘Ό
ή“,•”•i‚Λ‚η‚Ά,“μηZ,“μηZ‰w“ϋ,131181,“‹“s,rμ‹ζ,“μηZ‚Q’–Ϊ,2025/10/27,18,’“Τi—Φjκ,’“Τi—Φjκ,‚»‚Μ‘Ό
ή“,•”•i‚Λ‚η‚Ά,“μηZ,“μηZ‰w“ϋ,131181,“‹“s,rμ‹ζ,“μηZ‚S’–Ϊ,2025/11/20,8,‚»‚Μ‘Ό,’“Τi—Φjκ,‚»‚Μ‘Ό
ή“,•”•i‚Λ‚η‚Ά,rμ,O‰Ν“‡‰w‘O,131181,“‹“s,rμ‹ζ,Ό“ϊ•ι—Ά‚P’–Ϊ,2025/2/22,19,‚SK‚ΔΘγ‹¤“―Z‘ξ,’“Τi—Φjκ,‚»‚Μ‘Ό
ή“,•”•i‚Λ‚η‚Ά,rμ,O‰Ν“‡‰w‘O,131181,“‹“s,rμ‹ζ,Ό“ϊ•ι—Ά‚P’–Ϊ,2025/6/20,2,κΛZ‘ξ,‚»‚Μ‘Ό,‚»‚Μ‘Ό
ή“,•”•i‚Λ‚η‚Ά,rμ,O‰Ν“‡‰w‘O,131181,“‹“s,rμ‹ζ,““ϊ•ι—Ά‚Q’–Ϊ,2025/6/20,20,κΛZ‘ξ,‚»‚Μ‘Ό,‚»‚Μ‘Ό
ή“,•”•i‚Λ‚η‚Ά,rμ,O‰Ν“‡‰w‘O,131181,“‹“s,rμ‹ζ,““ϊ•ι—Ά‚R’–Ϊ,2025/4/16,8,κΛZ‘ξ,’“Τi—Φjκ,‚»‚Μ‘Ό
ή“,•”•i‚Λ‚η‚Ά,rμ,“ϊ•ι—Ά‰w‘O,131181,“‹“s,rμ‹ζ,““ϊ•ι—Ά‚R’–Ϊ,2025/10/30,20,“ΉHγ,‚»‚Μ‘Ό,ƒiƒ“ƒo[ƒvƒ[ƒg
ή“,•”•i‚Λ‚η‚Ά,rμ,““ϊ•ι—Ά,131181,“‹“s,rμ‹ζ,““ϊ•ι—Ά‚Q’–Ϊ,2025/5/8,13,‚»‚Μ‘Ό,’“Τi—Φjκ,‚»‚Μ‘Ό
ή“,•”•i‚Λ‚η‚Ά,rμ,““ϊ•ι—Ά,131181,“‹“s,rμ‹ζ,““ϊ•ι—Ά‚R’–Ϊ,2025/2/13,16,“ΉHγ,‚»‚Μ‘Ό,‚»‚Μ‘Ό
ή“,•”•i‚Λ‚η‚Ά,rμ,’¬‰®,131181,“‹“s,rμ‹ζ,rμ‚U’–Ϊ,2025/8/17,14,“ΉHγ,‚»‚Μ‘Ό,‚»‚Μ‘Ό
ή“,•”•i‚Λ‚η‚Ά,rμ,’¬‰®,131181,“‹“s,rμ‹ζ,’¬‰®‚P’–Ϊ,2025/3/11,13,κΛZ‘ξ,’“Τi—Φjκ,ƒiƒ“ƒo[ƒvƒ[ƒg
ή“,•”•i‚Λ‚η‚Ά,rμ,’¬‰®,131181,“‹“s,rμ‹ζ,’¬‰®‚P’–Ϊ,2025/4/27,15,“ΉHγ,‚»‚Μ‘Ό,‚»‚Μ‘Ό
ή“,•”•i‚Λ‚η‚Ά,rμ,’¬‰®,131181,“‹“s,rμ‹ζ,’¬‰®‚Q’–Ϊ,2025/9/3,11,“ΉHγ,‚»‚Μ‘Ό,ƒiƒ“ƒo[ƒvƒ[ƒg
ή“,•”•i‚Λ‚η‚Ά,rμ,’¬‰®,131181,“‹“s,rμ‹ζ,’¬‰®‚S’–Ϊ,2025/12/13,19,‚»‚Μ‘Ό‚ΜZ‘ξi‚RK‚ΔΘ‰Ί‹¤“―Z‘ξ“™j,’“Τi—Φjκ,‚»‚Μ‘Ό
ή“,•”•i‚Λ‚η‚Ά,rμ,rμά’–Ϊ,131181,“‹“s,rμ‹ζ,rμ‚Q’–Ϊ,2025/4/19,16,‚»‚Μ‘Ό,’“Τi—Φjκ,‚»‚Μ‘Ό
ή“,•”•i‚Λ‚η‚Ά,rμ,Ό“ϊ•ι—ΆZ’–Ϊ,131181,“‹“s,rμ‹ζ,Ό“ϊ•ι—Ά‚U’–Ϊ,2025/9/16,18,‚SK‚ΔΘγ‹¤“―Z‘ξ,’“Τi—Φjκ,‚»‚Μ‘Ό
ή“,•”•i‚Λ‚η‚Ά,rμ,Ό“ϊ•ι—Ά‰w‘O,131181,“‹“s,rμ‹ζ,Ό“ϊ•ι—Ά‚T’–Ϊ,2025/5/7,6,’“Τi—Φjκ,’“Τi—Φjκ,‚»‚Μ‘Ό
ή“,•”•i‚Λ‚η‚Ά,rμ,Ό“ϊ•ι—Ά‰w‘O,131181,“‹“s,rμ‹ζ,Ό“ϊ•ι—Ά‚U’–Ϊ,2025/11/1,14,“ΉHγ,‚»‚Μ‘Ό,‚»‚Μ‘Ό
ή“,•”•i‚Λ‚η‚Ά,ηZ,–kηZ‰wΌϋ,131211,“‹“s,‘«—§‹ζ,ηZ‚P’–Ϊ,2025/10/18,22,’“Τi—Φjκ,’“Τi—Φjκ,‚»‚Μ‘Ό
ή“,•”•i‚Λ‚η‚Ά,ηZ,ηZl’–Ϊ,131211,“‹“s,‘«—§‹ζ,ηZυ’¬,2024/9/30,12,’“Τi—Φjκ,’“Τi—Φjκ,‚»‚Μ‘Ό
ή“,•”•i‚Λ‚η‚Ά,ηZ,χ–Ψ’¬,131211,“‹“s,‘«—§‹ζ,ηZχ–Ψ‚Q’–Ϊ,2023/5/4,9,‚SK‚ΔΘγ‹¤“―Z‘ξ,’“Τi—Φjκ,ƒiƒ“ƒo[ƒvƒ[ƒg
ή“,•”•i‚Λ‚η‚Ά,ηZ,χ–Ψ’¬,131211,“‹“s,‘«—§‹ζ,ηZχ–Ψ‚Q’–Ϊ,2025/3/20,16,‚SK‚ΔΘγ‹¤“―Z‘ξ,’“Τi—Φjκ,ƒiƒ“ƒo[ƒvƒ[ƒg
ή“,•”•i‚Λ‚η‚Ά,ΌVδ,‘εt‘O,131211,“‹“s,‘«—§‹ζ,ΌVδ–{’¬‚Q’–Ϊ,2025/5/7,17,‚SK‚ΔΘγ‹¤“―Z‘ξ,’“Τi—Φjκ,‚»‚Μ‘Ό
ή“,•”•i‚Λ‚η‚Ά,ΌVδ,‹{ι,131211,“‹“s,‘«—§‹ζ,¬‘δ‚Q’–Ϊ,2025/10/1,20,‚»‚Μ‘Ό,’“Τi—Φjκ,‚»‚Μ‘Ό
ή“,•”•i‚Λ‚η‚Ά,ΌVδ,“‡ª,131211,“‹“s,‘«—§‹ζ,I΄‚Q’–Ϊ,2025/3/16,14,‚SK‚ΔΘγ‹¤“―Z‘ξ,’“Τi—Φjκ,ƒ^ƒCƒ„EƒzƒC[ƒ‹
ή“,•”•i‚Λ‚η‚Ά,ΌVδ,“‡ª,131211,“‹“s,‘«—§‹ζ,“‡ª‚Q’–Ϊ,2025/6/4,18,‚»‚Μ‘Ό‚ΜZ‘ξi‚RK‚ΔΘ‰Ί‹¤“―Z‘ξ“™j,‚»‚Μ‘Ό,‚»‚Μ‘Ό
ή“,•”•i‚Λ‚η‚Ά,ΌVδ,“‡ª,131211,“‹“s,‘«—§‹ζ,“‡ª‚Q’–Ϊ,2025/6/4,18,‚»‚Μ‘Ό‚ΜZ‘ξi‚RK‚ΔΘ‰Ί‹¤“―Z‘ξ“™j,‚»‚Μ‘Ό,‚Θ‚µ
ή“,•”•i‚Λ‚η‚Ά,ΌVδ,ξ,131211,“‹“s,‘«—§‹ζ,ξ‚P’–Ϊ,2025/4/18,18,‚»‚Μ‘Ό‚ΜZ‘ξi‚RK‚ΔΘ‰Ί‹¤“―Z‘ξ“™j,’“Τi—Φjκ,‚»‚Μ‘Ό
ή“,•”•i‚Λ‚η‚Ά,ΌVδ,ξ,131211,“‹“s,‘«—§‹ζ,ξ‚P’–Ϊ,2025/5/3,14,κΛZ‘ξ,‚»‚Μ‘Ό,‚»‚Μ‘Ό
ή“,•”•i‚Λ‚η‚Ά,ΌVδ,ξ,131211,“‹“s,‘«—§‹ζ,ξ‚P’–Ϊ,2025/6/1,10,κΛZ‘ξ,‚»‚Μ‘Ό,‚»‚Μ‘Ό
ή“,•”•i‚Λ‚η‚Ά,ΌVδ,–{–Ψ,131211,“‹“s,‘«—§‹ζ,ΌVδ–{’¬‚S’–Ϊ,2025/8/19,16,‚SK‚ΔΘγ‹¤“―Z‘ξ,’“Τi—Φjκ,ƒiƒ“ƒo[ƒvƒ[ƒg
ή“,•”•i‚Λ‚η‚Ά,ΌVδ,–{–Ψ,131211,“‹“s,‘«—§‹ζ,–{–Ψ‚P’–Ϊ,2025/8/13,19,κΛZ‘ξ,‚»‚Μ‘Ό,‚»‚Μ‘Ό
ή“,•”•i‚Λ‚η‚Ά,ΌVδ,–{–Ψ,131211,“‹“s,‘«—§‹ζ,–{–Ψ‚Q’–Ϊ,2024/4/1,•s–Ύ,κΛZ‘ξ,‚»‚Μ‘Ό,ƒiƒ“ƒo[ƒvƒ[ƒg
ή“,•”•i‚Λ‚η‚Ά,ΌVδ,–{–Ψ,131211,“‹“s,‘«—§‹ζ,–{–Ψ“’¬,2025/4/16,19,‚»‚Μ‘Ό‚ΜZ‘ξi‚RK‚ΔΘ‰Ί‹¤“―Z‘ξ“™j,’“Τi—Φjκ,‚»‚Μ‘Ό
ή“,•”•i‚Λ‚η‚Ά,ΌVδ,”~“cκ’–Ϊ,131211,“‹“s,‘«—§‹ζ,”~“c‚Q’–Ϊ,2025/6/16,18,‚»‚Μ‘Ό‚ΜZ‘ξi‚RK‚ΔΘ‰Ί‹¤“―Z‘ξ“™j,‚»‚Μ‘Ό,‚»‚Μ‘Ό
ή“,•”•i‚Λ‚η‚Ά,ΌVδ,”~“cµ’–Ϊ,131211,“‹“s,‘«—§‹ζ,”~“c‚W’–Ϊ,2025/6/27,5,‚SK‚ΔΘγ‹¤“―Z‘ξ,’“Τi—Φjκ,ƒiƒ“ƒo[ƒvƒ[ƒg
ή“,•”•i‚Λ‚η‚Ά,ΌVδ,]–k,131211,“‹“s,‘«—§‹ζ,]–k‚P’–Ϊ,2025/11/1,0,‚SK‚ΔΘγ‹¤“―Z‘ξ,‚»‚Μ‘Ό,‚»‚Μ‘Ό
ή“,•”•i‚Λ‚η‚Ά,ΌVδ,]–k,131211,“‹“s,‘«—§‹ζ,]–k‚Q’–Ϊ,2025/4/14,19,‚»‚Μ‘Ό‚ΜZ‘ξi‚RK‚ΔΘ‰Ί‹¤“―Z‘ξ“™j,’“Τi—Φjκ,‚»‚Μ‘Ό
ή“,•”•i‚Λ‚η‚Ά,ΌVδ,]–k,131211,“‹“s,‘«—§‹ζ,]–k‚Q’–Ϊ,2025/8/12,11,‚SK‚ΔΘγ‹¤“―Z‘ξ,’“Τi—Φjκ,ƒiƒ“ƒo[ƒvƒ[ƒg
ή“,•”•i‚Λ‚η‚Ά,ΌVδ,Mΐ,131211,“‹“s,‘«—§‹ζ,‰Α‰κ‚Q’–Ϊ,2025/6/5,19,‚»‚Μ‘Ό‚ΜZ‘ξi‚RK‚ΔΘ‰Ί‹¤“―Z‘ξ“™j,’“Τi—Φjκ,‚»‚Μ‘Ό
ή“,•”•i‚Λ‚η‚Ά,ΌVδ,Mΐ,131211,“‹“s,‘«—§‹ζ,‰Α‰κ‚Q’–Ϊ,2025/6/5,19,κΛZ‘ξ,‚»‚Μ‘Ό,ƒiƒ“ƒo[ƒvƒ[ƒg
ή“,•”•i‚Λ‚η‚Ά,ΌVδ,Mΐ,131211,“‹“s,‘«—§‹ζ,‰Α‰κ‚Q’–Ϊ,2025/6/5,20,κΛZ‘ξ,‚»‚Μ‘Ό,ƒ^ƒCƒ„EƒzƒC[ƒ‹
ή“,•”•i‚Λ‚η‚Ά,ΌVδ,Mΐ,131211,“‹“s,‘«—§‹ζ,‰Α‰κ‚Q’–Ϊ,2025/6/26,18,‚SK‚ΔΘγ‹¤“―Z‘ξ,’“Τi—Φjκ,ƒiƒ“ƒo[ƒvƒ[ƒg
ή“,•”•i‚Λ‚η‚Ά,ΌVδ,Mΐ,131211,“‹“s,‘«—§‹ζ,]–k‚U’–Ϊ,2025/7/24,8,‚SK‚ΔΘγ‹¤“―Z‘ξ,’“Τi—Φjκ,ƒiƒ“ƒo[ƒvƒ[ƒg
ή“,•”•i‚Λ‚η‚Ά,ΌVδ,Mΐ,131211,“‹“s,‘«—§‹ζ,­•l‚U’–Ϊ,2025/4/27,18,‚»‚Μ‘Ό,‚»‚Μ‘Ό,‚»‚Μ‘Ό
ή“,•”•i‚Λ‚η‚Ά,ΌVδ,Mΐ,131211,“‹“s,‘«—§‹ζ,­•l‚U’–Ϊ,2025/7/1,12,‚SK‚ΔΘγ‹¤“―Z‘ξ,‚»‚Μ‘Ό,ƒiƒ“ƒo[ƒvƒ[ƒg
ή“,•”•i‚Λ‚η‚Ά,ΌVδ,Mΐ,131211,“‹“s,‘«—§‹ζ,­•l‚V’–Ϊ,2025/8/14,18,‚SK‚ΔΘγ‹¤“―Z‘ξ,’“Τi—Φjκ,‚»‚Μ‘Ό
ή“,•”•i‚Λ‚η‚Ά,ΌVδ,Mΐ,131211,“‹“s,‘«—§‹ζ,’Jέ‰Ζ‚Q’–Ϊ,2025/1/16,17,‚»‚Μ‘Ό‚ΜZ‘ξi‚RK‚ΔΘ‰Ί‹¤“―Z‘ξ“™j,‚»‚Μ‘Ό,ƒ^ƒCƒ„EƒzƒC[ƒ‹
ή“,•”•i‚Λ‚η‚Ά,ΌVδ,ΌVδά’–Ϊ,131211,“‹“s,‘«—§‹ζ,ΌVδ‚Q’–Ϊ,2025/11/28,13,’“Τi—Φjκ,’“Τi—Φjκ,ƒiƒ“ƒo[ƒvƒ[ƒg
ή“,•”•i‚Λ‚η‚Ά,ΌVδ,ΌVδά’–Ϊ,131211,“‹“s,‘«—§‹ζ,ΌVδ‚Q’–Ϊ,2025/11/29,11,’“Τi—Φjκ,’“Τi—Φjκ,ƒiƒ“ƒo[ƒvƒ[ƒg
ή“,•”•i‚Λ‚η‚Ά,ΌVδ,ΌVδά’–Ϊ,131211,“‹“s,‘«—§‹ζ,ΌVδ‚Q’–Ϊ,2025/11/29,16,’“Τi—Φjκ,’“Τi—Φjκ,ƒiƒ“ƒo[ƒvƒ[ƒg
ή“,•”•i‚Λ‚η‚Ά,ΌVδ,ΌVδά’–Ϊ,131211,“‹“s,‘«—§‹ζ,ΌVδ‚Q’–Ϊ,2025/11/29,17,’“Τi—Φjκ,’“Τi—Φjκ,ƒiƒ“ƒo[ƒvƒ[ƒg
ή“,•”•i‚Λ‚η‚Ά,ΌVδ,ΌVδά’–Ϊ,131211,“‹“s,‘«—§‹ζ,ΌVδ‚S’–Ϊ,2025/5/26,8,’“Τi—Φjκ,’“Τi—Φjκ,‚»‚Μ‘Ό
ή“,•”•i‚Λ‚η‚Ά,ΌVδ,ΌVδ‰w‘O,131211,“‹“s,‘«—§‹ζ,”~“‡‚R’–Ϊ,2025/2/12,23,‚SK‚ΔΘγ‹¤“―Z‘ξ,‚»‚Μ‘Ό,‚»‚Μ‘Ό
ή“,•”•i‚Λ‚η‚Ά,ΌVδ,ΌVδ‰w‘O,131211,“‹“s,‘«—§‹ζ,”~“‡‚R’–Ϊ,2025/3/27,14,‚»‚Μ‘Ό‚ΜZ‘ξi‚RK‚ΔΘ‰Ί‹¤“―Z‘ξ“™j,‚»‚Μ‘Ό,‚»‚Μ‘Ό
ή“,•”•i‚Λ‚η‚Ά,ΌVδ,ΌVδ‰w‘O,131211,“‹“s,‘«—§‹ζ,ΌVδ‰h’¬‚P’–Ϊ,2025/1/4,14,‚»‚Μ‘Ό,’“Τi—Φjκ,‚»‚Μ‘Ό
ή“,•”•i‚Λ‚η‚Ά,ΌVδ,ΌVδ‰w‘O,131211,“‹“s,‘«—§‹ζ,ΌVδ‰h’¬‚Q’–Ϊ,2025/5/24,11,’“Τi—Φjκ,’“Τi—Φjκ,‚»‚Μ‘Ό
ή“,•”•i‚Λ‚η‚Ά,ΌVδ,­•l,131211,“‹“s,‘«—§‹ζ,­•l‚Q’–Ϊ,2025/3/26,13,‚»‚Μ‘Ό‚ΜZ‘ξi‚RK‚ΔΘ‰Ί‹¤“―Z‘ξ“™j,‚»‚Μ‘Ό,ƒiƒ“ƒo[ƒvƒ[ƒg
ή“,•”•i‚Λ‚η‚Ά,ΌVδ,­•l,131211,“‹“s,‘«—§‹ζ,­•l‚Q’–Ϊ,2025/9/16,6,‚»‚Μ‘Ό‚ΜZ‘ξi‚RK‚ΔΘ‰Ί‹¤“―Z‘ξ“™j,’“Τi—Φjκ,ƒiƒ“ƒo[ƒvƒ[ƒg
ή“,•”•i‚Λ‚η‚Ά,ΌVδ,­•l,131211,“‹“s,‘«—§‹ζ,­•l‚R’–Ϊ,2025/11/29,19,’“Τi—Φjκ,’“Τi—Φjκ,ƒiƒ“ƒo[ƒvƒ[ƒg
ή“,•”•i‚Λ‚η‚Ά,»£,κƒc‰Ζ,131211,“‹“s,‘«—§‹ζ,Βδ‚U’–Ϊ,2025/6/15,17,‚»‚Μ‘Ό‚ΜZ‘ξi‚RK‚ΔΘ‰Ί‹¤“―Z‘ξ“™j,’“Τi—Φjκ,‚»‚Μ‘Ό
ή“,•”•i‚Λ‚η‚Ά,»£,κƒc‰Ζ,131211,“‹“s,‘«—§‹ζ,‰Α•½‚R’–Ϊ,2025/5/29,19,‚SK‚ΔΘγ‹¤“―Z‘ξ,‚»‚Μ‘Ό,‚»‚Μ‘Ό
ή“,•”•i‚Λ‚η‚Ά,»£,κƒc‰Ζ,131211,“‹“s,‘«—§‹ζ,κƒc‰Ζ‚R’–Ϊ,2025/8/8,1,κΛZ‘ξ,’“Τi—Φjκ,ƒiƒ“ƒo[ƒvƒ[ƒg
ή“,•”•i‚Λ‚η‚Ά,»£,κƒc‰Ζ,131211,“‹“s,‘«—§‹ζ,κƒc‰Ζ‚R’–Ϊ,2025/8/26,22,κΛZ‘ξ,’“Τi—Φjκ,ƒiƒ“ƒo[ƒvƒ[ƒg
ή“,•”•i‚Λ‚η‚Ά,»£,κƒc‰Ζ,131211,“‹“s,‘«—§‹ζ,κƒc‰Ζ‚R’–Ϊ,2025/11/5,18,‚»‚Μ‘Ό‚ΜZ‘ξi‚RK‚ΔΘ‰Ί‹¤“―Z‘ξ“™j,’“Τi—Φjκ,‚»‚Μ‘Ό
ή“,•”•i‚Λ‚η‚Ά,»£,’†μ,131211,“‹“s,‘«—§‹ζ,’†μ‚P’–Ϊ,2025/4/15,11,’“Τi—Φjκ,’“Τi—Φjκ,ƒiƒ“ƒo[ƒvƒ[ƒg
ή“,•”•i‚Λ‚η‚Ά,»£,ά”½–μ‰w‘O,131211,“‹“s,‘«—§‹ζ,‘«—§‚S’–Ϊ,2025/11/11,18,‚SK‚ΔΘγ‹¤“―Z‘ξ,’“Τi—Φjκ,ƒiƒ“ƒo[ƒvƒ[ƒg
ή“,•”•i‚Λ‚η‚Ά,»£,ά”½–μ‰w‘O,131211,“‹“s,‘«—§‹ζ,Ό»£‚Q’–Ϊ,2025/1/4,17,κΛZ‘ξ,’“Τi—Φjκ,‚»‚Μ‘Ό
ή“,•”•i‚Λ‚η‚Ά,»£,ά”½–μ‰w‘O,131211,“‹“s,‘«—§‹ζ,Ό»£‚Q’–Ϊ,2025/11/9,15,‚»‚Μ‘Ό,’“Τi—Φjκ,ƒiƒ“ƒo[ƒvƒ[ƒg
ή“,•”•i‚Λ‚η‚Ά,»£,‘ε’J“c,131211,“‹“s,‘«—§‹ζ,‘ε’J“c‚Q’–Ϊ,2025/7/16,7,‚SK‚ΔΘγ‹¤“―Z‘ξ,’“Τi—Φjκ,ƒiƒ“ƒo[ƒvƒ[ƒg
ή“,•”•i‚Λ‚η‚Ά,»£,‘ε’J“c,131211,“‹“s,‘«—§‹ζ,‘ε’J“c‚T’–Ϊ,2025/9/16,19,‚SK‚ΔΘγ‹¤“―Z‘ξ,’“Τi—Φjκ,ƒ^ƒCƒ„EƒzƒC[ƒ‹
ή“,•”•i‚Λ‚η‚Ά,»£,‘ε’J“c,131211,“‹“s,‘«—§‹ζ,²–μ‚P’–Ϊ,2025/7/12,18,κΛZ‘ξ,’“Τi—Φjκ,ƒiƒ“ƒo[ƒvƒ[ƒg
ή“,•”•i‚Λ‚η‚Ά,»£,‘ε’J“c,131211,“‹“s,‘«—§‹ζ,’J’†‚S’–Ϊ,2025/3/31,8,’“Τi—Φjκ,’“Τi—Φjκ,‚»‚Μ‘Ό
ή“,•”•i‚Λ‚η‚Ά,»£,“a,131211,“‹“s,‘«—§‹ζ,“a‚P’–Ϊ,2025/5/2,16,‚SK‚ΔΘγ‹¤“―Z‘ξ,’“Τi—Φjκ,ƒiƒ“ƒo[ƒvƒ[ƒg
ή“,•”•i‚Λ‚η‚Ά,»£,“a,131211,“‹“s,‘«—§‹ζ,“a‚P’–Ϊ,2025/7/14,9,‚»‚Μ‘Ό,’“Τi—Φjκ,‚»‚Μ‘Ό
ή“,•”•i‚Λ‚η‚Ά,»£,“a,131211,“‹“s,‘«—§‹ζ,“a‚P’–Ϊ,2025/10/5,16,‚SK‚ΔΘγ‹¤“―Z‘ξ,’“Τi—Φjκ,ƒ^ƒCƒ„EƒzƒC[ƒ‹
ή“,•”•i‚Λ‚η‚Ά,»£,“a,131211,“‹“s,‘«—§‹ζ,“a‚Q’–Ϊ,2025/7/5,17,‚SK‚ΔΘγ‹¤“―Z‘ξ,’“Τi—Φjκ,‚»‚Μ‘Ό
ή“,•”•i‚Λ‚η‚Ά,»£,“a,131211,“‹“s,‘«—§‹ζ,“a‚Q’–Ϊ,2025/9/2,17,‚SK‚ΔΘγ‹¤“―Z‘ξ,’“Τi—Φjκ,‚»‚Μ‘Ό
ή“,•”•i‚Λ‚η‚Ά,»£,_–Ύ,131211,“‹“s,‘«—§‹ζ,’Cΐ‚P’–Ϊ,2025/1/6,9,‚SK‚ΔΘγ‹¤“―Z‘ξ,’“Τi—Φjκ,‚»‚Μ‘Ό
ή“,•”•i‚Λ‚η‚Ά,»£,_–Ύ,131211,“‹“s,‘«—§‹ζ,’Cΐ‚P’–Ϊ,2025/6/15,16,‚»‚Μ‘Ό‚ΜZ‘ξi‚RK‚ΔΘ‰Ί‹¤“―Z‘ξ“™j,’“Τi—Φjκ,‚»‚Μ‘Ό
ή“,•”•i‚Λ‚η‚Ά,»£,_–Ύ,131211,“‹“s,‘«—§‹ζ,’Cΐ‚Q’–Ϊ,2025/3/4,12,κΛZ‘ξ,’“Τi—Φjκ,‚»‚Μ‘Ό
ή“,•”•i‚Λ‚η‚Ά,»£,_–Ύ,131211,“‹“s,‘«—§‹ζ,Z–Ψ‚R’–Ϊ,2025/4/26,22,‚SK‚ΔΘγ‹¤“―Z‘ξ,’“Τi—Φjκ,ƒiƒ“ƒo[ƒvƒ[ƒg
ή“,•”•i‚Λ‚η‚Ά,»£,_–Ύ,131211,“‹“s,‘«—§‹ζ,Z–Ψ‚R’–Ϊ,2025/11/6,11,‚SK‚ΔΘγ‹¤“―Z‘ξ,’“Τi—Φjκ,‚»‚Μ‘Ό
ή“,•”•i‚Λ‚η‚Ά,»£,»£Z’–Ϊ,131211,“‹“s,‘«—§‹ζ,»£‚U’–Ϊ,2025/3/22,0,‚SK‚ΔΘγ‹¤“―Z‘ξ,’“Τi—Φjκ,‚»‚Μ‘Ό
ή“,•”•i‚Λ‚η‚Ά,»£,»£Z’–Ϊ,131211,“‹“s,‘«—§‹ζ,»£‚V’–Ϊ,2025/9/24,20,‚SK‚ΔΘγ‹¤“―Z‘ξ,’“Τi—Φjκ,ƒiƒ“ƒo[ƒvƒ[ƒg
ή“,•”•i‚Λ‚η‚Ά,»£,»£‰w“ϋ,131211,“‹“s,‘«—§‹ζ,»£‚Q’–Ϊ,2025/10/2,13,‚SK‚ΔΘγ‹¤“―Z‘ξ,’“Τi—Φjκ,ƒ^ƒCƒ„EƒzƒC[ƒ‹
ή“,•”•i‚Λ‚η‚Ά,»£,»£‰w“ϋ,131211,“‹“s,‘«—§‹ζ,»£‚Q’–Ϊ,2025/12/15,8,’“Τi—Φjκ,’“Τi—Φjκ,‚»‚Μ‘Ό
ή“,•”•i‚Λ‚η‚Ά,»£,»£‰w“ϋ,131211,“‹“s,‘«—§‹ζ,“»£‚Q’–Ϊ,2025/10/24,10,‚SK‚ΔΘγ‹¤“―Z‘ξ,’“Τi—Φjκ,‚»‚Μ‘Ό
ή“,•”•i‚Λ‚η‚Ά,»£,»£‰wΌϋ,131211,“‹“s,‘«—§‹ζ,»£‚P’–Ϊ,2025/9/13,20,’“Τi—Φjκ,’“Τi—Φjκ,ƒiƒ“ƒo[ƒvƒ[ƒg
ή“,•”•i‚Λ‚η‚Ά,»£,»£‰wΌϋ,131211,“‹“s,‘«—§‹ζ,»£‚S’–Ϊ,2025/5/5,9,“ΉHγ,‚»‚Μ‘Ό,‚»‚Μ‘Ό
ή“,•”•i‚Λ‚η‚Ά,»£,»£‰wΌϋ,131211,“‹“s,‘«—§‹ζ,»£‚S’–Ϊ,2025/12/16,17,‚»‚Μ‘Ό,‚»‚Μ‘Ό,‚»‚Μ‘Ό
ή“,•”•i‚Λ‚η‚Ά,’|‚Μ’Λ,Ι‹»’¬,131211,“‹“s,‘«—§‹ζ,Ό’|‚Μ’Λ‚Q’–Ϊ,2025/10/7,9,’“Τi—Φjκ,’“Τi—Φjκ,‚»‚Μ‘Ό
ή“,•”•i‚Λ‚η‚Ά,’|‚Μ’Λ,•Ϋ–ΨΤ,131211,“‹“s,‘«—§‹ζ,’|‚Μ’Λ‚P’–Ϊ,2025/1/23,18,‚»‚Μ‘Ό,’“Τi—Φjκ,‚»‚Μ‘Ό
ή“,•”•i‚Λ‚η‚Ά,’|‚Μ’Λ,•Ϋ–ΨΤ,131211,“‹“s,‘«—§‹ζ,“•Ϋ–ΨΤ‚P’–Ϊ,2019/8/1,•s–Ύ,‚SK‚ΔΘγ‹¤“―Z‘ξ,’“Τi—Φjκ,ƒiƒ“ƒo[ƒvƒ[ƒg
ή“,•”•i‚Λ‚η‚Ά,’|‚Μ’Λ,•Ϋ–ΨΤ,131211,“‹“s,‘«—§‹ζ,“•Ϋ–ΨΤ‚P’–Ϊ,2024/12/18,5,‚SK‚ΔΘγ‹¤“―Z‘ξ,’“Τi—Φjκ,‚»‚Μ‘Ό
ή“,•”•i‚Λ‚η‚Ά,’|‚Μ’Λ,•Ϋ–ΨΤ,131211,“‹“s,‘«—§‹ζ,“•Ϋ–ΨΤ‚P’–Ϊ,2025/3/1,20,‚SK‚ΔΘγ‹¤“―Z‘ξ,’“Τi—Φjκ,ƒiƒ“ƒo[ƒvƒ[ƒg
ή“,•”•i‚Λ‚η‚Ά,’|‚Μ’Λ,•Ϋ–ΨΤ,131211,“‹“s,‘«—§‹ζ,“•Ϋ–ΨΤ‚P’–Ϊ,2025/5/11,20,‚SK‚ΔΘγ‹¤“―Z‘ξ,’“Τi—Φjκ,ƒiƒ“ƒo[ƒvƒ[ƒg
ή“,•”•i‚Λ‚η‚Ά,’|‚Μ’Λ,•Ϋ–ΨΤ,131211,“‹“s,‘«—§‹ζ,•Ϋ–ΨΤ‚P’–Ϊ,2025/2/28,15,‚SK‚ΔΘγ‹¤“―Z‘ξ,’“Τi—Φjκ,ƒiƒ“ƒo[ƒvƒ[ƒg
ή“,•”•i‚Λ‚η‚Ά,’|‚Μ’Λ,•Ϋ–ΨΤ,131211,“‹“s,‘«—§‹ζ,•Ϋ–ΨΤ‚Q’–Ϊ,2025/12/13,22,κΛZ‘ξ,‚»‚Μ‘Ό,‚»‚Μ‘Ό
ή“,•”•i‚Λ‚η‚Ά,’|‚Μ’Λ,•Ϋ–ΨΤ,131211,“‹“s,‘«—§‹ζ,“μ‰Τ”¨‚T’–Ϊ,2025/1/14,21,‚SK‚ΔΘγ‹¤“―Z‘ξ,’“Τi—Φjκ,‚»‚Μ‘Ό
ή“,•”•i‚Λ‚η‚Ά,’|‚Μ’Λ,Γη’J,131211,“‹“s,‘«—§‹ζ,ΌΙ‹»‚Q’–Ϊ,2025/7/12,18,‚»‚Μ‘Ό,’“Τi—Φjκ,ƒiƒ“ƒo[ƒvƒ[ƒg
ή“,•”•i‚Λ‚η‚Ά,’|‚Μ’Λ,’|‚Μ’Λ‰w‘O,131211,“‹“s,‘«—§‹ζ,’|‚Μ’Λ‚Q’–Ϊ,2025/7/26,13,‚»‚Μ‘Ό‚ΜZ‘ξi‚RK‚ΔΘ‰Ί‹¤“―Z‘ξ“™j,’“Τi—Φjκ,‚»‚Μ‘Ό
ή“,•”•i‚Λ‚η‚Ά,’|‚Μ’Λ,’|‚Μ’Λ‰w‘O,131211,“‹“s,‘«—§‹ζ,’|‚Μ’Λ‚U’–Ϊ,2025/7/16,10,’“Τi—Φjκ,’“Τi—Φjκ,‚»‚Μ‘Ό
ή“,•”•i‚Λ‚η‚Ά,’|‚Μ’Λ,’|‚Μ’Λ‰w‘O,131211,“‹“s,‘«—§‹ζ,Ό•Ϋ–ΨΤ‚S’–Ϊ,2025/1/23,12,‚SK‚ΔΘγ‹¤“―Z‘ξ,’“Τi—Φjκ,ƒiƒ“ƒo[ƒvƒ[ƒg
ή“,•”•i‚Λ‚η‚Ά,’|‚Μ’Λ,‰Τ”¨,131211,“‹“s,‘«—§‹ζ,‰Τ”¨‚Q’–Ϊ,2024/5/27,11,‚SK‚ΔΘγ‹¤“―Z‘ξ,’“Τi—Φjκ,‚»‚Μ‘Ό
ή“,•”•i‚Λ‚η‚Ά,’|‚Μ’Λ,‰Τ”¨,131211,“‹“s,‘«—§‹ζ,•Ϋ–ΨΤ‚Q’–Ϊ,2025/1/5,21,‚»‚Μ‘Ό,’“Τi—Φjκ,‚»‚Μ‘Ό
ή“,•”•i‚Λ‚η‚Ά,’|‚Μ’Λ,‰Τ”¨,131211,“‹“s,‘«—§‹ζ,“μ‰Τ”¨‚S’–Ϊ,2025/2/6,15,‚»‚Μ‘Ό,’“Τi—Φjκ,‚»‚Μ‘Ό
ή“,•”•i‚Λ‚η‚Ά,’|‚Μ’Λ,‰Τ”¨,131211,“‹“s,‘«—§‹ζ,“μ‰Τ”¨‚T’–Ϊ,2025/5/21,18,‚SK‚ΔΘγ‹¤“―Z‘ξ,’“Τi—Φjκ,‚»‚Μ‘Ό
ή“,•”•i‚Λ‚η‚Ά,’|‚Μ’Λ,‰Τ”¨,131211,“‹“s,‘«—§‹ζ,“μ‰Τ”¨‚T’–Ϊ,2025/10/12,12,“ΉHγ,‚»‚Μ‘Ό,‚»‚Μ‘Ό
ή“,•”•i‚Λ‚η‚Ά,’|‚Μ’Λ,Ό•Ϋ–ΨΤ,131211,“‹“s,‘«—§‹ζ,Ό•Ϋ–ΨΤ‚R’–Ϊ,2025/5/8,17,‚SK‚ΔΘγ‹¤“―Z‘ξ,’“Τi—Φjκ,‚»‚Μ‘Ό
ή“,•”•i‚Λ‚η‚Ά,’|‚Μ’Λ,Ό•Ϋ–ΨΤ,131211,“‹“s,‘«—§‹ζ,Ό•Ϋ–ΨΤ‚S’–Ϊ,2025/5/7,19,’“Τi—Φjκ,’“Τi—Φjκ,‚»‚Μ‘Ό
ή“,•”•i‚Λ‚η‚Ά,’|‚Μ’Λ,Ό•Ϋ–ΨΤ,131211,“‹“s,‘«—§‹ζ,Ό•Ϋ–ΨΤ‚S’–Ϊ,2025/8/10,12,“ΉHγ,‚»‚Μ‘Ό,ƒiƒ“ƒo[ƒvƒ[ƒg
ή“,•”•i‚Λ‚η‚Ά,’|‚Μ’Λ,Ό•Ϋ–ΨΤ,131211,“‹“s,‘«—§‹ζ,Ό•Ϋ–ΨΤ‚S’–Ϊ,2025/8/28,7,‚SK‚ΔΘγ‹¤“―Z‘ξ,’“Τi—Φjκ,‚»‚Μ‘Ό
ή“,•”•i‚Λ‚η‚Ά,’|‚Μ’Λ,Ό•Ϋ–ΨΤ,131211,“‹“s,‘«—§‹ζ,•Ϋ–ΨΤ‚S’–Ϊ,2025/1/19,19,κΛZ‘ξ,‚»‚Μ‘Ό,ƒiƒ“ƒo[ƒvƒ[ƒg
ή“,•”•i‚Λ‚η‚Ά,’|‚Μ’Λ,©ΐ‘γe…φ‰€‰w‘O,131211,“‹“s,‘«—§‹ζ,Ιl‚T’–Ϊ,2025/2/28,17,κΛZ‘ξ,’“Τi—Φjκ,‚»‚Μ‘Ό
ή“,•”•i‚Λ‚η‚Ά,’|‚Μ’Λ,©ΐ‘γe…φ‰€‰w‘O,131211,“‹“s,‘«—§‹ζ,Ιl‚U’–Ϊ,2025/5/17,14,“ΉHγ,‚»‚Μ‘Ό,‚»‚Μ‘Ό
ή“,•”•i‚Λ‚η‚Ά,ι“,‹TΛ,131083,“‹“s,]“‹ζ,‹TΛ‚V’–Ϊ,2025/2/7,19,‚SK‚ΔΘγ‹¤“―Z‘ξ,’“Τi—Φjκ,‚»‚Μ‘Ό
ή“,•”•i‚Λ‚η‚Ά,ι“,‹TΛ,131083,“‹“s,]“‹ζ,‹TΛ‚V’–Ϊ,2025/2/21,14,“ΉHγ,‚»‚Μ‘Ό,‚»‚Μ‘Ό
ή“,•”•i‚Λ‚η‚Ά,ι“,‹TΛ‰w‘O,131083,“‹“s,]“‹ζ,‹TΛ‚P’–Ϊ,2025/2/1,20,‚SK‚ΔΘγ‹¤“―Z‘ξ,’“Τi—Φjκ,‚»‚Μ‘Ό
ή“,•”•i‚Λ‚η‚Ά,ι“,‹TΛ‰w‘O,131083,“‹“s,]“‹ζ,‹TΛ‚S’–Ϊ,2025/3/5,16,“ΉHγ,‚»‚Μ‘Ό,‚»‚Μ‘Ό
ή“,•”•i‚Λ‚η‚Ά,ι“,‹TΛ‰w‘O,131083,“‹“s,]“‹ζ,‹TΛ‚V’–Ϊ,2025/6/5,20,‚SK‚ΔΘγ‹¤“―Z‘ξ,’“Τi—Φjκ,‚»‚Μ‘Ό
ή“,•”•i‚Λ‚η‚Ά,ι“,³”ª”¦,131083,“‹“s,]“‹ζ,“μ»‚U’–Ϊ,2025/5/23,20,‚»‚Μ‘Ό,’“Τi—Φjκ,‚»‚Μ‘Ό
ή“,•”•i‚Λ‚η‚Ά,ι“,–k»ά’–Ϊ,131083,“‹“s,]“‹ζ,–k»‚Q’–Ϊ,2025/5/11,13,‚»‚Μ‘Ό,’“Τi—Φjκ,‚»‚Μ‘Ό
ή“,•”•i‚Λ‚η‚Ά,ι“,–k»ά’–Ϊ,131083,“‹“s,]“‹ζ,–k»‚Q’–Ϊ,2025/5/11,14,‚»‚Μ‘Ό,’“Τi—Φjκ,‚»‚Μ‘Ό
ή“,•”•i‚Λ‚η‚Ά,ι“,–k»ά’–Ϊ,131083,“‹“s,]“‹ζ,–k»‚R’–Ϊ,2025/7/13,23,‚SK‚ΔΘγ‹¤“―Z‘ξ,’“Τi—Φjκ,‚»‚Μ‘Ό
ή“,•”•i‚Λ‚η‚Ά,ι“,–k»ά’–Ϊ,131083,“‹“s,]“‹ζ,–k»‚T’–Ϊ,2023/7/1,5,‚SK‚ΔΘγ‹¤“―Z‘ξ,’“Τi—Φjκ,ƒiƒ“ƒo[ƒvƒ[ƒg
ή“,•”•i‚Λ‚η‚Ά,ι“,–k»ά’–Ϊ,131083,“‹“s,]“‹ζ,–k»‚T’–Ϊ,2025/3/15,16,‚SK‚ΔΘγ‹¤“―Z‘ξ,’“Τi—Φjκ,‚»‚Μ‘Ό
ή“,•”•i‚Λ‚η‚Ά,ι“,–k»ά’–Ϊ,131083,“‹“s,]“‹ζ,–k»‚T’–Ϊ,2025/3/30,18,‚SK‚ΔΘγ‹¤“―Z‘ξ,’“Τi—Φjκ,‚»‚Μ‘Ό
ή“,•”•i‚Λ‚η‚Ά,ι“,–k»ά’–Ϊ,131083,“‹“s,]“‹ζ,–k»‚T’–Ϊ,2025/4/3,17,‚SK‚ΔΘγ‹¤“―Z‘ξ,’“Τi—Φjκ,‚»‚Μ‘Ό
ή“,•”•i‚Λ‚η‚Ά,ι“,–k»ά’–Ϊ,131083,“‹“s,]“‹ζ,–k»‚T’–Ϊ,2025/10/1,0,‚SK‚ΔΘγ‹¤“―Z‘ξ,’“Τi—Φjκ,‚»‚Μ‘Ό
ή“,•”•i‚Λ‚η‚Ά,ι“,‘ε“‡,131083,“‹“s,]“‹ζ,‘ε“‡‚T’–Ϊ,2025/8/22,18,‚SK‚ΔΘγ‹¤“―Z‘ξ,’“Τi—Φjκ,‚»‚Μ‘Ό
ή“,•”•i‚Λ‚η‚Ά,ι“,‘ε“‡,131083,“‹“s,]“‹ζ,‘ε“‡‚T’–Ϊ,2025/8/23,12,‚SK‚ΔΘγ‹¤“―Z‘ξ,’“Τi—Φjκ,‚»‚Μ‘Ό
ή“,•”•i‚Λ‚η‚Ά,ι“,‘ε“‡,131083,“‹“s,]“‹ζ,‘ε“‡‚U’–Ϊ,2025/11/30,15,‚SK‚ΔΘγ‹¤“―Z‘ξ,’“Τi—Φjκ,‚»‚Μ‘Ό
ή“,•”•i‚Λ‚η‚Ά,ι“,“V_‹΄,131083,“‹“s,]“‹ζ,‹TΛ‚Q’–Ϊ,2025/3/5,23,‚SK‚ΔΘγ‹¤“―Z‘ξ,’“Τi—Φjκ,‚»‚Μ‘Ό
ή“,•”•i‚Λ‚η‚Ά,ι“,“ϊ‘‚‹΄,131083,“‹“s,]“‹ζ,“μ»‚Q’–Ϊ,2025/9/15,16,‚SK‚ΔΘγ‹¤“―Z‘ξ,’“Τi—Φjκ,‚»‚Μ‘Ό
ή“,•”•i‚Λ‚η‚Ά,ι“,“ϊ‘‚‹΄,131083,“‹“s,]“‹ζ,“μ»‚Q’–Ϊ,2025/10/25,11,‚SK‚ΔΘγ‹¤“―Z‘ξ,’“Τi—Φjκ,‚»‚Μ‘Ό
ή“,•”•i‚Λ‚η‚Ά,ι“,“ϊ‘‚‹΄,131083,“‹“s,]“‹ζ,“μ»‚Q’–Ϊ,2025/10/25,11,‚SK‚ΔΘγ‹¤“―Z‘ξ,’“Τi—Φjκ,‚»‚Μ‘Ό
ή“,•”•i‚Λ‚η‚Ά,ι“,“ϊ‘‚‹΄,131083,“‹“s,]“‹ζ,“μ»‚Q’–Ϊ,2025/12/23,17,‚SK‚ΔΘγ‹¤“―Z‘ξ,’“Τi—Φjκ,‚»‚Μ‘Ό
ή“,•”•i‚Λ‚η‚Ά,ι“,“ϊ‘‚‹΄,131083,“‹“s,]“‹ζ,“μ»‚R’–Ϊ,2025/6/8,19,‚SK‚ΔΘγ‹¤“―Z‘ξ,’“Τi—Φjκ,‚»‚Μ‘Ό
ή“,•”•i‚Λ‚η‚Ά,ι“,“ϊ‘‚‹΄,131083,“‹“s,]“‹ζ,“μ»‚R’–Ϊ,2025/10/23,21,‚»‚Μ‘Ό‚ΜZ‘ξi‚RK‚ΔΘ‰Ί‹¤“―Z‘ξ“™j,’“Τi—Φjκ,‚»‚Μ‘Ό
ή“,•”•i‚Λ‚η‚Ά,ι“,“ϊ‘‚‹΄,131083,“‹“s,]“‹ζ,“μ»‚R’–Ϊ,2025/12/15,20,‚SK‚ΔΘγ‹¤“―Z‘ξ,’“Τi—Φjκ,‚»‚Μ‘Ό
ή“,•”•i‚Λ‚η‚Ά,ι“,“ϊ‘‚‹΄,131083,“‹“s,]“‹ζ,“μ»‚R’–Ϊ,2025/12/22,7,’“Τi—Φjκ,’“Τi—Φjκ,‚»‚Μ‘Ό
ή“,•”•i‚Λ‚η‚Ά,ι“,“‘ε“‡‰w‘O,131083,“‹“s,]“‹ζ,‘ε“‡‚V’–Ϊ,2025/9/24,18,‚»‚Μ‘Ό,’“Τi—Φjκ,‚»‚Μ‘Ό
ή“,•”•i‚Λ‚η‚Ά,ι“,“‘ε“‡‰w‘O,131083,“‹“s,]“‹ζ,‘ε“‡‚W’–Ϊ,2025/8/13,15,‚SK‚ΔΘγ‹¤“―Z‘ξ,’“Τi—Φjκ,‚»‚Μ‘Ό
ή“,•”•i‚Λ‚η‚Ά,ι“,“‘ε“‡‰w‘O,131083,“‹“s,]“‹ζ,‘ε“‡‚W’–Ϊ,2025/9/24,13,‚»‚Μ‘Ό,‚»‚Μ‘Ό,‚»‚Μ‘Ό
ή“,•”•i‚Λ‚η‚Ά,ι“,”Τ‹΄,131083,“‹“s,]“‹ζ,–k»‚V’–Ϊ,2025/8/20,17,‚SK‚ΔΘγ‹¤“―Z‘ξ,’“Τi—Φjκ,‚»‚Μ‘Ό
ή“,•”•i‚Λ‚η‚Ά,ι“,”Τ‹΄,131083,“‹“s,]“‹ζ,–k»‚V’–Ϊ,2025/11/10,22,‚SK‚ΔΘγ‹¤“―Z‘ξ,’“Τi—Φjκ,‚»‚Μ‘Ό
ή“,•”•i‚Λ‚η‚Ά,ι“,”Τ‹΄,131083,“‹“s,]“‹ζ,“»‚R’–Ϊ,2024/5/1,•s–Ύ,‚SK‚ΔΘγ‹¤“―Z‘ξ,’“Τi—Φjκ,ƒiƒ“ƒo[ƒvƒ[ƒg
ή“,•”•i‚Λ‚η‚Ά,ι“,”Τ‹΄,131083,“‹“s,]“‹ζ,“»‚R’–Ϊ,2025/8/28,17,‚SK‚ΔΘγ‹¤“―Z‘ξ,’“Τi—Φjκ,ƒ^ƒCƒ„EƒzƒC[ƒ‹
ή“,•”•i‚Λ‚η‚Ά,ι“,”Τ‹΄,131083,“‹“s,]“‹ζ,“»‚R’–Ϊ,2025/10/20,11,‚SK‚ΔΘγ‹¤“―Z‘ξ,’“Τi—Φjκ,ƒiƒ“ƒo[ƒvƒ[ƒg
ή“,•”•i‚Λ‚η‚Ά,ι“,»’¬,131083,“‹“s,]“‹ζ,–k»‚S’–Ϊ,2025/4/27,17,‚SK‚ΔΘγ‹¤“―Z‘ξ,’“Τi—Φjκ,‚»‚Μ‘Ό
ή“,•”•i‚Λ‚η‚Ά,ι“,‹Ό‹΄Ό,131083,“‹“s,]“‹ζ,“»‚S’–Ϊ,2025/7/12,19,‚»‚Μ‘Ό‚ΜZ‘ξi‚RK‚ΔΘ‰Ί‹¤“―Z‘ξ“™j,’“Τi—Φjκ,‚»‚Μ‘Ό
ή“,•”•i‚Λ‚η‚Ά,ι“,‹Ό‹΄Ό,131083,“‹“s,]“‹ζ,“»‚S’–Ϊ,2025/12/7,17,κΛZ‘ξ,’“Τi—Φjκ,ƒiƒ“ƒo[ƒvƒ[ƒg
ή“,•”•i‚Λ‚η‚Ά,ι“,iJ‹΄,131083,“‹“s,]“‹ζ,‘ε“‡‚S’–Ϊ,2025/6/5,5,‚SK‚ΔΘγ‹¤“―Z‘ξ,’“Τi—Φjκ,ƒiƒ“ƒo[ƒvƒ[ƒg
ή“,•”•i‚Λ‚η‚Ά,ι“,iJ‹΄,131083,“‹“s,]“‹ζ,‘ε“‡‚S’–Ϊ,2025/6/21,17,‚SK‚ΔΘγ‹¤“―Z‘ξ,’“Τi—Φjκ,‚»‚Μ‘Ό
ή“,•”•i‚Λ‚η‚Ά,ι“,iJ‹΄,131083,“‹“s,]“‹ζ,‘ε“‡‚S’–Ϊ,2025/10/18,19,‚SK‚ΔΘγ‹¤“―Z‘ξ,’“Τi—Φjκ,‚»‚Μ‘Ό
ή“,•”•i‚Λ‚η‚Ά,ι“,iJ‹΄,131083,“‹“s,]“‹ζ,‘ε“‡‚S’–Ϊ,2025/12/4,18,‚SK‚ΔΘγ‹¤“―Z‘ξ,’“Τi—Φjκ,‚»‚Μ‘Ό
ή“,•”•i‚Λ‚η‚Ά,–{,—Ό‘,131075,“‹“s,–n“c‹ζ,—Ό‘‚R’–Ϊ,2025/9/9,22,“ΉHγ,‚»‚Μ‘Ό,‚»‚Μ‘Ό
ή“,•”•i‚Λ‚η‚Ά,–{,—Ό‘,131075,“‹“s,–n“c‹ζ,—Ό‘‚S’–Ϊ,2025/10/3,17,‚SK‚ΔΘγ‹¤“―Z‘ξ,’“Τi—Φjκ,‚»‚Μ‘Ό
ή“,•”•i‚Λ‚η‚Ά,–{,‰γ‰w‘O,131075,“‹“s,–n“c‹ζ,‰γ‚P’–Ϊ,2025/2/16,15,‚SK‚ΔΘγ‹¤“―Z‘ξ,‚»‚Μ‘Ό,‚»‚Μ‘Ό
ή“,•”•i‚Λ‚η‚Ά,–{,‰γ‰w‘O,131075,“‹“s,–n“c‹ζ,‹Ζ•½‚S’–Ϊ,2025/2/24,18,‚»‚Μ‘Ό‚ΜZ‘ξi‚RK‚ΔΘ‰Ί‹¤“―Z‘ξ“™j,’“Τi—Φjκ,‚»‚Μ‘Ό
ή“,•”•i‚Λ‚η‚Ά,–{,‰΅μ,131075,“‹“s,–n“c‹ζ,‰΅μ‚T’–Ϊ,2025/7/22,12,‚SK‚ΔΘγ‹¤“―Z‘ξ,’“Τi—Φjκ,ƒiƒ“ƒo[ƒvƒ[ƒg
ή“,•”•i‚Λ‚η‚Ά,–{,]“‹΄,131075,“‹“s,–n“c‹ζ,]“‹΄‚T’–Ϊ,2025/7/17,18,‚»‚Μ‘Ό,’“Τi—Φjκ,‚»‚Μ‘Ό
ή“,•”•i‚Λ‚η‚Ά,–{,]“‹΄,131075,“‹“s,–n“c‹ζ,—Ξ‚S’–Ϊ,2025/9/16,20,‚SK‚ΔΘγ‹¤“―Z‘ξ,’“Τi—Φjκ,‚»‚Μ‘Ό
ή“,•”•i‚Λ‚η‚Ά,–{,]“‹΄,131075,“‹“s,–n“c‹ζ,—Ξ‚S’–Ϊ,2025/10/24,18,‚SK‚ΔΘγ‹¤“―Z‘ξ,’“Τi—Φjκ,‚»‚Μ‘Ό
ή“,•”•i‚Λ‚η‚Ά,–{,‹Ρ…’¬‰w–kϋ,131075,“‹“s,–n“c‹ζ,‹Ρ…‚Q’–Ϊ,2025/7/28,6,’“Τi—Φjκ,’“Τi—Φjκ,‚»‚Μ‘Ό
ή“,•”•i‚Λ‚η‚Ά,–{,‹Ρ…’¬‰w“μϋ,131075,“‹“s,–n“c‹ζ,]“‹΄‚S’–Ϊ,2025/12/12,18,‚»‚Μ‘Ό,’“Τi—Φjκ,‚»‚Μ‘Ό
ή“,•”•i‚Λ‚η‚Ά,ό“‡,”ªLl’–Ϊ,131075,“‹“s,–n“c‹ζ,“–n“c‚Q’–Ϊ,2025/6/26,20,‚»‚Μ‘Ό,’“Τi—Φjκ,‚»‚Μ‘Ό
ή“,•”•i‚Λ‚η‚Ά,ό“‡,”ªLl’–Ϊ,131075,“‹“s,–n“c‹ζ,“–n“c‚Q’–Ϊ,2025/10/17,19,‚»‚Μ‘Ό‚ΜZ‘ξi‚RK‚ΔΘ‰Ί‹¤“―Z‘ξ“™j,’“Τi—Φjκ,‚»‚Μ‘Ό
ή“,•”•i‚Λ‚η‚Ά,ό“‡,lƒc–Ψ‹΄,131075,“‹“s,–n“c‹ζ,”ªL‚U’–Ϊ,2025/11/10,10,“ΉHγ,‚»‚Μ‘Ό,‚»‚Μ‘Ό
ή“,•”•i‚Λ‚η‚Ά,ό“‡,¬‘Ίδ,131075,“‹“s,–n“c‹ζ,•¶‰Τ‚P’–Ϊ,2025/3/19,17,‚»‚Μ‘Ό,’“Τi—Φjκ,‚»‚Μ‘Ό
ή“,•”•i‚Λ‚η‚Ά,ό“‡,¬‘Ίδ,131075,“‹“s,–n“c‹ζ,•¶‰Τ‚P’–Ϊ,2025/6/29,21,‚SK‚ΔΘγ‹¤“―Z‘ξ,’“Τi—Φjκ,ƒiƒ“ƒo[ƒvƒ[ƒg
ή“,•”•i‚Λ‚η‚Ά,ό“‡,¬‘Ίδ,131075,“‹“s,–n“c‹ζ,•¶‰Τ‚P’–Ϊ,2025/7/4,15,‚SK‚ΔΘγ‹¤“―Z‘ξ,’“Τi—Φjκ,ƒiƒ“ƒo[ƒvƒ[ƒg
ή“,•”•i‚Λ‚η‚Ά,ό“‡,¬‘Ίδ,131075,“‹“s,–n“c‹ζ,•¶‰Τ‚P’–Ϊ,2025/9/20,15,‚SK‚ΔΘγ‹¤“―Z‘ξ,’“Τi—Φjκ,‚»‚Μ‘Ό
ή“,•”•i‚Λ‚η‚Ά,ό“‡,¬‘Ίδ,131075,“‹“s,–n“c‹ζ,•¶‰Τ‚P’–Ϊ,2025/10/4,21,‚SK‚ΔΘγ‹¤“―Z‘ξ,’“Τi—Φjκ,‚»‚Μ‘Ό
ή“,•”•i‚Λ‚η‚Ά,ό“‡,•½δ‹΄,131075,“‹“s,–n“c‹ζ,—§‰Τ‚R’–Ϊ,2025/12/22,22,‚SK‚ΔΘγ‹¤“―Z‘ξ,’“Τi—Φjκ,‚»‚Μ‘Ό
ή“,•”•i‚Λ‚η‚Ά,ό“‡,“ό“‡,131075,“‹“s,–n“c‹ζ,”ªL‚T’–Ϊ,2025/9/15,12,“ΉHγ,‚»‚Μ‘Ό,‚»‚Μ‘Ό
ή“,•”•i‚Λ‚η‚Ά,ό“‡,”’ιΆ‹΄,131075,“‹“s,–n“c‹ζ,–n“c‚P’–Ϊ,2025/2/8,10,‚SK‚ΔΘγ‹¤“―Z‘ξ,’“Τi—Φjκ,‚»‚Μ‘Ό
ή“,•”•i‚Λ‚η‚Ά,ό“‡,”’ιΆ‹΄,131075,“‹“s,–n“c‹ζ,–n“c‚Q’–Ϊ,2025/4/16,21,κΛZ‘ξ,‚»‚Μ‘Ό,‚»‚Μ‘Ό
ή“,•”•i‚Λ‚η‚Ά,ό“‡,”’ιΆ‹΄,131075,“‹“s,–n“c‹ζ,’η’Κ‚Q’–Ϊ,2025/10/20,23,‚SK‚ΔΘγ‹¤“―Z‘ξ,’“Τi—Φjκ,‚»‚Μ‘Ό
ή“,•”•i‚Λ‚η‚Ά,ό“‡,”’ιΆ‹΄,131075,“‹“s,–n“c‹ζ,’η’Κ‚Q’–Ϊ,2025/10/29,8,‚SK‚ΔΘγ‹¤“―Z‘ξ,‚»‚Μ‘Ό,‚»‚Μ‘Ό
ή“,•”•i‚Λ‚η‚Ά,ό“‡,”’ιΆ‹΄,131075,“‹“s,–n“c‹ζ,’η’Κ‚Q’–Ϊ,2025/12/20,11,‚»‚Μ‘Ό‚ΜZ‘ξi‚RK‚ΔΘ‰Ί‹¤“―Z‘ξ“™j,’“Τi—Φjκ,ƒiƒ“ƒo[ƒvƒ[ƒg
ή“,•”•i‚Λ‚η‚Ά,ό“‡,ΰƒP•£‰w‘O,131075,“‹“s,–n“c‹ζ,–n“c‚S’–Ϊ,2025/8/27,5,‚SK‚ΔΘγ‹¤“―Z‘ξ,’“Τi—Φjκ,ƒiƒ“ƒo[ƒvƒ[ƒg
ή“,•”•i‚Λ‚η‚Ά,ό“‡,ΰƒP•£‰w‘O,131075,“‹“s,–n“c‹ζ,’η’Κ‚Q’–Ϊ,2025/8/18,18,‚SK‚ΔΘγ‹¤“―Z‘ξ,’“Τi—Φjκ,‚»‚Μ‘Ό
ή“,•”•i‚Λ‚η‚Ά,‹T—L,‹T—L‰w–kϋ,131229,“‹“s,‹ό‹ζ,‹T—L‚T’–Ϊ,2025/9/23,9,’“Τi—Φjκ,’“Τi—Φjκ,‚»‚Μ‘Ό
ή“,•”•i‚Λ‚η‚Ά,‹T—L,‹T—L‰w“μϋ,131229,“‹“s,‹ό‹ζ,‹T—L‚P’–Ϊ,2025/6/4,15,‚»‚Μ‘Ό,’“Τi—Φjκ,‚»‚Μ‘Ό
ή“,•”•i‚Λ‚η‚Ά,‹T—L,‹T—L‰w“μϋ,131229,“‹“s,‹ό‹ζ,‹T—L‚R’–Ϊ,2025/1/24,11,‚»‚Μ‘Ό,’“Τi—Φjκ,ƒ^ƒCƒ„EƒzƒC[ƒ‹
ή“,•”•i‚Λ‚η‚Ά,‹T—L,‹T—L‰w“μϋ,131229,“‹“s,‹ό‹ζ,‹T—L‚R’–Ϊ,2025/2/26,20,‚»‚Μ‘Ό,’“Τi—Φjκ,‚»‚Μ‘Ό
ή“,•”•i‚Λ‚η‚Ά,‹T—L,“μ…³,131229,“‹“s,‹ό‹ζ,Vh‚U’–Ϊ,2025/4/6,1,‚SK‚ΔΘγ‹¤“―Z‘ξ,‚»‚Μ‘Ό,‚Θ‚µ
ή“,•”•i‚Λ‚η‚Ά,‹T—L,“μ…³,131229,“‹“s,‹ό‹ζ,Vh‚U’–Ϊ,2025/6/30,18,‚SK‚ΔΘγ‹¤“―Z‘ξ,’“Τi—Φjκ,‚»‚Μ‘Ό
ή“,•”•i‚Λ‚η‚Ά,‹T—L,“μ…³,131229,“‹“s,‹ό‹ζ,“μ…³‚R’–Ϊ,2024/10/11,•s–Ύ,‚SK‚ΔΘγ‹¤“―Z‘ξ,’“Τi—Φjκ,‚»‚Μ‘Ό
ή“,•”•i‚Λ‚η‚Ά,‹T—L,“μ…³,131229,“‹“s,‹ό‹ζ,“μ…³‚R’–Ϊ,2025/2/18,14,‚SK‚ΔΘγ‹¤“―Z‘ξ,’“Τi—Φjκ,‚»‚Μ‘Ό
ή“,•”•i‚Λ‚η‚Ά,‹T—L,“μ…³,131229,“‹“s,‹ό‹ζ,“μ…³‚R’–Ϊ,2025/5/17,23,‚SK‚ΔΘγ‹¤“―Z‘ξ,’“Τi—Φjκ,‚»‚Μ‘Ό
ή“,•”•i‚Λ‚η‚Ά,‹T—L,–xΨµ’–Ϊ,131229,“‹“s,‹ό‹ζ,“–xΨ‚Q’–Ϊ,2025/11/22,16,‚SK‚ΔΘγ‹¤“―Z‘ξ,’“Τi—Φjκ,‚»‚Μ‘Ό
ή“,•”•i‚Λ‚η‚Ά,‹T—L,–xΨµ’–Ϊ,131229,“‹“s,‹ό‹ζ,–xΨ‚T’–Ϊ,2025/9/14,15,’“Τi—Φjκ,’“Τi—Φjκ,ƒiƒ“ƒo[ƒvƒ[ƒg
ή“,•”•i‚Λ‚η‚Ά,‹T—L,–xΨµ’–Ϊ,131229,“‹“s,‹ό‹ζ,–xΨ‚U’–Ϊ,2025/11/30,6,“ΉHγ,‚»‚Μ‘Ό,ƒiƒ“ƒo[ƒvƒ[ƒg
ή“,•”•i‚Λ‚η‚Ά,‹T—L,“‹ΰ’¬,131229,“‹“s,‹ό‹ζ,“‹ΰ’¬‚P’–Ϊ,2025/6/2,9,‚»‚Μ‘Ό,’“Τi—Φjκ,‚»‚Μ‘Ό
ή“,•”•i‚Λ‚η‚Ά,‹T—L,“‹ΰ’¬,131229,“‹“s,‹ό‹ζ,“‹ΰ’¬‚U’–Ϊ,2025/9/21,17,’“Τi—Φjκ,’“Τi—Φjκ,ƒiƒ“ƒo[ƒvƒ[ƒg
ή“,•”•i‚Λ‚η‚Ά,‹T—L,“‹ΰ’¬,131229,“‹“s,‹ό‹ζ,“‹ΰ’¬‚V’–Ϊ,2025/9/22,17,‚»‚Μ‘Ό,’“Τi—Φjκ,ƒiƒ“ƒo[ƒvƒ[ƒg
ή“,•”•i‚Λ‚η‚Ά,‹T—L,“‹ΰ’¬,131229,“‹“s,‹ό‹ζ,“‹ΰ’¬‚V’–Ϊ,2025/9/22,22,’“Τi—Φjκ,’“Τi—Φjκ,ƒiƒ“ƒo[ƒvƒ[ƒg
ή“,•”•i‚Λ‚η‚Ά,‹T—L,“‹ΰ’¬,131229,“‹“s,‹ό‹ζ,“‹ΰ’¬‚V’–Ϊ,2025/9/23,1,’“Τi—Φjκ,’“Τi—Φjκ,ƒiƒ“ƒo[ƒvƒ[ƒg
ή“,•”•i‚Λ‚η‚Ά,‹T—L,Δ–”,131229,“‹“s,‹ό‹ζ,Δ–”‚T’–Ϊ,2025/11/16,18,’“Τi—Φjκ,’“Τi—Φjκ,ƒiƒ“ƒo[ƒvƒ[ƒg
ή“,•”•i‚Λ‚η‚Ά,‹T—L,…³φ‰€‘O,131229,“‹“s,‹ό‹ζ,“…³‚P’–Ϊ,2025/5/13,18,‚»‚Μ‘Ό‚ΜZ‘ξi‚RK‚ΔΘ‰Ί‹¤“―Z‘ξ“™j,’“Τi—Φjκ,‚»‚Μ‘Ό
ή“,•”•i‚Λ‚η‚Ά,‹T—L,‹O‹΄,131229,“‹“s,‹ό‹ζ,…³‚Q’–Ϊ,2025/1/14,8,κΛZ‘ξ,’“Τi—Φjκ,‚»‚Μ‘Ό
ή“,•”•i‚Λ‚η‚Ά,‹T—L,Ό‹T—L,131229,“‹“s,‹ό‹ζ,Ό‹T—L‚P’–Ϊ,2025/8/19,21,‚SK‚ΔΘγ‹¤“―Z‘ξ,‚»‚Μ‘Ό,ƒ^ƒCƒ„EƒzƒC[ƒ‹
ή“,•”•i‚Λ‚η‚Ά,‹T—L,Ό‹T—L,131229,“‹“s,‹ό‹ζ,Ό‹T—L‚Q’–Ϊ,2025/6/22,19,‚SK‚ΔΘγ‹¤“―Z‘ξ,’“Τi—Φjκ,‚»‚Μ‘Ό
ή“,•”•i‚Λ‚η‚Ά,‹T—L,Ό‹T—L,131229,“‹“s,‹ό‹ζ,Ό‹T—L‚Q’–Ϊ,2025/6/29,19,‚SK‚ΔΘγ‹¤“―Z‘ξ,’“Τi—Φjκ,‚»‚Μ‘Ό
ή“,•”•i‚Λ‚η‚Ά,‹T—L,‹ΰ’¬‰w–kϋ,131229,“‹“s,‹ό‹ζ,“‹ΰ’¬‚P’–Ϊ,2025/3/23,17,‚SK‚ΔΘγ‹¤“―Z‘ξ,’“Τi—Φjκ,‚»‚Μ‘Ό
ή“,•”•i‚Λ‚η‚Ά,‹T—L,‹ΰ’¬‰w–kϋ,131229,“‹“s,‹ό‹ζ,“‹ΰ’¬‚P’–Ϊ,2025/10/6,7,‚SK‚ΔΘγ‹¤“―Z‘ξ,’“Τi—Φjκ,ƒ^ƒCƒ„EƒzƒC[ƒ‹
ή“,•”•i‚Λ‚η‚Ά,‹T—L,‹ΰ’¬‰w–kϋ,131229,“‹“s,‹ό‹ζ,“‹ΰ’¬‚P’–Ϊ,2025/10/15,16,‚»‚Μ‘Ό,’“Τi—Φjκ,‚»‚Μ‘Ό
ή“,•”•i‚Λ‚η‚Ά,‹T—L,‹ΰ’¬‰w“μϋ,131229,“‹“s,‹ό‹ζ,‹ΰ’¬‚Q’–Ϊ,2025/9/27,18,‚SK‚ΔΘγ‹¤“―Z‘ξ,’“Τi—Φjκ,ƒiƒ“ƒo[ƒvƒ[ƒg
ή“,•”•i‚Λ‚η‚Ά,‹T—L,‹ΰ’¬‰w“μϋ,131229,“‹“s,‹ό‹ζ,‹ΰ’¬‚R’–Ϊ,2025/9/24,12,κΛZ‘ξ,’“Τi—Φjκ,ƒiƒ“ƒo[ƒvƒ[ƒg
ή“,•”•i‚Λ‚η‚Ά,‹T—L,‹ΰ’¬‰w“μϋ,131229,“‹“s,‹ό‹ζ,‹ΰ’¬‚R’–Ϊ,2025/9/26,15,’“Τi—Φjκ,’“Τi—Φjκ,ƒiƒ“ƒo[ƒvƒ[ƒg
ή“,•”•i‚Λ‚η‚Ά,‹T—L,ΒΛ,131229,“‹“s,‹ό‹ζ,”’’Ή‚S’–Ϊ,2025/12/1,16,‚»‚Μ‘Ό,’“Τi—Φjκ,‚»‚Μ‘Ό
ή“,•”•i‚Λ‚η‚Ά,‹ό,‚½‚Β‚έ‹΄,131229,“‹“s,‹ό‹ζ,ΌV¬β‚P’–Ϊ,2025/3/28,7,‚SK‚ΔΘγ‹¤“―Z‘ξ,’“Τi—Φjκ,ƒiƒ“ƒo[ƒvƒ[ƒg
ή“,•”•i‚Λ‚η‚Ά,‹ό,‚½‚Β‚έ‹΄,131229,“‹“s,‹ό‹ζ,“V¬β‚P’–Ϊ,2025/6/28,8,’“Τi—Φjκ,’“Τi—Φjκ,‚»‚Μ‘Ό
ή“,•”•i‚Λ‚η‚Ά,‹ό,‚½‚Β‚έ‹΄,131229,“‹“s,‹ό‹ζ,“V¬β‚P’–Ϊ,2025/8/22,18,‚»‚Μ‘Ό,’“Τi—Φjκ,ƒiƒ“ƒo[ƒvƒ[ƒg
ή“,•”•i‚Λ‚η‚Ά,‹ό,‚½‚Β‚έ‹΄,131229,“‹“s,‹ό‹ζ,“V¬β‚R’–Ϊ,2025/9/27,17,‚»‚Μ‘Ό,’“Τi—Φjκ,‚»‚Μ‘Ό
ή“,•”•i‚Λ‚η‚Ά,‹ό,γ•½δ,131229,“‹“s,‹ό‹ζ,“V¬β‚W’–Ϊ,2025/5/17,17,κΛZ‘ξ,’“Τi—Φjκ,‚»‚Μ‘Ό
ή“,•”•i‚Λ‚η‚Ά,‹ό,lƒc–Ψ,131229,“‹“s,‹ό‹ζ,l‚Β–Ψ‚Q’–Ϊ,2025/1/10,15,‚»‚Μ‘Ό,‚»‚Μ‘Ό,‚»‚Μ‘Ό
ή“,•”•i‚Λ‚η‚Ά,‹ό,lƒc–Ψ,131229,“‹“s,‹ό‹ζ,l‚Β–Ψ‚Q’–Ϊ,2025/7/20,7,‚»‚Μ‘Ό‚ΜZ‘ξi‚RK‚ΔΘ‰Ί‹¤“―Z‘ξ“™j,‚»‚Μ‘Ό,‚»‚Μ‘Ό
ή“,•”•i‚Λ‚η‚Ά,‹ό,lƒc–Ψ,131229,“‹“s,‹ό‹ζ,l‚Β–Ψ‚R’–Ϊ,2025/12/9,4,“ΉHγ,‚»‚Μ‘Ό,‚»‚Μ‘Ό
ή“,•”•i‚Λ‚η‚Ά,‹ό,lƒc–Ψ,131229,“‹“s,‹ό‹ζ,l‚Β–Ψ‚S’–Ϊ,2025/6/19,19,κΛZ‘ξ,‚»‚Μ‘Ό,‚»‚Μ‘Ό
ή“,•”•i‚Λ‚η‚Ά,‹ό,lƒc–Ψ‰w‘O,131229,“‹“s,‹ό‹ζ,“l‚Β–Ψ‚S’–Ϊ,2025/8/24,17,‚SK‚ΔΘγ‹¤“―Z‘ξ,’“Τi—Φjκ,ƒiƒ“ƒo[ƒvƒ[ƒg
ή“,•”•i‚Λ‚η‚Ά,‹ό,–xΨ,131229,“‹“s,‹ό‹ζ,–xΨ‚P’–Ϊ,2025/7/12,18,‚»‚Μ‘Ό‚ΜZ‘ξi‚RK‚ΔΘ‰Ί‹¤“―Z‘ξ“™j,’“Τi—Φjκ,‚»‚Μ‘Ό
ή“,•”•i‚Λ‚η‚Ά,‹ό,–xΨ,131229,“‹“s,‹ό‹ζ,–xΨ‚P’–Ϊ,2025/7/18,22,κΛZ‘ξ,’“Τi—Φjκ,‚»‚Μ‘Ό
ή“,•”•i‚Λ‚η‚Ά,‹ό,–xΨ,131229,“‹“s,‹ό‹ζ,–xΨ‚P’–Ϊ,2025/12/22,19,κΛZ‘ξ,’“Τi—Φjκ,‚»‚Μ‘Ό
ή“,•”•i‚Λ‚η‚Ά,‹ό,–xΨ‰w‘O,131229,“‹“s,‹ό‹ζ,–xΨ‚S’–Ϊ,2025/7/9,17,‚»‚Μ‘Ό,’“Τi—Φjκ,‚»‚Μ‘Ό
ή“,•”•i‚Λ‚η‚Ά,‹ό,–xΨ‰w‘O,131229,“‹“s,‹ό‹ζ,–xΨ‚S’–Ϊ,2025/9/26,2,‚SK‚ΔΘγ‹¤“―Z‘ξ,’“Τi—Φjκ,ƒiƒ“ƒo[ƒvƒ[ƒg
ή“,•”•i‚Λ‚η‚Ά,‹ό,•σ’¬,131229,“‹“s,‹ό‹ζ,•σ’¬‚Q’–Ϊ,2025/9/9,12,’“Τi—Φjκ,’“Τi—Φjκ,‚»‚Μ‘Ό
ή“,•”•i‚Λ‚η‚Ά,‹ό,•½a‹΄,131229,“‹“s,‹ό‹ζ,“l‚Β–Ψ‚P’–Ϊ,2025/7/16,6,“ΉHγ,‚»‚Μ‘Ό,‚»‚Μ‘Ό
ή“,•”•i‚Λ‚η‚Ά,‹ό,•½a‹΄,131229,“‹“s,‹ό‹ζ,“l‚Β–Ψ‚P’–Ϊ,2025/8/25,21,‚»‚Μ‘Ό,’“Τi—Φjκ,ƒiƒ“ƒo[ƒvƒ[ƒg
ή“,•”•i‚Λ‚η‚Ά,‹ό,•½a‹΄,131229,“‹“s,‹ό‹ζ,“l‚Β–Ψ‚Q’–Ϊ,2025/8/18,17,‚SK‚ΔΘγ‹¤“―Z‘ξ,’“Τi—Φjκ,ƒiƒ“ƒo[ƒvƒ[ƒg
ή“,•”•i‚Λ‚η‚Ά,‹ό,V¬β‰w‘O,131229,“‹“s,‹ό‹ζ,V¬β‚P’–Ϊ,2025/12/14,16,’“Τi—Φjκ,’“Τi—Φjκ,‚»‚Μ‘Ό
ή“,•”•i‚Λ‚η‚Ά,‹ό,V¬β‰w‘O,131229,“‹“s,‹ό‹ζ,V¬β‚Q’–Ϊ,2025/5/5,10,“ΉHγ,‚»‚Μ‘Ό,ƒiƒ“ƒo[ƒvƒ[ƒg
ή“,•”•i‚Λ‚η‚Ά,‹ό,V¬β‰w‘O,131229,“‹“s,‹ό‹ζ,V¬β‚Q’–Ϊ,2025/5/24,8,“ΉHγ,‚»‚Μ‘Ό,‚»‚Μ‘Ό
ή“,•”•i‚Λ‚η‚Ά,‹ό,—§Ξ‰w‘O,131229,“‹“s,‹ό‹ζ,—§Ξ‚Q’–Ϊ,2025/7/16,7,κΛZ‘ξ,’“Τi—Φjκ,‚»‚Μ‘Ό
ή“,•”•i‚Λ‚η‚Ά,‹ό,—§Ξ‰w‘O,131229,“‹“s,‹ό‹ζ,—§Ξ‚W’–Ϊ,2025/7/3,18,’“Τi—Φjκ,’“Τi—Φjκ,‚»‚Μ‘Ό
ή“,•”•i‚Λ‚η‚Ά,‹ό,Χ“c,131229,“‹“s,‹ό‹ζ,Χ“c‚S’–Ϊ,2025/5/7,15,“ΉHγ,‚»‚Μ‘Ό,‚»‚Μ‘Ό
ή“,•”•i‚Λ‚η‚Ά,‹ό,Β“u‰w‘O,131229,“‹“s,‹ό‹ζ,ΒΛ‚R’–Ϊ,2025/5/13,15,‚»‚Μ‘Ό,‚»‚Μ‘Ό,‚»‚Μ‘Ό
ή“,•”•i‚Λ‚η‚Ά,‹ό,‚»‰w‘O,131229,“‹“s,‹ό‹ζ,‚»‚Q’–Ϊ,2025/7/4,12,κΛZ‘ξ,‚»‚Μ‘Ό,ƒiƒ“ƒo[ƒvƒ[ƒg
ή“,•”•i‚Λ‚η‚Ά,‹ό,‚»‰w‘O,131229,“‹“s,‹ό‹ζ,‚»‚T’–Ϊ,2025/2/12,17,‚»‚Μ‘Ό,’“Τi—Φjκ,‚»‚Μ‘Ό
ή“,•”•i‚Λ‚η‚Ά,¬Όμ,κ”V]‰w‘O,131237,“‹“s,]Λμ‹ζ,κ”V]‚V’–Ϊ,2025/3/22,12,’“Τi—Φjκ,’“Τi—Φjκ,‚»‚Μ‘Ό
ή“,•”•i‚Λ‚η‚Ά,¬Όμ,‹—t’Κ,131237,“‹“s,]Λμ‹ζ,κ”V]‚P’–Ϊ,2024/12/25,11,“ΉHγ,‚»‚Μ‘Ό,‚»‚Μ‘Ό
ή“,•”•i‚Λ‚η‚Ά,¬Όμ,‹—t’Κ,131237,“‹“s,]Λμ‹ζ,‘ε™‚T’–Ϊ,2025/5/21,9,’“Τi—Φjκ,’“Τi—Φjκ,‚»‚Μ‘Ό
ή“,•”•i‚Λ‚η‚Ά,¬Όμ,΅δ,131237,“‹“s,]Λμ‹ζ,κ”V]‚R’–Ϊ,2025/1/4,3,’“Τi—Φjκ,’“Τi—Φjκ,‚»‚Μ‘Ό
ή“,•”•i‚Λ‚η‚Ά,¬Όμ,΅δ,131237,“‹“s,]Λμ‹ζ,]Λμ‚R’–Ϊ,2025/5/8,16,‚»‚Μ‘Ό‚ΜZ‘ξi‚RK‚ΔΘ‰Ί‹¤“―Z‘ξ“™j,’“Τi—Φjκ,‚»‚Μ‘Ό
ή“,•”•i‚Λ‚η‚Ά,¬Όμ,”ª‘ ‹΄,131237,“‹“s,]Λμ‹ζ,’†‰›‚Q’–Ϊ,2025/1/11,12,‚SK‚ΔΘγ‹¤“―Z‘ξ,’“Τi—Φjκ,ƒ^ƒCƒ„EƒzƒC[ƒ‹
ή“,•”•i‚Λ‚η‚Ά,¬Όμ,”ª‘ ‹΄,131237,“‹“s,]Λμ‹ζ,’†‰›‚S’–Ϊ,2025/4/20,18,‚»‚Μ‘Ό‚ΜZ‘ξi‚RK‚ΔΘ‰Ί‹¤“―Z‘ξ“™j,’“Τi—Φjκ,‚»‚Μ‘Ό
ή“,•”•i‚Λ‚η‚Ά,¬Όμ,”ª‘ ‹΄,131237,“‹“s,]Λμ‹ζ,‘ε™‚S’–Ϊ,2025/11/11,20,“ΉHγ,‚»‚Μ‘Ό,ƒiƒ“ƒo[ƒvƒ[ƒg
ή“,•”•i‚Λ‚η‚Ά,¬Όμ,“μΒθ,131237,“‹“s,]Λμ‹ζ,]Λμ‚P’–Ϊ,2025/5/6,21,κΛZ‘ξ,‚»‚Μ‘Ό,‚»‚Μ‘Ό
ή“,•”•i‚Λ‚η‚Ά,¬Όμ,“μΒθ,131237,“‹“s,]Λμ‹ζ,]Λμ‚P’–Ϊ,2025/8/10,18,“ΉHγ,‚»‚Μ‘Ό,‚»‚Μ‘Ό
ή“,•”•i‚Λ‚η‚Ά,¬Όμ,“μΒθ,131237,“‹“s,]Λμ‹ζ,Βθ’¬‚S’–Ϊ,2025/5/2,18,‚»‚Μ‘Ό‚ΜZ‘ξi‚RK‚ΔΘ‰Ί‹¤“―Z‘ξ“™j,’“Τi—Φjκ,ƒiƒ“ƒo[ƒvƒ[ƒg
ή“,•”•i‚Λ‚η‚Ά,¬Όμ,“μΒθ,131237,“‹“s,]Λμ‹ζ,“μΒθ’¬‚P’–Ϊ,2025/12/5,14,‚»‚Μ‘Ό‚ΜZ‘ξi‚RK‚ΔΘ‰Ί‹¤“―Z‘ξ“™j,’“Τi—Φjκ,‚»‚Μ‘Ό
ή“,•”•i‚Λ‚η‚Ά,¬Όμ,“μΒθ,131237,“‹“s,]Λμ‹ζ,“μΒθ’¬‚T’–Ϊ,2025/2/13,13,‚SK‚ΔΘγ‹¤“―Z‘ξ,’“Τi—Φjκ,‚»‚Μ‘Ό
ή“,•”•i‚Λ‚η‚Ά,¬Όμ,“μΒθ,131237,“‹“s,]Λμ‹ζ,“μΒθ’¬‚T’–Ϊ,2025/3/20,16,‚SK‚ΔΘγ‹¤“―Z‘ξ,’“Τi—Φjκ,‚Θ‚µ
ή“,•”•i‚Λ‚η‚Ά,¬Όμ,“μΒθ,131237,“‹“s,]Λμ‹ζ,“μΒθ’¬‚T’–Ϊ,2025/3/21,21,‚SK‚ΔΘγ‹¤“―Z‘ξ,’“Τi—Φjκ,‚»‚Μ‘Ό
ή“,•”•i‚Λ‚η‚Ά,¬Όμ,“μΒθ,131237,“‹“s,]Λμ‹ζ,“Βθ‚P’–Ϊ,2025/7/20,11,‚SK‚ΔΘγ‹¤“―Z‘ξ,’“Τi—Φjκ,ƒ^ƒCƒ„EƒzƒC[ƒ‹
ή“,•”•i‚Λ‚η‚Ά,¬Όμ,“μΒθ,131237,“‹“s,]Λμ‹ζ,“Βθ‚P’–Ϊ,2025/10/12,22,‚SK‚ΔΘγ‹¤“―Z‘ξ,’“Τi—Φjκ,ƒiƒ“ƒo[ƒvƒ[ƒg
ή“,•”•i‚Λ‚η‚Ά,¬Όμ,¬Όμκ’–Ϊ,131237,“‹“s,]Λμ‹ζ,¬Όμ‚Q’–Ϊ,2025/10/17,19,‚SK‚ΔΘγ‹¤“―Z‘ξ,’“Τi—Φjκ,‚»‚Μ‘Ό
ή“,•”•i‚Λ‚η‚Ά,¬Όμ,¬Όμl’–Ϊ,131237,“‹“s,]Λμ‹ζ,¬Όμ‚R’–Ϊ,2025/5/26,19,‚SK‚ΔΘγ‹¤“―Z‘ξ,‚»‚Μ‘Ό,‚»‚Μ‘Ό
ή“,•”•i‚Λ‚η‚Ά,¬Όμ,¬Όμl’–Ϊ,131237,“‹“s,]Λμ‹ζ,¬Όμ‚R’–Ϊ,2025/7/21,19,‚SK‚ΔΘγ‹¤“―Z‘ξ,’“Τi—Φjκ,ƒiƒ“ƒo[ƒvƒ[ƒg
ή“,•”•i‚Λ‚η‚Ά,¬Όμ,•½δµ’–Ϊ,131237,“‹“s,]Λμ‹ζ,•½δ‚V’–Ϊ,2024/10/1,6,‚SK‚ΔΘγ‹¤“―Z‘ξ,’“Τi—Φjκ,ƒiƒ“ƒo[ƒvƒ[ƒg
ή“,•”•i‚Λ‚η‚Ά,¬Όμ,•½δµ’–Ϊ,131237,“‹“s,]Λμ‹ζ,•½δ‚V’–Ϊ,2025/12/16,23,‚SK‚ΔΘγ‹¤“―Z‘ξ,’“Τi—Φjκ,‚»‚Μ‘Ό
ή“,•”•i‚Λ‚η‚Ά,¬Όμ,•½δ‰w‘O,131237,“‹“s,]Λμ‹ζ,•½δ‚R’–Ϊ,2025/10/29,20,‚SK‚ΔΘγ‹¤“―Z‘ξ,’“Τi—Φjκ,‚»‚Μ‘Ό
ή“,•”•i‚Λ‚η‚Ά,¬Όμ,•½δ‰w‘O,131237,“‹“s,]Λμ‹ζ,•½δ‚T’–Ϊ,2025/5/7,12,‚»‚Μ‘Ό,’“Τi—Φjκ,‚»‚Μ‘Ό
ή“,•”•i‚Λ‚η‚Ά,¬Όμ,•½δ‰w‘O,131237,“‹“s,]Λμ‹ζ,•½δ‚T’–Ϊ,2025/11/22,12,‚SK‚ΔΘγ‹¤“―Z‘ξ,’“Τi—Φjκ,‚»‚Μ‘Ό
ή“,•”•i‚Λ‚η‚Ά,¬Όμ,“],131237,“‹“s,]Λμ‹ζ,]Λμ‚R’–Ϊ,2025/2/12,18,‚SK‚ΔΘγ‹¤“―Z‘ξ,’“Τi—Φjκ,‚»‚Μ‘Ό
ή“,•”•i‚Λ‚η‚Ά,¬Όμ,“],131237,“‹“s,]Λμ‹ζ,“]‚Q’–Ϊ,2025/7/19,20,‚»‚Μ‘Ό‚ΜZ‘ξi‚RK‚ΔΘ‰Ί‹¤“―Z‘ξ“™j,’“Τi—Φjκ,ƒ^ƒCƒ„EƒzƒC[ƒ‹
ή“,•”•i‚Λ‚η‚Ά,¬Όμ,Ό“‡l’–Ϊ,131237,“‹“s,]Λμ‹ζ,Ό“‡‚P’–Ϊ,2025/8/28,13,’“Τi—Φjκ,’“Τi—Φjκ,ƒiƒ“ƒo[ƒvƒ[ƒg
ή“,•”•i‚Λ‚η‚Ά,¬Όμ,Ό],131237,“‹“s,]Λμ‹ζ,“¬Όμ‚P’–Ϊ,2025/6/5,9,’“Τi—Φjκ,’“Τi—Φjκ,ƒ^ƒCƒ„EƒzƒC[ƒ‹
ή“,•”•i‚Λ‚η‚Ά,¬Όμ,’Φ’¬,131237,“‹“s,]Λμ‹ζ,t]’¬‚Q’–Ϊ,2025/4/26,6,‚SK‚ΔΘγ‹¤“―Z‘ξ,’“Τi—Φjκ,‚»‚Μ‘Ό
ή“,•”•i‚Λ‚η‚Ά,¬Όμ,’Φ’¬,131237,“‹“s,]Λμ‹ζ,t]’¬‚R’–Ϊ,2025/5/3,17,‚»‚Μ‘Ό‚ΜZ‘ξi‚RK‚ΔΘ‰Ί‹¤“―Z‘ξ“™j,’“Τi—Φjκ,ƒiƒ“ƒo[ƒvƒ[ƒg
ή“,•”•i‚Λ‚η‚Ά,¬Όμ,]‰w‘O,131237,“‹“s,]Λμ‹ζ,“]‚Q’–Ϊ,2025/2/14,7,‚»‚Μ‘Ό‚ΜZ‘ξi‚RK‚ΔΘ‰Ί‹¤“―Z‘ξ“™j,’“Τi—Φjκ,ƒ^ƒCƒ„EƒzƒC[ƒ‹
ή“,•”•i‚Λ‚η‚Ά,¬Όμ,]‰w‘O,131237,“‹“s,]Λμ‹ζ,“]‚R’–Ϊ,2025/8/4,19,‚»‚Μ‘Ό‚ΜZ‘ξi‚RK‚ΔΘ‰Ί‹¤“―Z‘ξ“™j,’“Τi—Φjκ,ƒiƒ“ƒo[ƒvƒ[ƒg
ή“,•”•i‚Λ‚η‚Ά,¬Όμ,]‰w‘O,131237,“‹“s,]Λμ‹ζ,]‚Q’–Ϊ,2025/5/16,8,’“Τi—Φjκ,’“Τi—Φjκ,‚»‚Μ‘Ό
ή“,•”•i‚Λ‚η‚Ά,¬Όμ,]‰w‘O,131237,“‹“s,]Λμ‹ζ,]‚Q’–Ϊ,2025/8/30,16,‚SK‚ΔΘγ‹¤“―Z‘ξ,’“Τi—Φjκ,ƒiƒ“ƒo[ƒvƒ[ƒg
ή“,•”•i‚Λ‚η‚Ά,¬Όμ,]‰w‘O,131237,“‹“s,]Λμ‹ζ,]‚R’–Ϊ,2025/6/9,18,‚»‚Μ‘Ό‚ΜZ‘ξi‚RK‚ΔΘ‰Ί‹¤“―Z‘ξ“™j,’“Τi—Φjκ,‚»‚Μ‘Ό
ή“,•”•i‚Λ‚η‚Ά,¬Όμ,Βθ‰w‘O,131237,“‹“s,]Λμ‹ζ,Βθ’¬‚R’–Ϊ,2025/7/31,17,‚»‚Μ‘Ό‚ΜZ‘ξi‚RK‚ΔΘ‰Ί‹¤“―Z‘ξ“™j,’“Τi—Φjκ,‚»‚Μ‘Ό
ή“,•”•i‚Λ‚η‚Ά,¬Όμ,Βθ‰w‘O,131237,“‹“s,]Λμ‹ζ,‰ΊΒθ’¬,2025/3/19,11,‚SK‚ΔΘγ‹¤“―Z‘ξ,’“Τi—Φjκ,‚»‚Μ‘Ό
ή“,•”•i‚Λ‚η‚Ά,¬Όμ,Βθ‰w‘O,131237,“‹“s,]Λμ‹ζ,‰ΊΒθ’¬,2025/4/11,18,‚SK‚ΔΘγ‹¤“―Z‘ξ,’“Τi—Φjκ,‚»‚Μ‘Ό
ή“,•”•i‚Λ‚η‚Ά,¬Όμ,Βθ‰w‘O,131237,“‹“s,]Λμ‹ζ,“Βθ‚P’–Ϊ,2025/7/31,11,‚SK‚ΔΘγ‹¤“―Z‘ξ,’“Τi—Φjκ,ƒ^ƒCƒ„EƒzƒC[ƒ‹
ή“,•”•i‚Λ‚η‚Ά,¬β,‹¬¬β‰w‘O,131237,“‹“s,]Λμ‹ζ,Ό¬β‚S’–Ϊ,2025/1/17,11,‚»‚Μ‘Ό‚ΜZ‘ξi‚RK‚ΔΘ‰Ί‹¤“―Z‘ξ“™j,’“Τi—Φjκ,‚»‚Μ‘Ό
ή“,•”•i‚Λ‚η‚Ά,¬β,–k¬β,131237,“‹“s,]Λμ‹ζ,–k¬β‚V’–Ϊ,2025/6/28,8,‚»‚Μ‘Ό‚ΜZ‘ξi‚RK‚ΔΘ‰Ί‹¤“―Z‘ξ“™j,’“Τi—Φjκ,ƒiƒ“ƒo[ƒvƒ[ƒg
ή“,•”•i‚Λ‚η‚Ά,¬β,–k¬β“ρ’–Ϊ,131237,“‹“s,]Λμ‹ζ,–k¬β‚P’–Ϊ,2025/4/15,2,“ΉHγ,‚»‚Μ‘Ό,‚»‚Μ‘Ό
ή“,•”•i‚Λ‚η‚Ά,¬β,“μ¬β,131237,“‹“s,]Λμ‹ζ,“¬β‚P’–Ϊ,2025/8/2,17,‚»‚Μ‘Ό‚ΜZ‘ξi‚RK‚ΔΘ‰Ί‹¤“―Z‘ξ“™j,’“Τi—Φjκ,‚»‚Μ‘Ό
ή“,•”•i‚Λ‚η‚Ά,¬β,›΄‹΄,131237,“‹“s,]Λμ‹ζ,–{κF‚R’–Ϊ,2025/5/18,17,’“Τi—Φjκ,’“Τi—Φjκ,‚»‚Μ‘Ό
ή“,•”•i‚Λ‚η‚Ά,¬β,Ό¬β,131237,“‹“s,]Λμ‹ζ,γκF‚R’–Ϊ,2025/12/24,11,“ΉHγ,‚»‚Μ‘Ό,ƒiƒ“ƒo[ƒvƒ[ƒg
ή“,•”•i‚Λ‚η‚Ά,¬β,­,131237,“‹“s,]Λμ‹ζ,Βθ’¬‚P’–Ϊ,2025/6/22,10,‚»‚Μ‘Ό‚ΜZ‘ξi‚RK‚ΔΘ‰Ί‹¤“―Z‘ξ“™j,‚»‚Μ‘Ό,‚»‚Μ‘Ό
ή“,•”•i‚Λ‚η‚Ά,‹Ό,‹¤‰h‹΄,131237,“‹“s,]Λμ‹ζ,’†‹Ό‚Q’–Ϊ,2025/6/22,6,‚»‚Μ‘Ό,’“Τi—Φjκ,‚»‚Μ‘Ό
ή“,•”•i‚Λ‚η‚Ά,‹Ό,“μ‹Ό,131237,“‹“s,]Λμ‹ζ,“μ‹Ό‚R’–Ϊ,2025/2/21,14,‚SK‚ΔΘγ‹¤“―Z‘ξ,’“Τi—Φjκ,ƒ^ƒCƒ„EƒzƒC[ƒ‹
ή“,•”•i‚Λ‚η‚Ά,‹Ό,“μ‹Ό,131237,“‹“s,]Λμ‹ζ,“μ‹Ό‚T’–Ϊ,2025/9/26,23,‚SK‚ΔΘγ‹¤“―Z‘ξ,’“Τi—Φjκ,ƒiƒ“ƒo[ƒvƒ[ƒg
ή“,•”•i‚Λ‚η‚Ά,‹Ό,‰Fμ“c,131237,“‹“s,]Λμ‹ζ,–k‹Ό‚T’–Ϊ,2025/1/11,15,‚»‚Μ‘Ό‚ΜZ‘ξi‚RK‚ΔΘ‰Ί‹¤“―Z‘ξ“™j,’“Τi—Φjκ,ƒiƒ“ƒo[ƒvƒ[ƒg
ή“,•”•i‚Λ‚η‚Ά,‹Ό,“‹Ό‹γ’–Ϊ,131237,“‹“s,]Λμ‹ζ,“‹Ό‚X’–Ϊ,2025/1/3,22,κΛZ‘ξ,’“Τi—Φjκ,ƒiƒ“ƒo[ƒvƒ[ƒg
ή“,•”•i‚Λ‚η‚Ά,‹Ό,“‹Ό‹γ’–Ϊ,131237,“‹“s,]Λμ‹ζ,“‹Ό‚X’–Ϊ,2025/6/27,20,‚SK‚ΔΘγ‹¤“―Z‘ξ,’“Τi—Φjκ,ƒiƒ“ƒo[ƒvƒ[ƒg
ή“,•”•i‚Λ‚η‚Ά,‹Ό,΄V’¬,131237,“‹“s,]Λμ‹ζ,Ό‹Ό‚W’–Ϊ,2025/2/14,13,‚SK‚ΔΘγ‹¤“―Z‘ξ,’“Τi—Φjκ,ƒ^ƒCƒ„EƒzƒC[ƒ‹
ή“,•”•i‚Λ‚η‚Ά,‹Ό,΄V’¬,131237,“‹“s,]Λμ‹ζ,΄V’¬‚P’–Ϊ,2025/2/10,19,‚SK‚ΔΘγ‹¤“―Z‘ξ,’“Τi—Φjκ,‚»‚Μ‘Ό
ή“,•”•i‚Λ‚η‚Ά,‹Ό,΄V’¬,131237,“‹“s,]Λμ‹ζ,΄V’¬‚Q’–Ϊ,2025/11/18,20,‚SK‚ΔΘγ‹¤“―Z‘ξ,‚»‚Μ‘Ό,‚»‚Μ‘Ό
ή“,•”•i‚Λ‚η‚Ά,‹Ό,—ΥCφ‰€,131237,“‹“s,]Λμ‹ζ,“μ‹Ό‚T’–Ϊ,2025/12/16,20,‚SK‚ΔΘγ‹¤“―Z‘ξ,’“Τi—Φjκ,‚»‚Μ‘Ό
ή“,•”•i‚Λ‚η‚Ά,‹Ό,—ΥCφ‰€,131237,“‹“s,]Λμ‹ζ,—ΥC’¬‚Q’–Ϊ,2025/8/7,17,’“Τi—Φjκ,’“Τi—Φjκ,‚»‚Μ‘Ό
ή“,•”•i‚Λ‚η‚Ά,‹Ό,—ΥCφ‰€,131237,“‹“s,]Λμ‹ζ,—ΥC’¬‚S’–Ϊ,2025/5/20,9,‚»‚Μ‘Ό,’“Τi—Φjκ,‚»‚Μ‘Ό
ή“,•”•i‚Λ‚η‚Ά,‹Ό,—ΥCφ‰€,131237,“‹“s,]Λμ‹ζ,—ΥC’¬‚U’–Ϊ,2025/2/26,20,‚»‚Μ‘Ό,’“Τi—Φjκ,ƒiƒ“ƒo[ƒvƒ[ƒg
ή“,•”•i‚Λ‚η‚Ά,‹Ό,—ΥCφ‰€,131237,“‹“s,]Λμ‹ζ,—ΥC’¬‚U’–Ϊ,2025/3/8,6,‚»‚Μ‘Ό,‚»‚Μ‘Ό,ƒiƒ“ƒo[ƒvƒ[ƒg
ή“,•”•i‚Λ‚η‚Ά,‹Ό,—ΥCφ‰€,131237,“‹“s,]Λμ‹ζ,—ΥC’¬‚U’–Ϊ,2025/3/22,14,‚»‚Μ‘Ό,’“Τi—Φjκ,‚»‚Μ‘Ό
ή“,•”•i‚Λ‚η‚Ά,‹Ό,—ΥCφ‰€,131237,“‹“s,]Λμ‹ζ,—ΥC’¬‚U’–Ϊ,2025/6/21,8,‚»‚Μ‘Ό,’“Τi—Φjκ,ƒiƒ“ƒo[ƒvƒ[ƒg
ή“,•”•i‚Λ‚η‚Ά,‹Ό,—ΥCφ‰€,131237,“‹“s,]Λμ‹ζ,—ΥC’¬‚U’–Ϊ,2025/8/5,11,‚»‚Μ‘Ό,’“Τi—Φjκ,ƒiƒ“ƒo[ƒvƒ[ƒg
ή“,•”•i‚Λ‚η‚Ά,‹Ό,—ΥCφ‰€,131237,“‹“s,]Λμ‹ζ,—ΥC’¬‚U’–Ϊ,2025/8/10,13,‚»‚Μ‘Ό,’“Τi—Φjκ,‚»‚Μ‘Ό
ή“,•”•i‚Λ‚η‚Ά,‹Ό,—ΥCφ‰€,131237,“‹“s,]Λμ‹ζ,—ΥC’¬‚U’–Ϊ,2025/10/20,5,‚»‚Μ‘Ό,’“Τi—Φjκ,ƒiƒ“ƒo[ƒvƒ[ƒg
ή“,•”•i‚Λ‚η‚Ά,‹Ό,—ΥCφ‰€,131237,“‹“s,]Λμ‹ζ,—ΥC’¬‚U’–Ϊ,2025/10/25,16,‚»‚Μ‘Ό,’“Τi—Φjκ,‚»‚Μ‘Ό
ή“,•”•i‚Λ‚η‚Ά,‹Ό,—ΥCφ‰€,131237,“‹“s,]Λμ‹ζ,—ΥC’¬‚U’–Ϊ,2025/11/23,14,’“Τi—Φjκ,’“Τi—Φjκ,‚»‚Μ‘Ό
ή“,•”•i‚Λ‚η‚Ά,‹Ό,‘D–x‰w‘O,131237,“‹“s,]Λμ‹ζ,“ρ”V]’¬,2025/11/12,14,κΛZ‘ξ,‚»‚Μ‘Ό,ƒiƒ“ƒo[ƒvƒ[ƒg
ή“,•”•i‚Λ‚η‚Ά,‹Ό,‘D–x‰w‘O,131237,“‹“s,]Λμ‹ζ,‘D–x‚Q’–Ϊ,2025/5/2,16,κΛZ‘ξ,’“Τi—Φjκ,ƒiƒ“ƒo[ƒvƒ[ƒg
ή“,•”•i‚Λ‚η‚Ά,‹Ό,‘D–x‰w‘O,131237,“‹“s,]Λμ‹ζ,‘D–x‚V’–Ϊ,2025/12/3,19,’“Τi—Φjκ,’“Τi—Φjκ,ƒiƒ“ƒo[ƒvƒ[ƒg
ή“,•”•i‚Λ‚η‚Ά,‹Ό,‹Ό‹΄“,131237,“‹“s,]Λμ‹ζ,–k‹Ό‚Q’–Ϊ,2025/3/17,19,‚»‚Μ‘Ό‚ΜZ‘ξi‚RK‚ΔΘ‰Ί‹¤“―Z‘ξ“™j,‚»‚Μ‘Ό,‚»‚Μ‘Ό
ή“,•”•i‚Λ‚η‚Ά,‹Ό,‹Ό‹΄“,131237,“‹“s,]Λμ‹ζ,–k‹Ό‚Q’–Ϊ,2025/3/18,16,‚SK‚ΔΘγ‹¤“―Z‘ξ,’“Τi—Φjκ,‚»‚Μ‘Ό
ή“,•”•i‚Λ‚η‚Ά,‹Ό,‹Ό‰w‘O,131237,“‹“s,]Λμ‹ζ,’†‹Ό‚U’–Ϊ,2025/9/24,12,‚SK‚ΔΘγ‹¤“―Z‘ξ,’“Τi—Φjκ,‚»‚Μ‘Ό
ή“,•”•i‚Λ‚η‚Ά,‹Ό,‹Ό‰w‘O,131237,“‹“s,]Λμ‹ζ,“‹Ό‚U’–Ϊ,2025/10/9,4,‚SK‚ΔΘγ‹¤“―Z‘ξ,’“Τi—Φjκ,ƒiƒ“ƒo[ƒvƒ[ƒg
ή“,•”•i‚Λ‚η‚Ά,‹Ό,Ό‹Ό‰w‘O,131237,“‹“s,]Λμ‹ζ,Ό‹Ό‚S’–Ϊ,2025/11/12,17,‚SK‚ΔΘγ‹¤“―Z‘ξ,’“Τi—Φjκ,‚»‚Μ‘Ό
ή“,•”•i‚Λ‚η‚Ά,‹Ό,Ό‹Ό‰w‘O,131237,“‹“s,]Λμ‹ζ,Ό‹Ό‚T’–Ϊ,2025/8/9,18,‚SK‚ΔΘγ‹¤“―Z‘ξ,‚»‚Μ‘Ό,ƒiƒ“ƒo[ƒvƒ[ƒg
ή“,•”•i‚Λ‚η‚Ά,‹Ό,Ό‹Ό‰w‘O,131237,“‹“s,]Λμ‹ζ,Ό‹Ό‚U’–Ϊ,2025/1/18,17,’“Τi—Φjκ,’“Τi—Φjκ,‚»‚Μ‘Ό
ή“,•”•i‚Λ‚η‚Ά,‹Ό,Ό‹Ό‰w‘O,131237,“‹“s,]Λμ‹ζ,Ό‹Ό‚U’–Ϊ,2025/10/11,13,’“Τi—Φjκ,’“Τi—Φjκ,‚»‚Μ‘Ό
ή“,•”•i‚Λ‚η‚Ά,“μ‘ε‘ς,‚έ‚Θ‚έ–μ,132012,“‹“s,”ª‰¤qs,‰F’ΓΡ’¬,2024/12/1,8,‚»‚Μ‘Ό,’“Τi—Φjκ,ƒiƒ“ƒo[ƒvƒ[ƒg
ή“,•”•i‚Λ‚η‚Ά,“μ‘ε‘ς,‚έ‚Θ‚έ–μ,132012,“‹“s,”ª‰¤qs,Ό•Π‘q‚Q’–Ϊ,2025/5/8,1,‚SK‚ΔΘγ‹¤“―Z‘ξ,’“Τi—Φjκ,ƒiƒ“ƒo[ƒvƒ[ƒg
ή“,•”•i‚Λ‚η‚Ά,“μ‘ε‘ς,γ—M–Ψ,132012,“‹“s,”ª‰¤qs,γ—M–Ψ,2025/9/14,20,κΛZ‘ξ,’“Τi—Φjκ,ƒiƒ“ƒo[ƒvƒ[ƒg
ή“,•”•i‚Λ‚η‚Ά,“μ‘ε‘ς,γ—M–Ψ,132012,“‹“s,”ª‰¤qs,–ψ…,2025/8/10,16,‚»‚Μ‘Ό‚ΜZ‘ξi‚RK‚ΔΘ‰Ί‹¤“―Z‘ξ“™j,’“Τi—Φjκ,ƒiƒ“ƒo[ƒvƒ[ƒg
ή“,•”•i‚Λ‚η‚Ά,“μ‘ε‘ς,γ—M–Ψ,132012,“‹“s,”ª‰¤qs,–ψ…‚Q’–Ϊ,2025/1/20,15,κΛZ‘ξ,’“Τi—Φjκ,ƒiƒ“ƒo[ƒvƒ[ƒg
ή“,•”•i‚Λ‚η‚Ά,“μ‘ε‘ς,‰Ί—M–Ψ,132012,“‹“s,”ª‰¤qs,‰Ί—M–Ψ,2025/7/10,23,‚»‚Μ‘Ό‚ΜZ‘ξi‚RK‚ΔΘ‰Ί‹¤“―Z‘ξ“™j,’“Τi—Φjκ,ƒ^ƒCƒ„EƒzƒC[ƒ‹
ή“,•”•i‚Λ‚η‚Ά,“μ‘ε‘ς,‰Ί—M–Ψ,132012,“‹“s,”ª‰¤qs,Ό–Ψ,2025/3/22,18,κΛZ‘ξ,’“Τi—Φjκ,‚»‚Μ‘Ό
ή“,•”•i‚Λ‚η‚Ά,“μ‘ε‘ς,“μ‘ε‘ς‰w‘O,132012,“‹“s,”ª‰¤qs,‰Ί—M–Ψ,2025/6/11,18,‚SK‚ΔΘγ‹¤“―Z‘ξ,’“Τi—Φjκ,ƒ^ƒCƒ„EƒzƒC[ƒ‹
ή“,•”•i‚Λ‚η‚Ά,“μ‘ε‘ς,“μ‘ε‘ς‰w‘O,132012,“‹“s,”ª‰¤qs,“μ‘ε‘ς‚P’–Ϊ,2025/12/2,10,‚»‚Μ‘Ό,’“Τi—Φjκ,‚»‚Μ‘Ό
ή“,•”•i‚Λ‚η‚Ά,“μ‘ε‘ς,“μ‘ε‘ς‰w‘O,132012,“‹“s,”ª‰¤qs,“μ‘ε‘ς‚P’–Ϊ,2025/12/2,19,‚»‚Μ‘Ό,’“Τi—Φjκ,‚»‚Μ‘Ό
ή“,•”•i‚Λ‚η‚Ά,“μ‘ε‘ς,“μ‘ε‘ς‰w‘O,132012,“‹“s,”ª‰¤qs,“μ‘ε‘ς‚R’–Ϊ,2025/6/1,•s–Ύ,‚SK‚ΔΘγ‹¤“―Z‘ξ,’“Τi—Φjκ,ƒiƒ“ƒo[ƒvƒ[ƒg
ή“,•”•i‚Λ‚η‚Ά,“μ‘ε‘ς,“μ‘ε‘ς‰w‘O,132012,“‹“s,”ª‰¤qs,“μ‘ε‘ς‚R’–Ϊ,2025/11/20,17,‚SK‚ΔΘγ‹¤“―Z‘ξ,’“Τi—Φjκ,‚»‚Μ‘Ό
ή“,•”•i‚Λ‚η‚Ά,“μ‘ε‘ς,“μ‘ε‘ς‰w‘O,132098,“‹“s,’¬“cs,¬R’¬,2025/9/10,9,‚»‚Μ‘Ό‚ΜZ‘ξi‚RK‚ΔΘ‰Ί‹¤“―Z‘ξ“™j,’“Τi—Φjκ,‚»‚Μ‘Ό
ή“,•”•i‚Λ‚η‚Ά,“μ‘ε‘ς,–x”V“ΰ,132012,“‹“s,”ª‰¤qs,“’†–μ,2025/9/20,21,‚»‚Μ‘Ό,’“Τi—Φjκ,‚»‚Μ‘Ό
ή“,•”•i‚Λ‚η‚Ά,“μ‘ε‘ς,–x”V“ΰ,132012,“‹“s,”ª‰¤qs,–x”V“ΰ,2025/10/17,10,‚»‚Μ‘Ό,’“Τi—Φjκ,‚»‚Μ‘Ό
ή“,•”•i‚Λ‚η‚Ά,“μ‘ε‘ς,–x”V“ΰ,132012,“‹“s,”ª‰¤qs,–x”V“ΰ‚Q’–Ϊ,2025/8/13,20,‚»‚Μ‘Ό‚ΜZ‘ξi‚RK‚ΔΘ‰Ί‹¤“―Z‘ξ“™j,’“Τi—Φjκ,ƒiƒ“ƒo[ƒvƒ[ƒg
ή“,•”•i‚Λ‚η‚Ά,“μ‘ε‘ς,–x”V“ΰ‰w‘O,132012,“‹“s,”ª‰¤qs,•Κ‚Q’–Ϊ,2025/6/20,8,‚SK‚ΔΘγ‹¤“―Z‘ξ,’“Τi—Φjκ,ƒiƒ“ƒo[ƒvƒ[ƒg
ή“,•”•i‚Λ‚η‚Ά,“μ‘ε‘ς,‘εΛ,132098,“‹“s,’¬“cs,‘΄’¬,2023/12/1,•s–Ύ,‚SK‚ΔΘγ‹¤“―Z‘ξ,’“Τi—Φjκ,ƒiƒ“ƒo[ƒvƒ[ƒg
ή“,•”•i‚Λ‚η‚Ά,“μ‘ε‘ς,‘εΛ,132098,“‹“s,’¬“cs,‘΄’¬,2025/5/19,12,‚»‚Μ‘Ό,’“Τi—Φjκ,‚»‚Μ‘Ό
ή“,•”•i‚Λ‚η‚Ά,“μ‘ε‘ς,‘εΛ,132098,“‹“s,’¬“cs,‘΄’¬,2025/9/25,15,‚SK‚ΔΘγ‹¤“―Z‘ξ,’“Τi—Φjκ,‚»‚Μ‘Ό
ή“,•”•i‚Λ‚η‚Ά,“μ‘ε‘ς,Ό‚ª’J,132012,“‹“s,”ª‰¤qs,Ό‚ª’J,2025/8/27,1,‚»‚Μ‘Ό,’“Τi—Φjκ,ƒiƒ“ƒo[ƒvƒ[ƒg
ή“,•”•i‚Λ‚η‚Ά,“μ‘ε‘ς,Ό‚ª’J,132012,“‹“s,”ª‰¤qs,Ό‚ª’J,2025/8/29,20,‚»‚Μ‘Ό,‚»‚Μ‘Ό,ƒiƒ“ƒo[ƒvƒ[ƒg
ή“,•”•i‚Λ‚η‚Ά,“μ‘ε‘ς,‘΄‰w‘O,132098,“‹“s,’¬“cs,‘΄’¬,2025/5/23,18,‚»‚Μ‘Ό,’“Τi—Φjκ,ƒiƒ“ƒo[ƒvƒ[ƒg
ή“,•”•i‚Λ‚η‚Ά,“μ‘ε‘ς,‘΄‰w‘O,132098,“‹“s,’¬“cs,‘΄’¬,2025/9/14,5,’“Τi—Φjκ,’“Τi—Φjκ,‚»‚Μ‘Ό
ή“,•”•i‚Λ‚η‚Ά,“μ‘ε‘ς,‚—δ,132012,“‹“s,”ª‰¤qs,•Π‘q’¬,2022/4/11,•s–Ύ,“ΉHγ,‚»‚Μ‘Ό,ƒiƒ“ƒo[ƒvƒ[ƒg
ή“,•”•i‚Λ‚η‚Ά,“μ‘ε‘ς,‚—δ,132012,“‹“s,”ª‰¤qs,•Π‘q’¬,2025/5/1,4,‚»‚Μ‘Ό,‚»‚Μ‘Ό,ƒiƒ“ƒo[ƒvƒ[ƒg
ή“,•”•i‚Λ‚η‚Ά,‚”φ,‰Ί‰¶•ϋ,132012,“‹“s,”ª‰¤qs,‰Ί‰¶•ϋ’¬,2025/9/8,12,’“Τi—Φjκ,’“Τi—Φjκ,ƒiƒ“ƒo[ƒvƒ[ƒg
ή“,•”•i‚Λ‚η‚Ά,‚”φ,•ΐ–Ψ’¬,132012,“‹“s,”ª‰¤qs,U“c’¬‚R’–Ϊ,2025/7/28,13,‚»‚Μ‘Ό‚ΜZ‘ξi‚RK‚ΔΘ‰Ί‹¤“―Z‘ξ“™j,’“Τi—Φjκ,ƒ^ƒCƒ„EƒzƒC[ƒ‹
ή“,•”•i‚Λ‚η‚Ά,‚”φ,•ΐ–Ψ’¬,132012,“‹“s,”ª‰¤qs,•ΐ–Ψ’¬,2025/11/16,15,‚»‚Μ‘Ό,’“Τi—Φjκ,‚»‚Μ‘Ό
ή“,•”•i‚Λ‚η‚Ά,‚”φ,³”ª‰¤q,132012,“‹“s,”ª‰¤qs,³”ª‰¤q’¬‚R’–Ϊ,2025/8/27,20,‚SK‚ΔΘγ‹¤“―Z‘ξ,’“Τi—Φjκ,ƒiƒ“ƒo[ƒvƒ[ƒg
ή“,•”•i‚Λ‚η‚Ά,‚”φ,›“c’c’n,132012,“‹“s,”ª‰¤qs,›“c’¬,2024/12/1,17,‚SK‚ΔΘγ‹¤“―Z‘ξ,’“Τi—Φjκ,ƒiƒ“ƒo[ƒvƒ[ƒg
ή“,•”•i‚Λ‚η‚Ά,‚”φ,“σμ,132012,“‹“s,”ª‰¤qs,“σμ’¬,2025/10/10,16,‚»‚Μ‘Ό,’“Τi—Φjκ,‚»‚Μ‘Ό
ή“,•”•i‚Λ‚η‚Ά,‚”φ,‰΅μ’¬,132012,“‹“s,”ª‰¤qs,‰΅μ’¬,2025/2/3,19,‚SK‚ΔΘγ‹¤“―Z‘ξ,’“Τi—Φjκ,‚»‚Μ‘Ό
ή“,•”•i‚Λ‚η‚Ά,‚”φ,‰΅μ’¬,132012,“‹“s,”ª‰¤qs,‰΅μ’¬,2025/2/17,17,‚SK‚ΔΘγ‹¤“―Z‘ξ,’“Τi—Φjκ,‚»‚Μ‘Ό
ή“,•”•i‚Λ‚η‚Ά,‚”φ,‰΅μ’¬,132012,“‹“s,”ª‰¤qs,‰΅μ’¬,2025/2/20,16,‚SK‚ΔΘγ‹¤“―Z‘ξ,’“Τi—Φjκ,‚»‚Μ‘Ό
ή“,•”•i‚Λ‚η‚Ά,‚”φ,‰΅μ’¬,132012,“‹“s,”ª‰¤qs,‰΅μ’¬,2025/2/20,16,‚SK‚ΔΘγ‹¤“―Z‘ξ,’“Τi—Φjκ,‚»‚Μ‘Ό
ή“,•”•i‚Λ‚η‚Ά,‚”φ,‰΅μ’¬,132012,“‹“s,”ª‰¤qs,‰΅μ’¬,2025/2/20,16,‚SK‚ΔΘγ‹¤“―Z‘ξ,’“Τi—Φjκ,‚»‚Μ‘Ό
ή“,•”•i‚Λ‚η‚Ά,‚”φ,‰΅μ’¬,132012,“‹“s,”ª‰¤qs,‰΅μ’¬,2025/2/21,21,‚»‚Μ‘Ό‚ΜZ‘ξi‚RK‚ΔΘ‰Ί‹¤“―Z‘ξ“™j,’“Τi—Φjκ,‚»‚Μ‘Ό
ή“,•”•i‚Λ‚η‚Ά,‚”φ,z–K,132012,“‹“s,”ª‰¤qs,ς’¬,2025/7/30,15,‚»‚Μ‘Ό‚ΜZ‘ξi‚RK‚ΔΘ‰Ί‹¤“―Z‘ξ“™j,‚»‚Μ‘Ό,ƒiƒ“ƒo[ƒvƒ[ƒg
ή“,•”•i‚Λ‚η‚Ά,‚”φ,’·–[’¬,132012,“‹“s,”ª‰¤qs,’·–[’¬,2025/2/19,14,‚SK‚ΔΘγ‹¤“―Z‘ξ,’“Τi—Φjκ,‚»‚Μ‘Ό
ή“,•”•i‚Λ‚η‚Ά,‚”φ,’·–[’¬,132012,“‹“s,”ª‰¤qs,’·–[’¬,2025/2/19,16,‚SK‚ΔΘγ‹¤“―Z‘ξ,’“Τi—Φjκ,‚»‚Μ‘Ό
ή“,•”•i‚Λ‚η‚Ά,‚”φ,’·–[’¬,132012,“‹“s,”ª‰¤qs,’·–[’¬,2025/2/20,16,‚SK‚ΔΘγ‹¤“―Z‘ξ,’“Τi—Φjκ,‚»‚Μ‘Ό
ή“,•”•i‚Λ‚η‚Ά,‚”φ,’·–[’¬,132012,“‹“s,”ª‰¤qs,’·–[’¬,2025/6/20,18,‚»‚Μ‘Ό‚ΜZ‘ξi‚RK‚ΔΘ‰Ί‹¤“―Z‘ξ“™j,’“Τi—Φjκ,ƒiƒ“ƒo[ƒvƒ[ƒg
ή“,•”•i‚Λ‚η‚Ά,‚”φ,’·–[’¬,132012,“‹“s,”ª‰¤qs,’·–[’¬,2025/6/26,15,‚SK‚ΔΘγ‹¤“―Z‘ξ,’“Τi—Φjκ,ƒiƒ“ƒo[ƒvƒ[ƒg
ή“,•”•i‚Λ‚η‚Ά,‚”φ,’·–[’¬,132012,“‹“s,”ª‰¤qs,’·–[’¬,2025/8/23,21,κΛZ‘ξ,’“Τi—Φjκ,ƒiƒ“ƒo[ƒvƒ[ƒg
ή“,•”•i‚Λ‚η‚Ά,‚”φ,ΩƒP‹u,132012,“‹“s,”ª‰¤qs,Ω’¬,2025/7/21,9,’“Τi—Φjκ,’“Τi—Φjκ,‚»‚Μ‘Ό
ή“,•”•i‚Λ‚η‚Ά,‘½–€’†‰›,–kLζ,132241,“‹“s,‘½–€s,Lζ‚Q’–Ϊ,2025/8/26,16,‚SK‚ΔΘγ‹¤“―Z‘ξ,’“Τi—Φjκ,ƒiƒ“ƒo[ƒvƒ[ƒg
ή“,•”•i‚Λ‚η‚Ά,‘½–€’†‰›,ό—z‘δ,132250,“‹“s,ξιs,ό—z‘δ‚T’–Ϊ,2025/11/29,14,‚SK‚ΔΘγ‹¤“―Z‘ξ,’“Τi—Φjκ,‚»‚Μ‘Ό
ή“,•”•i‚Λ‚η‚Ά,‘½–€’†‰›,a“c,132241,“‹“s,‘½–€s,a“c,2025/10/8,9,“ΉHγ,‚»‚Μ‘Ό,ƒiƒ“ƒo[ƒvƒ[ƒg
ή“,•”•i‚Λ‚η‚Ά,‘½–€’†‰›,β•l,132250,“‹“s,ξιs,β•l,2025/1/24,16,’“Τi—Φjκ,’“Τi—Φjκ,‚»‚Μ‘Ό
ή“,•”•i‚Λ‚η‚Ά,‘½–€’†‰›,‘½–€ƒZƒ“ƒ^[‰w‘O,132241,“‹“s,‘½–€s,—‡‚P’–Ϊ,2025/8/21,22,“ΉHγ,‚»‚Μ‘Ό,ƒiƒ“ƒo[ƒvƒ[ƒg
ή“,•”•i‚Λ‚η‚Ά,‘½–€’†‰›,‘½–€ƒZƒ“ƒ^[‰w‘O,132241,“‹“s,‘½–€s,—‡‚R’–Ϊ,2025/7/4,21,‚SK‚ΔΘγ‹¤“―Z‘ξ,’“Τi—Φjκ,‚»‚Μ‘Ό
ή“,•”•i‚Λ‚η‚Ά,‘½–€’†‰›,‘½–€ƒZƒ“ƒ^[‰w‘O,132241,“‹“s,‘½–€s,’ί–q‚P’–Ϊ,2025/12/1,11,‚»‚Μ‘Ό,’“Τi—Φjκ,‚»‚Μ‘Ό
ή“,•”•i‚Λ‚η‚Ά,‘½–€’†‰›,‘εΫ,132250,“‹“s,ξιs,‘εΫ,2025/3/21,16,’“Τi—Φjκ,’“Τi—Φjκ,‚»‚Μ‘Ό
ή“,•”•i‚Λ‚η‚Ά,‘½–€’†‰›,¤“†,132241,“‹“s,‘½–€s,a“c,2025/9/1,23,‚SK‚ΔΘγ‹¤“―Z‘ξ,’“Τi—Φjκ,‚»‚Μ‘Ό
ή“,•”•i‚Λ‚η‚Ά,‘½–€’†‰›,¤“†,132241,“‹“s,‘½–€s,a“c,2025/9/20,18,‚SK‚ΔΘγ‹¤“―Z‘ξ,’“Τi—Φjκ,‚»‚Μ‘Ό
ή“,•”•i‚Λ‚η‚Ά,‘½–€’†‰›,¤“†,132241,“‹“s,‘½–€s,a“c,2025/10/21,17,‚SK‚ΔΘγ‹¤“―Z‘ξ,’“Τi—Φjκ,‚»‚Μ‘Ό
ή“,•”•i‚Λ‚η‚Ά,‘½–€’†‰›,¤“†,132241,“‹“s,‘½–€s,a“c,2025/11/14,16,‚SK‚ΔΘγ‹¤“―Z‘ξ,’“Τi—Φjκ,‚»‚Μ‘Ό
ή“,•”•i‚Λ‚η‚Ά,‘½–€’†‰›,•S‘Ί,132250,“‹“s,ξιs,•S‘Ί,2025/3/28,19,’“Τi—Φjκ,’“Τi—Φjκ,‚»‚Μ‘Ό
ή“,•”•i‚Λ‚η‚Ά,‘½–€’†‰›,•S‘Ί,132250,“‹“s,ξιs,•S‘Ί,2025/6/12,15,‚»‚Μ‘Ό‚ΜZ‘ξi‚RK‚ΔΘ‰Ί‹¤“―Z‘ξ“™j,’“Τi—Φjκ,‚»‚Μ‘Ό
ή“,•”•i‚Λ‚η‚Ά,‘½–€’†‰›,•S‘Ί,132250,“‹“s,ξιs,•S‘Ί,2025/6/20,5,‚»‚Μ‘Ό‚ΜZ‘ξi‚RK‚ΔΘ‰Ί‹¤“―Z‘ξ“™j,’“Τi—Φjκ,ƒiƒ“ƒo[ƒvƒ[ƒg
ή“,•”•i‚Λ‚η‚Ά,‘½–€’†‰›,ΉƒP‹u,132241,“‹“s,‘½–€s,ΉƒP‹u‚Q’–Ϊ,2024/9/22,14,‚SK‚ΔΘγ‹¤“―Z‘ξ,’“Τi—Φjκ,ƒiƒ“ƒo[ƒvƒ[ƒg
ή“,•”•i‚Λ‚η‚Ά,‘½–€’†‰›,ΉƒP‹u,132241,“‹“s,‘½–€s,ΉƒP‹u‚R’–Ϊ,2025/2/27,13,κΛZ‘ξ,’“Τi—Φjκ,ƒiƒ“ƒo[ƒvƒ[ƒg
ή“,•”•i‚Λ‚η‚Ά,‘½–€’†‰›,Lζ,132241,“‹“s,‘½–€s,Lζ‚T’–Ϊ,2025/6/24,18,‚SK‚ΔΘγ‹¤“―Z‘ξ,’“Τi—Φjκ,‚»‚Μ‘Ό
ή“,•”•i‚Λ‚η‚Ά,‘½–€’†‰›,Lζ,132241,“‹“s,‘½–€s,“μ–μ‚Q’–Ϊ,2025/2/23,23,‚»‚Μ‘Ό‚ΜZ‘ξi‚RK‚ΔΘ‰Ί‹¤“―Z‘ξ“™j,’“Τi—Φjκ,ƒiƒ“ƒo[ƒvƒ[ƒg
ή“,•”•i‚Λ‚η‚Ά,‘½–€’†‰›,’·•τ,132250,“‹“s,ξιs,’·•τ‚R’–Ϊ,2025/6/6,17,‚SK‚ΔΘγ‹¤“―Z‘ξ,’“Τi—Φjκ,‚»‚Μ‘Ό
ή“,•”•i‚Λ‚η‚Ά,“‘εa,‚―‚β‚«’Κ,132209,“‹“s,“‘εas,΄΄‚Q’–Ϊ,2025/10/4,7,‚SK‚ΔΘγ‹¤“―Z‘ξ,’“Τi—Φjκ,‚»‚Μ‘Ό
ή“,•”•i‚Λ‚η‚Ά,“‘εa,‚―‚β‚«’Κ,132209,“‹“s,“‘εas,΄΄‚R’–Ϊ,2025/5/21,1,‚SK‚ΔΘγ‹¤“―Z‘ξ,’“Τi—Φjκ,ƒiƒ“ƒo[ƒvƒ[ƒg
ή“,•”•i‚Λ‚η‚Ά,“‘εa,Oƒc–Ψ,132233,“‹“s,•‘ ‘ΊRs,c–x‚T’–Ϊ,2025/3/9,13,‚»‚Μ‘Ό,’“Τi—Φjκ,‚»‚Μ‘Ό
ή“,•”•i‚Λ‚η‚Ά,“‘εa,Oƒc–Ψ,132233,“‹“s,•‘ ‘ΊRs,–{’¬‚R’–Ϊ,2025/7/23,0,‚»‚Μ‘Ό,’“Τi—Φjκ,‚»‚Μ‘Ό
ή“,•”•i‚Λ‚η‚Ά,“‘εa,Oƒc–Ψ,132233,“‹“s,•‘ ‘ΊRs,έ‚Q’–Ϊ,2025/9/21,7,κΛZ‘ξ,’“Τi—Φjκ,‚»‚Μ‘Ό
ή“,•”•i‚Λ‚η‚Ά,“‘εa,’†“΅,132233,“‹“s,•‘ ‘ΊRs,–{’¬‚R’–Ϊ,2025/10/15,18,κΛZ‘ξ,’“Τi—Φjκ,‚»‚Μ‘Ό
ή“,•”•i‚Λ‚η‚Ά,“‘εa,’†“΅,132233,“‹“s,•‘ ‘ΊRs,–{’¬‚R’–Ϊ,2025/10/22,20,κΛZ‘ξ,‚»‚Μ‘Ό,‚»‚Μ‘Ό
ή“,•”•i‚Λ‚η‚Ά,“‘εa,“μX,132209,“‹“s,“‘εas,ό΄‚U’–Ϊ,2024/12/29,14,‚SK‚ΔΘγ‹¤“―Z‘ξ,’“Τi—Φjκ,ƒiƒ“ƒo[ƒvƒ[ƒg
ή“,•”•i‚Λ‚η‚Ά,“‘εa,“μX,132209,“‹“s,“‘εas,ό΄‚U’–Ϊ,2025/3/5,10,’“Τi—Φjκ,’“Τi—Φjκ,‚»‚Μ‘Ό
ή“,•”•i‚Λ‚η‚Ά,“‘εa,“μX,132209,“‹“s,“‘εas,ό΄‚U’–Ϊ,2025/5/1,0,‚SK‚ΔΘγ‹¤“―Z‘ξ,’“Τi—Φjκ,ƒiƒ“ƒo[ƒvƒ[ƒg
ή“,•”•i‚Λ‚η‚Ά,“‘εa,“μX,132209,“‹“s,“‘εas,ό΄‚U’–Ϊ,2025/9/20,15,‚SK‚ΔΘγ‹¤“―Z‘ξ,’“Τi—Φjκ,ƒiƒ“ƒo[ƒvƒ[ƒg
ή“,•”•i‚Λ‚η‚Ά,“‘εa,“ή—Η‹΄,132209,“‹“s,“‘εas,γ–k‘δ‚Q’–Ϊ,2025/3/18,17,‚SK‚ΔΘγ‹¤“―Z‘ξ,’“Τi—Φjκ,‚»‚Μ‘Ό
ή“,•”•i‚Λ‚η‚Ά,“‘εa,“ή—Η‹΄,132209,“‹“s,“‘εas,“ή—Η‹΄‚P’–Ϊ,2025/5/14,17,‚»‚Μ‘Ό‚ΜZ‘ξi‚RK‚ΔΘ‰Ί‹¤“―Z‘ξ“™j,’“Τi—Φjκ,ƒiƒ“ƒo[ƒvƒ[ƒg
ή“,•”•i‚Λ‚η‚Ά,“‘εa,‘ΊR,132209,“‹“s,“‘εas,χ‚ª‹u‚R’–Ϊ,2025/5/9,16,‚SK‚ΔΘγ‹¤“―Z‘ξ,’“Τi—Φjκ,‚»‚Μ‘Ό
ή“,•”•i‚Λ‚η‚Ά,“‘εa,‘ΊR,132233,“‹“s,•‘ ‘ΊRs,‰|‚Q’–Ϊ,2025/11/25,13,‚SK‚ΔΘγ‹¤“―Z‘ξ,’“Τi—Φjκ,‚»‚Μ‘Ό
ή“,•”•i‚Λ‚η‚Ά,“‘εa,‘ΊR,132233,“‹“s,•‘ ‘ΊRs,‘ε“μ‚P’–Ϊ,2025/10/25,19,κΛZ‘ξ,’“Τi—Φjκ,ƒiƒ“ƒo[ƒvƒ[ƒg
ή“,•”•i‚Λ‚η‚Ά,“‘εa,‘ΊR,132233,“‹“s,•‘ ‘ΊRs,w‰€‚R’–Ϊ,2025/8/8,18,‚»‚Μ‘Ό,’“Τi—Φjκ,‚»‚Μ‘Ό
ή“,•”•i‚Λ‚η‚Ά,“‘εa,‘ΊR,132233,“‹“s,•‘ ‘ΊRs,—Ξ‚ª‹u,2025/1/1,•s–Ύ,‚SK‚ΔΘγ‹¤“―Z‘ξ,’“Τi—Φjκ,‚»‚Μ‘Ό
ή“,•”•i‚Λ‚η‚Ά,“‘εa,‘ΊR,132233,“‹“s,•‘ ‘ΊRs,—Ξ‚ª‹u,2025/8/11,20,‚SK‚ΔΘγ‹¤“―Z‘ξ,’“Τi—Φjκ,ƒiƒ“ƒo[ƒvƒ[ƒg
ή“,•”•i‚Λ‚η‚Ά,“‘εa,‘ΊR,132233,“‹“s,•‘ ‘ΊRs,—Ξ‚ª‹u,2025/9/25,12,‚SK‚ΔΘγ‹¤“―Z‘ξ,’“Τi—Φjκ,‚»‚Μ‘Ό
ή“,•”•i‚Λ‚η‚Ά,“‘εa,‘ΊR,132233,“‹“s,•‘ ‘ΊRs,—Ξ‚ª‹u,2025/11/1,10,‚SK‚ΔΘγ‹¤“―Z‘ξ,’“Τi—Φjκ,ƒiƒ“ƒo[ƒvƒ[ƒg
ή“,•”•i‚Λ‚η‚Ά,“‘εa,‘ΊR,132233,“‹“s,•‘ ‘ΊRs,—Ξ‚ª‹u,2025/12/13,19,‚SK‚ΔΘγ‹¤“―Z‘ξ,’“Τi—Φjκ,‚»‚Μ‘Ό
ή“,•”•i‚Λ‚η‚Ά,“‘εa,c–x,132233,“‹“s,•‘ ‘ΊRs,Ι“ή•½‚Q’–Ϊ,2025/11/10,17,‚»‚Μ‘Ό,’“Τi—Φjκ,‚»‚Μ‘Ό
ή“,•”•i‚Λ‚η‚Ά,“‘εa,‹Κμγ…‰w‘O,132209,“‹“s,“‘εas,χ‚ª‹u‚R’–Ϊ,2025/1/4,0,‚SK‚ΔΘγ‹¤“―Z‘ξ,’“Τi—Φjκ,‚»‚Μ‘Ό
ή“,•”•i‚Λ‚η‚Ά,“‘εa,‹Κμγ…‰w‘O,132209,“‹“s,“‘εas,—§–μ‚S’–Ϊ,2025/10/27,15,‚SK‚ΔΘγ‹¤“―Z‘ξ,’“Τi—Φjκ,‚»‚Μ‘Ό
ή“,•”•i‚Λ‚η‚Ά,“‘εa,‹Κμγ…‰w‘O,132233,“‹“s,•‘ ‘ΊRs,‘ε“μ‚R’–Ϊ,2024/11/30,18,’“Τi—Φjκ,’“Τi—Φjκ,‚»‚Μ‘Ό
ή“,•”•i‚Λ‚η‚Ά,“‘εa,πE,132209,“‹“s,“‘εas,πE‚U’–Ϊ,2025/12/11,23,κΛZ‘ξ,’“Τi—Φjκ,‚»‚Μ‘Ό
ή“,•”•i‚Λ‚η‚Ά,Β”~,γ’·•£,132055,“‹“s,Β”~s,’·•£‚U’–Ϊ,2025/2/25,18,’“Τi—Φjκ,’“Τi—Φjκ,‚»‚Μ‘Ό
ή“,•”•i‚Λ‚η‚Ά,Β”~,΅δ,132055,“‹“s,Β”~s,΅δ‚P’–Ϊ,2025/2/22,20,κΛZ‘ξ,’“Τi—Φjκ,ƒiƒ“ƒo[ƒvƒ[ƒg
ή“,•”•i‚Λ‚η‚Ά,Β”~,ηƒP£,132055,“‹“s,Β”~s,ηƒ–£’¬‚Q’–Ϊ,2024/7/21,•s–Ύ,‚»‚Μ‘Ό‚ΜZ‘ξi‚RK‚ΔΘ‰Ί‹¤“―Z‘ξ“™j,’“Τi—Φjκ,ƒiƒ“ƒo[ƒvƒ[ƒg
ή“,•”•i‚Λ‚η‚Ά,Β”~,—F“c,132055,“‹“s,Β”~s,—F“c’¬‚P’–Ϊ,2025/11/14,10,‚SK‚ΔΘγ‹¤“―Z‘ξ,’“Τi—Φjκ,‚»‚Μ‘Ό
ή“,•”•i‚Λ‚η‚Ά,Β”~,‘ε–ε,132055,“‹“s,Β”~s,‘ε–ε‚P’–Ϊ,2025/10/3,21,κΛZ‘ξ,’“Τi—Φjκ,‚»‚Μ‘Ό
ή“,•”•i‚Λ‚η‚Ά,Β”~,V’¬,132055,“‹“s,Β”~s,V’¬‚R’–Ϊ,2025/5/14,13,’“Τi—Φjκ,’“Τi—Φjκ,‚»‚Μ‘Ό
ή“,•”•i‚Λ‚η‚Ά,Β”~,V’¬,132055,“‹“s,Β”~s,V’¬‚T’–Ϊ,2025/10/1,16,‚»‚Μ‘Ό‚ΜZ‘ξi‚RK‚ΔΘ‰Ί‹¤“―Z‘ξ“™j,’“Τi—Φjκ,ƒiƒ“ƒo[ƒvƒ[ƒg
ή“,•”•i‚Λ‚η‚Ά,Β”~,V’¬,132055,“‹“s,Β”~s,V’¬‚X’–Ϊ,2025/7/23,20,‚»‚Μ‘Ό,’“Τi—Φjκ,‚»‚Μ‘Ό
ή“,•”•i‚Λ‚η‚Ά,Β”~,V’¬,132055,“‹“s,Β”~s,–μγ’¬‚R’–Ϊ,2025/4/30,17,‚SK‚ΔΘγ‹¤“―Z‘ξ,’“Τi—Φjκ,ƒiƒ“ƒo[ƒvƒ[ƒg
ή“,•”•i‚Λ‚η‚Ά,Β”~,V’¬,132055,“‹“s,Β”~s,–μγ’¬‚R’–Ϊ,2025/10/5,13,‚SK‚ΔΘγ‹¤“―Z‘ξ,’“Τi—Φjκ,ƒ^ƒCƒ„EƒzƒC[ƒ‹
ή“,•”•i‚Λ‚η‚Ά,Β”~,V’¬,132055,“‹“s,Β”~s,–μγ’¬‚R’–Ϊ,2025/10/11,5,‚SK‚ΔΘγ‹¤“―Z‘ξ,’“Τi—Φjκ,ƒiƒ“ƒo[ƒvƒ[ƒg
ή“,•”•i‚Λ‚η‚Ά,Β”~,“¬–Ψ,132055,“‹“s,Β”~s,¬–Ψ‚Q’–Ϊ,2025/1/16,11,κΛZ‘ξ,’“Τi—Φjκ,ƒiƒ“ƒo[ƒvƒ[ƒg
ή“,•”•i‚Λ‚η‚Ά,Β”~,”~‹½,132055,“‹“s,Β”~s,—M–Ψ’¬‚R’–Ϊ,2025/10/21,17,κΛZ‘ξ,’“Τi—Φjκ,‚»‚Μ‘Ό
ή“,•”•i‚Λ‚η‚Ά,Β”~,”~‹½,132055,“‹“s,Β”~s,—M–Ψ’¬‚R’–Ϊ,2025/10/22,17,κΛZ‘ξ,’“Τi—Φjκ,ƒ^ƒCƒ„EƒzƒC[ƒ‹
ή“,•”•i‚Λ‚η‚Ά,Β”~,‰Ν•Σ,132055,“‹“s,Β”~s,‰Ν•Σ’¬‚P’–Ϊ,2025/10/1,11,’“Τi—Φjκ,’“Τi—Φjκ,ƒiƒ“ƒo[ƒvƒ[ƒg
ή“,•”•i‚Λ‚η‚Ά,Β”~,‰Ν•Σ‰w‘O,132055,“‹“s,Β”~s,‰Ν•Σ’¬‚V’–Ϊ,2025/8/18,15,’“Τi—Φjκ,’“Τi—Φjκ,ƒiƒ“ƒo[ƒvƒ[ƒg
ή“,•”•i‚Λ‚η‚Ά,Β”~,‰Ν•Σ‰w‘O,132055,“‹“s,Β”~s,‰Ν•Σ’¬‚X’–Ϊ,2025/4/30,10,‚SK‚ΔΘγ‹¤“―Z‘ξ,’“Τi—Φjκ,ƒiƒ“ƒo[ƒvƒ[ƒg
ή“,•”•i‚Λ‚η‚Ά,Β”~,‰Ν•Σ‰w‘O,132055,“‹“s,Β”~s,–μγ’¬‚S’–Ϊ,2025/9/15,17,‚SK‚ΔΘγ‹¤“―Z‘ξ,’“Τi—Φjκ,ƒiƒ“ƒo[ƒvƒ[ƒg
ή“,•”•i‚Λ‚η‚Ά,Β”~,‰Ν•Σ‰w‘O,132055,“‹“s,Β”~s,t‰ª’¬‚Q’–Ϊ,2025/5/3,17,’“Τi—Φjκ,’“Τi—Φjκ,ƒiƒ“ƒo[ƒvƒ[ƒg
ή“,•”•i‚Λ‚η‚Ά,Β”~,Β”~‰w‘O,132055,“‹“s,Β”~s,X‰Ί’¬,2025/4/4,23,’“Τi—Φjκ,’“Τi—Φjκ,ƒiƒ“ƒo[ƒvƒ[ƒg
ή“,•”•i‚Λ‚η‚Ά,ά“ϊs,ά“ϊs‰w‘O,132284,“‹“s,‚ ‚«‚ι–μs,Ϊ’J‘δ,2025/7/15,7,’“Τi—Φjκ,’“Τi—Φjκ,‚»‚Μ‘Ό
ή“,•”•i‚Λ‚η‚Ά,ά“ϊs,Λ‘q,132284,“‹“s,‚ ‚«‚ι–μs,Λ‘q,2025/6/3,3,κΛZ‘ξ,’“Τi—Φjκ,ƒiƒ“ƒo[ƒvƒ[ƒg
ή“,•”•i‚Λ‚η‚Ά,ά“ϊs,Λ‘q,132284,“‹“s,‚ ‚«‚ι–μs,Λ‘q,2025/10/15,15,κΛZ‘ξ,’“Τi—Φjκ,ƒiƒ“ƒo[ƒvƒ[ƒg
ή“,•”•i‚Λ‚η‚Ά,•¶,“ρ‹{,132284,“‹“s,‚ ‚«‚ι–μs,•½‘ς“‚P’–Ϊ,2025/9/21,0,‚SK‚ΔΘγ‹¤“―Z‘ξ,’“Τi—Φjκ,‚»‚Μ‘Ό
ή“,•”•i‚Λ‚η‚Ά,•¶,“ΰo,132187,“‹“s,•¶s,‘εFμ,2024/12/7,21,‚»‚Μ‘Ό‚ΜZ‘ξi‚RK‚ΔΘ‰Ί‹¤“―Z‘ξ“™j,’“Τi—Φjκ,‚»‚Μ‘Ό
ή“,•”•i‚Λ‚η‚Ά,•¶,“ΰo,132187,“‹“s,•¶s,‘εFμ,2024/12/31,12,‚»‚Μ‘Ό‚ΜZ‘ξi‚RK‚ΔΘ‰Ί‹¤“―Z‘ξ“™j,’“Τi—Φjκ,‚»‚Μ‘Ό
ή“,•”•i‚Λ‚η‚Ά,•¶,“ΰo,132187,“‹“s,•¶s,‘εFμ,2025/4/12,20,‚»‚Μ‘Ό‚ΜZ‘ξi‚RK‚ΔΘ‰Ί‹¤“―Z‘ξ“™j,’“Τi—Φjκ,ƒiƒ“ƒo[ƒvƒ[ƒg
ή“,•”•i‚Λ‚η‚Ά,•¶,“ΰo,132187,“‹“s,•¶s,‘εFμ,2025/6/1,11,‚SK‚ΔΘγ‹¤“―Z‘ξ,’“Τi—Φjκ,ƒiƒ“ƒo[ƒvƒ[ƒg
ή“,•”•i‚Λ‚η‚Ά,•¶,“μ“c‰€,132187,“‹“s,•¶s,“μ“c‰€‚Q’–Ϊ,2025/1/27,6,‚SK‚ΔΘγ‹¤“―Z‘ξ,’“Τi—Φjκ,ƒiƒ“ƒo[ƒvƒ[ƒg
ή“,•”•i‚Λ‚η‚Ά,•¶,“μ“c‰€,132187,“‹“s,•¶s,“μ“c‰€‚Q’–Ϊ,2025/8/2,20,’“Τi—Φjκ,’“Τi—Φjκ,ƒiƒ“ƒo[ƒvƒ[ƒg
ή“,•”•i‚Λ‚η‚Ά,•¶,“μ“c‰€,132187,“‹“s,•¶s,“μ“c‰€‚Q’–Ϊ,2025/11/18,23,‚SK‚ΔΘγ‹¤“―Z‘ξ,’“Τi—Φjκ,‚»‚Μ‘Ό
ή“,•”•i‚Λ‚η‚Ά,•¶,¬μ‰w‘O,132276,“‹“s,‰H‘Ίs,¬μ‘δ‚Q’–Ϊ,2025/7/12,8,’“Τi—Φjκ,’“Τi—Φjκ,‚»‚Μ‘Ό
ή“,•”•i‚Λ‚η‚Ά,•¶,¬μ‰w‘O,132276,“‹“s,‰H‘Ίs,¬μ‘δ‚T’–Ϊ,2020/1/1,•s–Ύ,‚»‚Μ‘Ό‚ΜZ‘ξi‚RK‚ΔΘ‰Ί‹¤“―Z‘ξ“™j,‚»‚Μ‘Ό,ƒiƒ“ƒo[ƒvƒ[ƒg
ή“,•”•i‚Λ‚η‚Ά,•¶,¬μ,132284,“‹“s,‚ ‚«‚ι–μs,¬μ,2025/2/24,18,‚»‚Μ‘Ό‚ΜZ‘ξi‚RK‚ΔΘ‰Ί‹¤“―Z‘ξ“™j,’“Τi—Φjκ,‚»‚Μ‘Ό
ή“,•”•i‚Λ‚η‚Ά,•¶,‰΅“c,132187,“‹“s,•¶s,‘ε•¶,2025/3/22,11,‚SK‚ΔΘγ‹¤“―Z‘ξ,’“Τi—Φjκ,‚»‚Μ‘Ό
ή“,•”•i‚Λ‚η‚Ά,•¶,‰΅“c,132187,“‹“s,•¶s,‘ε•¶,2025/10/20,17,‚SK‚ΔΘγ‹¤“―Z‘ξ,’“Τi—Φjκ,‚»‚Μ‘Ό
ή“,•”•i‚Λ‚η‚Ά,•¶,‰΅“c,132187,“‹“s,•¶s,•‘ –μ‘δ‚P’–Ϊ,2025/11/29,17,‚»‚Μ‘Ό‚ΜZ‘ξi‚RK‚ΔΘ‰Ί‹¤“―Z‘ξ“™j,’“Τi—Φjκ,‚»‚Μ‘Ό
ή“,•”•i‚Λ‚η‚Ά,•¶,•‘ –μ,133035,“‹“s,•δ’¬,‚ή‚³‚µ–μ‚P’–Ϊ,2025/4/10,19,‚SK‚ΔΘγ‹¤“―Z‘ξ,’“Τi—Φjκ,ƒ^ƒCƒ„EƒzƒC[ƒ‹
ή“,•”•i‚Λ‚η‚Ά,•¶,•‘ –μ,133035,“‹“s,•δ’¬,‚ή‚³‚µ–μ‚P’–Ϊ,2025/5/27,6,‚SK‚ΔΘγ‹¤“―Z‘ξ,’“Τi—Φjκ,ƒiƒ“ƒo[ƒvƒ[ƒg
ή“,•”•i‚Λ‚η‚Ά,•¶,Ίγ,132284,“‹“s,‚ ‚«‚ι–μs,‰Ί‘γp,2025/7/31,23,‚SK‚ΔΘγ‹¤“―Z‘ξ,’“Τi—Φjκ,‚»‚Μ‘Ό
ή“,•”•i‚Λ‚η‚Ά,•¶,_–Ύ‘δ,132276,“‹“s,‰H‘Ίs,_–Ύ‘δ‚P’–Ϊ,2025/12/23,19,’“Τi—Φjκ,’“Τi—Φjκ,ƒiƒ“ƒo[ƒvƒ[ƒg
ή“,•”•i‚Λ‚η‚Ά,•¶,_–Ύ‘δ,132276,“‹“s,‰H‘Ίs,_–Ύ‘δ‚P’–Ϊ,2025/12/23,22,’“Τi—Φjκ,’“Τi—Φjκ,ƒiƒ“ƒo[ƒvƒ[ƒg
ή“,•”•i‚Λ‚η‚Ά,•¶,_–Ύ‘δ,132276,“‹“s,‰H‘Ίs,_–Ύ‘δ‚R’–Ϊ,2024/12/25,20,‚SK‚ΔΘγ‹¤“―Z‘ξ,’“Τi—Φjκ,‚»‚Μ‘Ό
ή“,•”•i‚Λ‚η‚Ά,•¶,_–Ύ‘δ,132276,“‹“s,‰H‘Ίs,_–Ύ‘δ‚R’–Ϊ,2025/8/6,20,‚SK‚ΔΘγ‹¤“―Z‘ξ,’“Τi—Φjκ,‚»‚Μ‘Ό
ή“,•”•i‚Λ‚η‚Ά,•¶,_–Ύ‘δ,132276,“‹“s,‰H‘Ίs,_–Ύ‘δ‚S’–Ϊ,2025/11/16,13,‚»‚Μ‘Ό‚ΜZ‘ξi‚RK‚ΔΘ‰Ί‹¤“―Z‘ξ“™j,’“Τi—Φjκ,‚»‚Μ‘Ό
ή“,•”•i‚Λ‚η‚Ά,•¶,•¶‰w‘O,132187,“‹“s,•¶s,‰Α”ό•½‚S’–Ϊ,2024/12/10,11,‚SK‚ΔΘγ‹¤“―Z‘ξ,’“Τi—Φjκ,ƒiƒ“ƒo[ƒvƒ[ƒg
ή“,•”•i‚Λ‚η‚Ά,•¶,•¶‰w‘O,132187,“‹“s,•¶s,‰Α”ό•½‚S’–Ϊ,2025/4/11,16,‚SK‚ΔΘγ‹¤“―Z‘ξ,’“Τi—Φjκ,ƒiƒ“ƒo[ƒvƒ[ƒg
ή“,•”•i‚Λ‚η‚Ά,•¶,•¶‰w‘O,132187,“‹“s,•¶s,‰Α”ό•½‚S’–Ϊ,2025/10/24,20,‚SK‚ΔΘγ‹¤“―Z‘ξ,’“Τi—Φjκ,ƒiƒ“ƒo[ƒvƒ[ƒg
ή“,•”•i‚Λ‚η‚Ά,•¶,•¶‰w‘O,132187,“‹“s,•¶s,‰Α”ό•½‚S’–Ϊ,2025/11/5,20,‚SK‚ΔΘγ‹¤“―Z‘ξ,’“Τi—Φjκ,ƒiƒ“ƒo[ƒvƒ[ƒg
ή“,•”•i‚Λ‚η‚Ά,•¶,•¶‰w‘O,132187,“‹“s,•¶s,‘εFμ,2025/6/25,15,“ΉHγ,‚»‚Μ‘Ό,ƒiƒ“ƒo[ƒvƒ[ƒg
ή“,•”•i‚Λ‚η‚Ά,•¶,•¶‰w‘O,132187,“‹“s,•¶s,•‘ –μ‘δ‚Q’–Ϊ,2025/8/20,18,‚SK‚ΔΘγ‹¤“―Z‘ξ,‚»‚Μ‘Ό,‚»‚Μ‘Ό
ή“,•”•i‚Λ‚η‚Ά,•¶,•¶‰w‘O,132187,“‹“s,•¶s,•‘ –μ‘δ‚Q’–Ϊ,2025/10/26,20,‚SK‚ΔΘγ‹¤“―Z‘ξ,’“Τi—Φjκ,‚»‚Μ‘Ό
ή“,•”•i‚Λ‚η‚Ά,•¶,Hμ‰w‘O,132284,“‹“s,‚ ‚«‚ι–μs,‰Ί‘γp,2025/5/26,14,’“Τi—Φjκ,’“Τi—Φjκ,‚»‚Μ‘Ό
ή“,•”•i‚Λ‚η‚Ά,•¶,” ªƒPθ,133035,“‹“s,•δ’¬,‘ε” ªƒPθ,2025/1/1,2,‚»‚Μ‘Ό‚ΜZ‘ξi‚RK‚ΔΘ‰Ί‹¤“―Z‘ξ“™j,’“Τi—Φjκ,ƒiƒ“ƒo[ƒvƒ[ƒg
ή“,•”•i‚Λ‚η‚Ά,•¶,” ªƒPθ,133035,“‹“s,•δ’¬,‘ε” ªƒPθ,2025/6/30,16,“ΉHγ,‚»‚Μ‘Ό,ƒiƒ“ƒo[ƒvƒ[ƒg
ή“,•”•i‚Λ‚η‚Ά,•¶,‰H‘Ί‰w‘O,132276,“‹“s,‰H‘Ίs,—Ξƒ–‹u‚P’–Ϊ,2024/12/1,15,‚SK‚ΔΘγ‹¤“―Z‘ξ,’“Τi—Φjκ,ƒiƒ“ƒo[ƒvƒ[ƒg
ή“,•”•i‚Λ‚η‚Ά,•¶,–μ•Σ,132284,“‹“s,‚ ‚«‚ι–μs,–μ•Σ,2025/7/13,18,’“Τi—Φjκ,’“Τi—Φjκ,‚»‚Μ‘Ό
ή“,•”•i‚Λ‚η‚Ά,”ª‰¤q,‰Ίμϋ,132012,“‹“s,”ª‰¤qs,μϋ’¬,2025/7/1,12,‚»‚Μ‘Ό‚ΜZ‘ξi‚RK‚ΔΘ‰Ί‹¤“―Z‘ξ“™j,’“Τi—Φjκ,‚»‚Μ‘Ό
ή“,•”•i‚Λ‚η‚Ά,”ª‰¤q,’O–Ψ,132012,“‹“s,”ª‰¤qs,¶“ό’¬,2025/3/22,23,‚»‚Μ‘Ό‚ΜZ‘ξi‚RK‚ΔΘ‰Ί‹¤“―Z‘ξ“™j,’“Τi—Φjκ,ƒiƒ“ƒo[ƒvƒ[ƒg
ή“,•”•i‚Λ‚η‚Ά,”ª‰¤q,’O–Ψ,132012,“‹“s,”ª‰¤qs,‘κR’¬‚Q’–Ϊ,2025/7/28,19,‚»‚Μ‘Ό‚ΜZ‘ξi‚RK‚ΔΘ‰Ί‹¤“―Z‘ξ“™j,’“Τi—Φjκ,ƒiƒ“ƒo[ƒvƒ[ƒg
ή“,•”•i‚Λ‚η‚Ά,”ª‰¤q,”ª‰¤q‰w–kϋ,132012,“‹“s,”ª‰¤qs,“V_’¬,2025/12/23,9,‚SK‚ΔΘγ‹¤“―Z‘ξ,’“Τi—Φjκ,‚»‚Μ‘Ό
ή“,•”•i‚Λ‚η‚Ά,”ª‰¤q,”ª‰¤q‰w–kϋ,132012,“‹“s,”ª‰¤qs,’†’¬,2025/7/22,19,‚»‚Μ‘Ό,’“Τi—Φjκ,‚»‚Μ‘Ό
ή“,•”•i‚Λ‚η‚Ά,”ª‰¤q,”ª‰¤q‰w–kϋ,132012,“‹“s,”ª‰¤qs,–Ύ_’¬‚R’–Ϊ,2025/6/27,18,’“Τi—Φjκ,’“Τi—Φjκ,ƒ^ƒCƒ„EƒzƒC[ƒ‹
ή“,•”•i‚Λ‚η‚Ά,”ª‰¤q,”ª‰¤q‰w“μϋ,132012,“‹“s,”ª‰¤qs,›’¬,2024/12/26,17,‚SK‚ΔΘγ‹¤“―Z‘ξ,’“Τi—Φjκ,‚»‚Μ‘Ό
ή“,•”•i‚Λ‚η‚Ά,”ª‰¤q,–k”ª‰¤q,132012,“‹“s,”ª‰¤qs,‚‘q’¬,2024/9/11,•s–Ύ,‚SK‚ΔΘγ‹¤“―Z‘ξ,’“Τi—Φjκ,ƒ^ƒCƒ„EƒzƒC[ƒ‹
ή“,•”•i‚Λ‚η‚Ά,”ª‰¤q,•xmX,132012,“‹“s,”ª‰¤qs,γ–μ’¬,2024/12/27,13,κΛZ‘ξ,‚»‚Μ‘Ό,‚»‚Μ‘Ό
ή“,•”•i‚Λ‚η‚Ά,”ª‰¤q,•xmX,132012,“‹“s,”ª‰¤qs,‘δ’¬‚P’–Ϊ,2025/5/2,19,’“Τi—Φjκ,’“Τi—Φjκ,ƒiƒ“ƒo[ƒvƒ[ƒg
ή“,•”•i‚Λ‚η‚Ά,”ª‰¤q,¶“ό’¬,132012,“‹“s,”ª‰¤qs,‚έ‚Β‚Ά‘δ‚P’–Ϊ,2025/10/11,7,κΛZ‘ξ,’“Τi—Φjκ,ƒiƒ“ƒo[ƒvƒ[ƒg
ή“,•”•i‚Λ‚η‚Ά,”ª‰¤q,Ά–Ϊ,132012,“‹“s,”ª‰¤qs,’†–μγ’¬‚T’–Ϊ,2025/5/2,19,κΛZ‘ξ,’“Τi—Φjκ,ƒiƒ“ƒo[ƒvƒ[ƒg
ή“,•”•i‚Λ‚η‚Ά,”ª‰¤q,ξ‰Χβ,132012,“‹“s,”ª‰¤qs,’†–μR‰¤‚R’–Ϊ,2025/2/18,16,‚SK‚ΔΘγ‹¤“―Z‘ξ,’“Τi—Φjκ,‚»‚Μ‘Ό
ή“,•”•i‚Λ‚η‚Ά,”ª‰¤q,ξ‰Χβ,132012,“‹“s,”ª‰¤qs,’†–μR‰¤‚R’–Ϊ,2025/2/20,14,‚»‚Μ‘Ό‚ΜZ‘ξi‚RK‚ΔΘ‰Ί‹¤“―Z‘ξ“™j,’“Τi—Φjκ,‚»‚Μ‘Ό
ή“,•”•i‚Λ‚η‚Ά,”ª‰¤q,ξ‰Χβ,132012,“‹“s,”ª‰¤qs,’†–μR‰¤‚R’–Ϊ,2025/2/20,16,‚»‚Μ‘Ό‚ΜZ‘ξi‚RK‚ΔΘ‰Ί‹¤“―Z‘ξ“™j,’“Τi—Φjκ,‚»‚Μ‘Ό
ή“,•”•i‚Λ‚η‚Ά,”ª‰¤q,ξ‰Χβ,132012,“‹“s,”ª‰¤qs,’†–μR‰¤‚R’–Ϊ,2025/8/13,21,‚SK‚ΔΘγ‹¤“―Z‘ξ,’“Τi—Φjκ,‚»‚Μ‘Ό
ή“,•”•i‚Λ‚η‚Ά,”ª‰¤q,ξ‰Χβ,132012,“‹“s,”ª‰¤qs,’†–μ’¬,2025/6/16,16,’“Τi—Φjκ,’“Τi—Φjκ,ƒiƒ“ƒo[ƒvƒ[ƒg
ή“,•”•i‚Λ‚η‚Ά,’¬“c,O—Φ,132098,“‹“s,’¬“cs,O—Φ’¬,2025/3/26,20,‚»‚Μ‘Ό‚ΜZ‘ξi‚RK‚ΔΘ‰Ί‹¤“―Z‘ξ“™j,’“Τi—Φjκ,‚»‚Μ‘Ό
ή“,•”•i‚Λ‚η‚Ά,’¬“c,O—Φ,132098,“‹“s,’¬“cs,O—Φ’¬,2025/5/19,15,‚»‚Μ‘Ό‚ΜZ‘ξi‚RK‚ΔΘ‰Ί‹¤“―Z‘ξ“™j,’“Τi—Φjκ,‚»‚Μ‘Ό
ή“,•”•i‚Λ‚η‚Ά,’¬“c,O—Φ,132098,“‹“s,’¬“cs,O—Φ’¬,2025/6/22,20,‚»‚Μ‘Ό‚ΜZ‘ξi‚RK‚ΔΘ‰Ί‹¤“―Z‘ξ“™j,’“Τi—Φjκ,ƒiƒ“ƒo[ƒvƒ[ƒg
ή“,•”•i‚Λ‚η‚Ά,’¬“c,O—Φ,132098,“‹“s,’¬“cs,O—Φ—ΞR‚P’–Ϊ,2025/7/19,12,‚SK‚ΔΘγ‹¤“―Z‘ξ,’“Τi—Φjκ,‚»‚Μ‘Ό
ή“,•”•i‚Λ‚η‚Ά,’¬“c,’†’¬,132098,“‹“s,’¬“cs,X–μ‚T’–Ϊ,2025/9/25,19,‚SK‚ΔΘγ‹¤“―Z‘ξ,’“Τi—Φjκ,‚»‚Μ‘Ό
ή“,•”•i‚Λ‚η‚Ά,’¬“c,’†’¬,132098,“‹“s,’¬“cs,X–μ‚U’–Ϊ,2025/10/8,17,‚SK‚ΔΘγ‹¤“―Z‘ξ,’“Τi—Φjκ,‚»‚Μ‘Ό
ή“,•”•i‚Λ‚η‚Ά,’¬“c,“μ‘ε’J,132098,“‹“s,’¬“cs,“μ‘ε’J,2025/3/30,13,‚SK‚ΔΘγ‹¤“―Z‘ξ,’“Τi—Φjκ,ƒiƒ“ƒo[ƒvƒ[ƒg
ή“,•”•i‚Λ‚η‚Ά,’¬“c,“μ‘ε’J,132098,“‹“s,’¬“cs,“μ‘ε’J,2025/8/6,8,‚SK‚ΔΘγ‹¤“―Z‘ξ,’“Τi—Φjκ,ƒiƒ“ƒo[ƒvƒ[ƒg
ή“,•”•i‚Λ‚η‚Ά,’¬“c,“μ’¬“cƒOƒ‰ƒ“ƒxƒ[ƒp,132098,“‹“s,’¬“cs,’ίΤ‚R’–Ϊ,2025/8/25,14,‚»‚Μ‘Ό,’“Τi—Φjκ,‚»‚Μ‘Ό
ή“,•”•i‚Λ‚η‚Ά,’¬“c,“μ’¬“cƒOƒ‰ƒ“ƒxƒ[ƒp,132098,“‹“s,’¬“cs,“μ’¬“c‚S’–Ϊ,2025/9/23,16,κΛZ‘ξ,’“Τi—Φjκ,‚»‚Μ‘Ό
ή“,•”•i‚Λ‚η‚Ά,’¬“c,΄’¬“c,132098,“‹“s,’¬“cs,΄’¬“c‚R’–Ϊ,2025/4/5,9,‚»‚Μ‘Ό,’“Τi—Φjκ,‚»‚Μ‘Ό
ή“,•”•i‚Λ‚η‚Ά,’¬“c,΄’¬“c,132098,“‹“s,’¬“cs,΄’¬“c‚S’–Ϊ,2025/7/9,15,‚»‚Μ‘Ό,‚»‚Μ‘Ό,ƒiƒ“ƒo[ƒvƒ[ƒg
ή“,•”•i‚Λ‚η‚Ά,’¬“c,΄’¬“c,132098,“‹“s,’¬“cs,΄’¬“c‚S’–Ϊ,2025/11/21,8,’“Τi—Φjκ,’“Τi—Φjκ,‚»‚Μ‘Ό
ή“,•”•i‚Λ‚η‚Ά,’¬“c,‘ε‘ ,132098,“‹“s,’¬“cs,‘ε‘ ’¬,2025/9/11,22,κΛZ‘ξ,’“Τi—Φjκ,ƒiƒ“ƒo[ƒvƒ[ƒg
ή“,•”•i‚Λ‚η‚Ά,’¬“c,¬–μH,132098,“‹“s,’¬“cs,¬–μH’¬,2025/7/12,12,‚»‚Μ‘Ό‚ΜZ‘ξi‚RK‚ΔΘ‰Ί‹¤“―Z‘ξ“™j,’“Τi—Φjκ,‚»‚Μ‘Ό
ή“,•”•i‚Λ‚η‚Ά,’¬“c,¬–μH,132098,“‹“s,’¬“cs,¬–μH’¬,2025/10/3,18,‚»‚Μ‘Ό,’“Τi—Φjκ,‚»‚Μ‘Ό
ή“,•”•i‚Λ‚η‚Ά,’¬“c,Rθ,132098,“‹“s,’¬“cs,Rθ’¬,2024/11/13,19,‚SK‚ΔΘγ‹¤“―Z‘ξ,’“Τi—Φjκ,ƒiƒ“ƒo[ƒvƒ[ƒg
ή“,•”•i‚Λ‚η‚Ά,’¬“c,Rθ,132098,“‹“s,’¬“cs,Rθ’¬,2025/1/11,15,‚SK‚ΔΘγ‹¤“―Z‘ξ,’“Τi—Φjκ,ƒ^ƒCƒ„EƒzƒC[ƒ‹
ή“,•”•i‚Λ‚η‚Ά,’¬“c,Rθ,132098,“‹“s,’¬“cs,Rθ’¬,2025/1/19,14,‚SK‚ΔΘγ‹¤“―Z‘ξ,’“Τi—Φjκ,ƒiƒ“ƒo[ƒvƒ[ƒg
ή“,•”•i‚Λ‚η‚Ά,’¬“c,Rθ,132098,“‹“s,’¬“cs,Rθ’¬,2025/1/30,12,‚SK‚ΔΘγ‹¤“―Z‘ξ,’“Τi—Φjκ,‚»‚Μ‘Ό
ή“,•”•i‚Λ‚η‚Ά,’¬“c,Rθ,132098,“‹“s,’¬“cs,Rθ’¬,2025/2/25,15,‚SK‚ΔΘγ‹¤“―Z‘ξ,’“Τi—Φjκ,ƒiƒ“ƒo[ƒvƒ[ƒg
ή“,•”•i‚Λ‚η‚Ά,’¬“c,Rθ,132098,“‹“s,’¬“cs,Rθ’¬,2025/3/15,14,‚SK‚ΔΘγ‹¤“―Z‘ξ,’“Τi—Φjκ,ƒiƒ“ƒo[ƒvƒ[ƒg
ή“,•”•i‚Λ‚η‚Ά,’¬“c,’‰¶,132098,“‹“s,’¬“cs,’‰¶‚S’–Ϊ,2025/2/1,1,‚»‚Μ‘Ό‚ΜZ‘ξi‚RK‚ΔΘ‰Ί‹¤“―Z‘ξ“™j,’“Τi—Φjκ,‚»‚Μ‘Ό
ή“,•”•i‚Λ‚η‚Ά,’¬“c,’‰¶,132098,“‹“s,’¬“cs,’‰¶‚S’–Ϊ,2025/3/3,4,‚»‚Μ‘Ό‚ΜZ‘ξi‚RK‚ΔΘ‰Ί‹¤“―Z‘ξ“™j,’“Τi—Φjκ,‚»‚Μ‘Ό
ή“,•”•i‚Λ‚η‚Ά,’¬“c,’‰¶’n‹ζ,132098,“‹“s,’¬“cs,–{’¬“c,2022/2/5,13,‚SK‚ΔΘγ‹¤“―Z‘ξ,’“Τi—Φjκ,‚»‚Μ‘Ό
ή“,•”•i‚Λ‚η‚Ά,’¬“c,’‰¶’n‹ζ,132098,“‹“s,’¬“cs,Rθ’¬,2025/9/12,18,‚SK‚ΔΘγ‹¤“―Z‘ξ,’“Τi—Φjκ,ƒiƒ“ƒo[ƒvƒ[ƒg
ή“,•”•i‚Λ‚η‚Ά,’¬“c,’‰¶’n‹ζ,132098,“‹“s,’¬“cs,Rθ’¬,2025/10/5,19,‚SK‚ΔΘγ‹¤“―Z‘ξ,’“Τi—Φjκ,ƒiƒ“ƒo[ƒvƒ[ƒg
ή“,•”•i‚Λ‚η‚Ά,’¬“c,’‰¶’n‹ζ,132098,“‹“s,’¬“cs,¬R“cχ‘δ‚Q’–Ϊ,2025/6/14,12,‚SK‚ΔΘγ‹¤“―Z‘ξ,’“Τi—Φjκ,‚»‚Μ‘Ό
ή“,•”•i‚Λ‚η‚Ά,’¬“c,¬£‰w‘O,132098,“‹“s,’¬“cs,“μ¬£‚P’–Ϊ,2025/10/20,9,‚»‚Μ‘Ό,’“Τi—Φjκ,‚»‚Μ‘Ό
ή“,•”•i‚Λ‚η‚Ά,’¬“c,–Ψ‘],132098,“‹“s,’¬“cs,–{’¬“c,2025/5/24,2,‚SK‚ΔΘγ‹¤“―Z‘ξ,’“Τi—Φjκ,‚»‚Μ‘Ό
ή“,•”•i‚Λ‚η‚Ά,’¬“c,–Ψ‘],132098,“‹“s,’¬“cs,–Ψ‘]“‚P’–Ϊ,2025/3/1,•s–Ύ,‚SK‚ΔΘγ‹¤“―Z‘ξ,’“Τi—Φjκ,ƒiƒ“ƒo[ƒvƒ[ƒg
ή“,•”•i‚Λ‚η‚Ά,’¬“c,–Ψ‘],132098,“‹“s,’¬“cs,–Ψ‘]“‚R’–Ϊ,2025/4/30,17,‚SK‚ΔΘγ‹¤“―Z‘ξ,’“Τi—Φjκ,‚»‚Μ‘Ό
ή“,•”•i‚Λ‚η‚Ά,’¬“c,–Ψ‘],132098,“‹“s,’¬“cs,–Ψ‘]“‚S’–Ϊ,2025/8/5,23,‚SK‚ΔΘγ‹¤“―Z‘ξ,’“Τi—Φjκ,‚»‚Μ‘Ό
ή“,•”•i‚Λ‚η‚Ά,’¬“c,–{’¬“c,132098,“‹“s,’¬“cs,®’¬‚R’–Ϊ,2025/4/30,15,“ΉHγ,‚»‚Μ‘Ό,‚»‚Μ‘Ό
ή“,•”•i‚Λ‚η‚Ά,’¬“c,–{’¬“c,132098,“‹“s,’¬“cs,‹Κμw‰€‚Q’–Ϊ,2025/7/31,7,κΛZ‘ξ,’“Τi—Φjκ,ƒiƒ“ƒo[ƒvƒ[ƒg
ή“,•”•i‚Λ‚η‚Ά,’¬“c,–{’¬“c,132098,“‹“s,’¬“cs,–{’¬“c,2024/12/14,20,‚SK‚ΔΘγ‹¤“―Z‘ξ,’“Τi—Φjκ,‚»‚Μ‘Ό
ή“,•”•i‚Λ‚η‚Ά,’¬“c,–{’¬“c,132098,“‹“s,’¬“cs,–{’¬“c,2025/4/19,20,‚SK‚ΔΘγ‹¤“―Z‘ξ,’“Τi—Φjκ,ƒiƒ“ƒo[ƒvƒ[ƒg
ή“,•”•i‚Λ‚η‚Ά,’¬“c,–{’¬“c,132098,“‹“s,’¬“cs,–{’¬“c,2025/4/30,17,κΛZ‘ξ,’“Τi—Φjκ,‚»‚Μ‘Ό
ή“,•”•i‚Λ‚η‚Ά,’¬“c,’¬“c‰w‘O,132098,“‹“s,’¬“cs,X–μ‚P’–Ϊ,2025/2/10,16,’“Τi—Φjκ,’“Τi—Φjκ,‚»‚Μ‘Ό
ή“,•”•i‚Λ‚η‚Ά,’¬“c,^υ›,132098,“‹“s,’¬“cs,LΡ’¬,2025/9/1,14,κΛZ‘ξ,’“Τi—Φjκ,ƒ^ƒCƒ„EƒzƒC[ƒ‹
ή“,•”•i‚Λ‚η‚Ά,’¬“c,“΅‚Μ‘δ’c’n,132098,“‹“s,’¬“cs,‹ΰδ‚Q’–Ϊ,2025/3/20,0,“ΉHγ,‚»‚Μ‘Ό,ƒiƒ“ƒo[ƒvƒ[ƒg
ή“,•”•i‚Λ‚η‚Ά,’¬“c,“΅‚Μ‘δ’c’n,132098,“‹“s,’¬“cs,‹ΰδ‚T’–Ϊ,2025/1/21,15,κΛZ‘ξ,’“Τi—Φjκ,ƒiƒ“ƒo[ƒvƒ[ƒg
ή“,•”•i‚Λ‚η‚Ά,’¬“c,“΅‚Μ‘δ’c’n,132098,“‹“s,’¬“cs,“΅‚Μ‘δ‚P’–Ϊ,2025/2/19,18,‚SK‚ΔΘγ‹¤“―Z‘ξ,’“Τi—Φjκ,‚»‚Μ‘Ό
ή“,•”•i‚Λ‚η‚Ά,’¬“c,“΅‚Μ‘δ’c’n,132098,“‹“s,’¬“cs,“΅‚Μ‘δ‚P’–Ϊ,2025/3/25,18,‚SK‚ΔΘγ‹¤“―Z‘ξ,’“Τi—Φjκ,‚»‚Μ‘Ό
ή“,•”•i‚Λ‚η‚Ά,’¬“c,“΅‚Μ‘δ’c’n,132098,“‹“s,’¬“cs,“΅‚Μ‘δ‚R’–Ϊ,2025/9/4,20,‚SK‚ΔΘγ‹¤“―Z‘ξ,’“Τi—Φjκ,ƒiƒ“ƒo[ƒvƒ[ƒg
ή“,•”•i‚Λ‚η‚Ά,’¬“c,‹ΰX,132098,“‹“s,’¬“cs,‹ΰX‚P’–Ϊ,2025/11/23,10,‚SK‚ΔΘγ‹¤“―Z‘ξ,’“Τi—Φjκ,‚»‚Μ‘Ό
ή“,•”•i‚Λ‚η‚Ά,’¬“c,‹ΰX,132098,“‹“s,’¬“cs,‹ΰX‚V’–Ϊ,2025/4/6,20,‚SK‚ΔΘγ‹¤“―Z‘ξ,’“Τi—Φjκ,ƒiƒ“ƒo[ƒvƒ[ƒg
ή“,•”•i‚Λ‚η‚Ά,’¬“c,‹ΰX,132098,“‹“s,’¬“cs,‹ΰX“‚P’–Ϊ,2025/9/17,18,‚SK‚ΔΘγ‹¤“―Z‘ξ,’“Τi—Φjκ,‚»‚Μ‘Ό
ή“,•”•i‚Λ‚η‚Ά,’¬“c,‚ƒ–β,132098,“‹“s,’¬“cs,‹ΰX“‚P’–Ϊ,2025/9/24,8,‚SK‚ΔΘγ‹¤“―Z‘ξ,’“Τi—Φjκ,‚»‚Μ‘Ό
ή“,•”•i‚Λ‚η‚Ά,’¬“c,’ίμ,132098,“‹“s,’¬“cs,’ίμ‚T’–Ϊ,2025/10/15,7,‚SK‚ΔΘγ‹¤“―Z‘ξ,’“Τi—Φjκ,ƒiƒ“ƒo[ƒvƒ[ƒg
ή“,•”•i‚Λ‚η‚Ά,’¬“c,’ίμ‰w‘O,132098,“‹“s,’¬“cs,”\ƒ–’J‚P’–Ϊ,2025/4/7,8,’“Τi—Φjκ,’“Τi—Φjκ,‚»‚Μ‘Ό
ή“,•”•i‚Λ‚η‚Ά,’¬“c,’ίμ‰w‘O,132098,“‹“s,’¬“cs,”\ƒ–’J‚P’–Ϊ,2025/9/8,7,’“Τi—Φjκ,’“Τi—Φjκ,‚»‚Μ‘Ό
ή“,•”•i‚Λ‚η‚Ά,’¬“c,’ίμ‰w‘O,132098,“‹“s,’¬“cs,”\ƒ–’J‚S’–Ϊ,2025/2/28,22,κΛZ‘ξ,’“Τi—Φjκ,ƒ^ƒCƒ„EƒzƒC[ƒ‹
ή“,•”•i‚Λ‚η‚Ά,“ϊ–μ,‹{,132128,“‹“s,“ϊ–μs,O‘ς‚R’–Ϊ,2025/3/1,19,‚»‚Μ‘Ό‚ΜZ‘ξi‚RK‚ΔΘ‰Ί‹¤“―Z‘ξ“™j,’“Τi—Φjκ,ƒiƒ“ƒo[ƒvƒ[ƒg
ή“,•”•i‚Λ‚η‚Ά,“ϊ–μ,‹{,132128,“‹“s,“ϊ–μs,–θ›‚P’–Ϊ,2025/10/30,18,κΛZ‘ξ,’“Τi—Φjκ,‚»‚Μ‘Ό
ή“,•”•i‚Λ‚η‚Ά,“ϊ–μ,‹{,132128,“‹“s,“ϊ–μs,–θ›‚T’–Ϊ,2025/3/26,18,‚»‚Μ‘Ό‚ΜZ‘ξi‚RK‚ΔΘ‰Ί‹¤“―Z‘ξ“™j,’“Τi—Φjκ,ƒiƒ“ƒo[ƒvƒ[ƒg
ή“,•”•i‚Λ‚η‚Ά,“ϊ–μ,“ϊ–μ‹΄,132128,“‹“s,“ϊ–μs,‘ε“ϊ–μ,2024/12/15,16,‚SK‚ΔΘγ‹¤“―Z‘ξ,’“Τi—Φjκ,‚»‚Μ‘Ό
ή“,•”•i‚Λ‚η‚Ά,“ϊ–μ,“ϊ–μ‹΄,132128,“‹“s,“ϊ–μs,–θ›‚Q’–Ϊ,2025/2/20,15,‚»‚Μ‘Ό‚ΜZ‘ξi‚RK‚ΔΘ‰Ί‹¤“―Z‘ξ“™j,‚»‚Μ‘Ό,ƒiƒ“ƒo[ƒvƒ[ƒg
ή“,•”•i‚Λ‚η‚Ά,“ϊ–μ,“ϊ–μ‹΄,132128,“‹“s,“ϊ–μs,–θ›‚Q’–Ϊ,2025/4/12,15,‚»‚Μ‘Ό‚ΜZ‘ξi‚RK‚ΔΘ‰Ί‹¤“―Z‘ξ“™j,’“Τi—Φjκ,ƒiƒ“ƒo[ƒvƒ[ƒg
ή“,•”•i‚Λ‚η‚Ά,“ϊ–μ,“ϊ–μ‰w‘O,132128,“‹“s,“ϊ–μs,Vδ‚R’–Ϊ,2025/11/2,18,‚SK‚ΔΘγ‹¤“―Z‘ξ,’“Τi—Φjκ,‚»‚Μ‘Ό
ή“,•”•i‚Λ‚η‚Ά,“ϊ–μ,®‚ª‹u,132128,“‹“s,“ϊ–μs,Ό•½R‚T’–Ϊ,2025/2/28,20,κΛZ‘ξ,’“Τi—Φjκ,ƒiƒ“ƒo[ƒvƒ[ƒg
ή“,•”•i‚Λ‚η‚Ά,“ϊ–μ,‘κ‡‹΄,132128,“‹“s,“ϊ–μs,Ό•½R‚Q’–Ϊ,2024/12/30,11,‚»‚Μ‘Ό‚ΜZ‘ξi‚RK‚ΔΘ‰Ί‹¤“―Z‘ξ“™j,’“Τi—Φjκ,‚»‚Μ‘Ό
ή“,•”•i‚Λ‚η‚Ά,“ϊ–μ,•S‘‰€,132128,“‹“s,“ϊ–μs,•S‘,2025/4/9,21,‚»‚Μ‘Ό‚ΜZ‘ξi‚RK‚ΔΘ‰Ί‹¤“―Z‘ξ“™j,’“Τi—Φjκ,‚»‚Μ‘Ό
ή“,•”•i‚Λ‚η‚Ά,“ϊ–μ,‚”¦•s“®‰w“μϋ,132128,“‹“s,“ϊ–μs,‚”¦,2025/2/20,15,’“Τi—Φjκ,’“Τi—Φjκ,‚»‚Μ‘Ό
ή“,•”•i‚Λ‚η‚Ά,“ϊ–μ,‚”¦•s“®‰w“μϋ,132128,“‹“s,“ϊ–μs,‚”¦,2025/3/7,17,’“Τi—Φjκ,’“Τi—Φjκ,ƒiƒ“ƒo[ƒvƒ[ƒg
ή“,•”•i‚Λ‚η‚Ά,“ϊ–μ,‚”¦•s“®‰w“μϋ,132128,“‹“s,“ϊ–μs,‚”¦,2025/10/31,9,“ΉHγ,‚»‚Μ‘Ό,ƒiƒ“ƒo[ƒvƒ[ƒg
ή“,•”•i‚Λ‚η‚Ά,“ϊ–μ,‚”¦•s“®‰w“μϋ,132128,“‹“s,“ϊ–μs,’φ‹v•Ϋ,2025/8/5,19,‚SK‚ΔΘγ‹¤“―Z‘ξ,’“Τi—Φjκ,ƒiƒ“ƒo[ƒvƒ[ƒg
ή“,•”•i‚Λ‚η‚Ά,“ϊ–μ,‚”¦•s“®‰w“μϋ,132128,“‹“s,“ϊ–μs,O‘ς‚Q’–Ϊ,2025/9/4,19,‚SK‚ΔΘγ‹¤“―Z‘ξ,’“Τi—Φjκ,‚»‚Μ‘Ό
ή“,•”•i‚Λ‚η‚Ά,“ϊ–μ,‚”¦•s“®‰w“μϋ,132128,“‹“s,“ϊ–μs,–θ›‚P’–Ϊ,2025/11/7,14,κΛZ‘ξ,’“Τi—Φjκ,‚»‚Μ‘Ό
ή“,•”•i‚Λ‚η‚Ά,Ί“‡,‚Β‚Β‚¶‚ª‹u,132071,“‹“s,Ί“‡s,‚Β‚Β‚¶‚ª‹u‚R’–Ϊ,2025/1/2,23,‚SK‚ΔΘγ‹¤“―Z‘ξ,’“Τi—Φjκ,‚»‚Μ‘Ό
ή“,•”•i‚Λ‚η‚Ά,Ί“‡,‚Β‚Β‚¶‚ª‹u,132071,“‹“s,Ί“‡s,‚Β‚Β‚¶‚ª‹u‚R’–Ϊ,2025/3/27,16,‚SK‚ΔΘγ‹¤“―Z‘ξ,‚»‚Μ‘Ό,‚»‚Μ‘Ό
ή“,•”•i‚Λ‚η‚Ά,Ί“‡,‚Β‚Β‚¶‚ª‹u,132071,“‹“s,Ί“‡s,‚Β‚Β‚¶‚ª‹u‚R’–Ϊ,2025/5/2,7,‚SK‚ΔΘγ‹¤“―Z‘ξ,’“Τi—Φjκ,ƒiƒ“ƒo[ƒvƒ[ƒg
ή“,•”•i‚Λ‚η‚Ά,Ί“‡,‚Β‚Β‚¶‚ª‹u,132071,“‹“s,Ί“‡s,‚Β‚Β‚¶‚ª‹u‚R’–Ϊ,2025/6/30,14,’“Τi—Φjκ,’“Τi—Φjκ,ƒiƒ“ƒo[ƒvƒ[ƒg
ή“,•”•i‚Λ‚η‚Ά,Ί“‡,–xό,132071,“‹“s,Ί“‡s,‚Β‚Β‚¶‚ª‹u‚P’–Ϊ,2025/5/7,8,‚»‚Μ‘Ό,’“Τi—Φjκ,‚»‚Μ‘Ό
ή“,•”•i‚Λ‚η‚Ά,Ί“‡,–xό,132071,“‹“s,Ί“‡s,”ό–x’¬‚P’–Ϊ,2025/10/3,7,’“Τi—Φjκ,’“Τi—Φjκ,‚»‚Μ‘Ό
ή“,•”•i‚Λ‚η‚Ά,Ί“‡,–xό,132071,“‹“s,Ί“‡s,”ό–x’¬‚R’–Ϊ,2025/9/12,9,‚»‚Μ‘Ό,’“Τi—Φjκ,‚»‚Μ‘Ό
ή“,•”•i‚Λ‚η‚Ά,Ί“‡,–xό,132071,“‹“s,Ί“‡s,”ό–x’¬‚S’–Ϊ,2025/2/15,23,‚SK‚ΔΘγ‹¤“―Z‘ξ,’“Τi—Φjκ,‚»‚Μ‘Ό
ή“,•”•i‚Λ‚η‚Ά,Ί“‡,–xό,132071,“‹“s,Ί“‡s,•‘ –μ‚Q’–Ϊ,2025/12/4,6,‚SK‚ΔΘγ‹¤“―Z‘ξ,’“Τi—Φjκ,ƒiƒ“ƒo[ƒvƒ[ƒg
ή“,•”•i‚Λ‚η‚Ά,Ί“‡,‘ε_,132071,“‹“s,Ί“‡s,‘ε_’¬‚R’–Ϊ,2025/6/1,0,κΛZ‘ξ,’“Τi—Φjκ,ƒiƒ“ƒo[ƒvƒ[ƒg
ή“,•”•i‚Λ‚η‚Ά,Ί“‡,‘ε_,132071,“‹“s,Ί“‡s,“c’†’¬‚R’–Ϊ,2024/12/17,9,‚SK‚ΔΘγ‹¤“―Z‘ξ,’“Τi—Φjκ,ƒiƒ“ƒo[ƒvƒ[ƒg
ή“,•”•i‚Λ‚η‚Ά,Ί“‡,‘ε_,132071,“‹“s,Ί“‡s,“c’†’¬‚R’–Ϊ,2025/7/21,11,‚SK‚ΔΘγ‹¤“―Z‘ξ,’“Τi—Φjκ,ƒiƒ“ƒo[ƒvƒ[ƒg
ή“,•”•i‚Λ‚η‚Ά,Ί“‡,‘ε_,132071,“‹“s,Ί“‡s,“c’†’¬‚R’–Ϊ,2025/8/31,2,‚SK‚ΔΘγ‹¤“―Z‘ξ,’“Τi—Φjκ,‚»‚Μ‘Ό
ή“,•”•i‚Λ‚η‚Ά,Ί“‡,¬‰Χ“c,132071,“‹“s,Ί“‡s,”q“‡’¬‚Q’–Ϊ,2025/4/13,20,‚»‚Μ‘Ό‚ΜZ‘ξi‚RK‚ΔΘ‰Ί‹¤“―Z‘ξ“™j,‚»‚Μ‘Ό,‚»‚Μ‘Ό
ή“,•”•i‚Λ‚η‚Ά,Ί“‡,¬‰Χ“c,132071,“‹“s,Ί“‡s,”q“‡’¬‚R’–Ϊ,2025/6/1,•s–Ύ,‚SK‚ΔΘγ‹¤“―Z‘ξ,’“Τi—Φjκ,ƒiƒ“ƒo[ƒvƒ[ƒg
ή“,•”•i‚Λ‚η‚Ά,Ί“‡,¬‰Χ“c,132071,“‹“s,Ί“‡s,”q“‡’¬‚T’–Ϊ,2025/9/29,12,“ΉHγ,‚»‚Μ‘Ό,ƒiƒ“ƒo[ƒvƒ[ƒg
ή“,•”•i‚Λ‚η‚Ά,Ί“‡,”q“‡‰w‘O,132071,“‹“s,Ί“‡s,”q“‡’¬‚R’–Ϊ,2025/4/10,17,‚SK‚ΔΘγ‹¤“―Z‘ξ,’“Τi—Φjκ,ƒ^ƒCƒ„EƒzƒC[ƒ‹
ή“,•”•i‚Λ‚η‚Ά,Ί“‡,”q“‡‰w‘O,132071,“‹“s,Ί“‡s,”ό–x’¬‚S’–Ϊ,2025/11/12,23,‚SK‚ΔΘγ‹¤“―Z‘ξ,’“Τi—Φjκ,‚»‚Μ‘Ό
ή“,•”•i‚Λ‚η‚Ά,Ί“‡,”q“‡‰w‘O,132071,“‹“s,Ί“‡s,”ό–x’¬‚S’–Ϊ,2025/11/13,4,‚SK‚ΔΘγ‹¤“―Z‘ξ,’“Τi—Φjκ,ƒiƒ“ƒo[ƒvƒ[ƒg
ή“,•”•i‚Λ‚η‚Ά,Ί“‡,Ί“‡‰w‘O,132071,“‹“s,Ί“‡s,‘γ―R‚Q’–Ϊ,2025/9/7,11,‚»‚Μ‘Ό,’“Τi—Φjκ,‚»‚Μ‘Ό
ή“,•”•i‚Λ‚η‚Ά,Ί“‡,Ί“‡‰w‘O,132071,“‹“s,Ί“‡s,‘γ―R‚Q’–Ϊ,2025/9/26,11,‚»‚Μ‘Ό,’“Τi—Φjκ,‚Θ‚µ
ή“,•”•i‚Λ‚η‚Ά,Ί“‡,Ί“‡‰w‘O,132071,“‹“s,Ί“‡s,’©“ϊ’¬‚Q’–Ϊ,2025/10/15,12,‚»‚Μ‘Ό‚ΜZ‘ξi‚RK‚ΔΘ‰Ί‹¤“―Z‘ξ“™j,’“Τi—Φjκ,‚»‚Μ‘Ό
ή“,•”•i‚Λ‚η‚Ά,Ί“‡,Ί“‡‰w‘O,132071,“‹“s,Ί“‡s,’©“ϊ’¬‚S’–Ϊ,2025/2/25,22,‚»‚Μ‘Ό‚ΜZ‘ξi‚RK‚ΔΘ‰Ί‹¤“―Z‘ξ“™j,’“Τi—Φjκ,‚»‚Μ‘Ό
ή“,•”•i‚Λ‚η‚Ά,Ί“‡,Ί“‡‰w‘O,132071,“‹“s,Ί“‡s,Ό΄’¬‚P’–Ϊ,2024/4/14,11,‚SK‚ΔΘγ‹¤“―Z‘ξ,’“Τi—Φjκ,ƒiƒ“ƒo[ƒvƒ[ƒg
ή“,•”•i‚Λ‚η‚Ά,Ί“‡,“’†_‰w‘O,132071,“‹“s,Ί“‡s,‹½’n’¬‚R’–Ϊ,2025/10/14,19,‚SK‚ΔΘγ‹¤“―Z‘ξ,‚»‚Μ‘Ό,‚»‚Μ‘Ό
ή“,•”•i‚Λ‚η‚Ά,Ί“‡,“’†_‰w‘O,132071,“‹“s,Ί“‡s,•‘ –μ‚Q’–Ϊ,2025/1/6,9,κΛZ‘ξ,’“Τi—Φjκ,‚»‚Μ‘Ό
ή“,•”•i‚Λ‚η‚Ά,Ί“‡,“’†_‰w‘O,132071,“‹“s,Ί“‡s,•‘ –μ‚R’–Ϊ,2025/1/21,8,’“Τi—Φjκ,’“Τi—Φjκ,‚»‚Μ‘Ό
ή“,•”•i‚Λ‚η‚Ά,—§μ,κ”Τ’¬Z’–Ϊ,132021,“‹“s,—§μs,κ”Τ’¬‚T’–Ϊ,2025/5/7,18,‚SK‚ΔΘγ‹¤“―Z‘ξ,’“Τi—Φjκ,‚»‚Μ‘Ό
ή“,•”•i‚Λ‚η‚Ά,—§μ,κ”Τ’¬Z’–Ϊ,132021,“‹“s,—§μs,κ”Τ’¬‚U’–Ϊ,2025/12/5,11,’“Τi—Φjκ,’“Τi—Φjκ,‚»‚Μ‘Ό
ή“,•”•i‚Λ‚η‚Ά,—§μ,‘—§‰w‘O,132152,“‹“s,‘—§s,–k‚R’–Ϊ,2025/7/27,12,‚SK‚ΔΘγ‹¤“―Z‘ξ,’“Τi—Φjκ,‚»‚Μ‘Ό
ή“,•”•i‚Λ‚η‚Ά,—§μ,‘—§‰w‘O,132152,“‹“s,‘—§s,“‚P’–Ϊ,2025/10/6,1,“ΉHγ,‚»‚Μ‘Ό,‚»‚Μ‘Ό
ή“,•”•i‚Λ‚η‚Ά,—§μ,‘—§‰w‘O,132152,“‹“s,‘—§s,ς‚Q’–Ϊ,2025/3/24,18,‚SK‚ΔΘγ‹¤“―Z‘ξ,’“Τi—Φjκ,‚»‚Μ‘Ό
ή“,•”•i‚Λ‚η‚Ά,—§μ,“V‰¤‹΄,132021,“‹“s,—§μs,γ»’¬‚P’–Ϊ,2024/11/1,12,‚SK‚ΔΘγ‹¤“―Z‘ξ,’“Τi—Φjκ,ƒiƒ“ƒo[ƒvƒ[ƒg
ή“,•”•i‚Λ‚η‚Ά,—§μ,“V‰¤‹΄,132021,“‹“s,—§μs,γ»’¬‚P’–Ϊ,2025/1/17,18,‚SK‚ΔΘγ‹¤“―Z‘ξ,’“Τi—Φjκ,‚»‚Μ‘Ό
ή“,•”•i‚Λ‚η‚Ά,—§μ,“V‰¤‹΄,132021,“‹“s,—§μs,γ»’¬‚P’–Ϊ,2025/2/14,12,‚SK‚ΔΘγ‹¤“―Z‘ξ,’“Τi—Φjκ,ƒiƒ“ƒo[ƒvƒ[ƒg
ή“,•”•i‚Λ‚η‚Ά,—§μ,“V‰¤‹΄,132021,“‹“s,—§μs,γ»’¬‚P’–Ϊ,2025/3/11,17,‚SK‚ΔΘγ‹¤“―Z‘ξ,’“Τi—Φjκ,ƒiƒ“ƒo[ƒvƒ[ƒg
ή“,•”•i‚Λ‚η‚Ά,—§μ,“V‰¤‹΄,132021,“‹“s,—§μs,γ»’¬‚P’–Ϊ,2025/9/3,20,‚SK‚ΔΘγ‹¤“―Z‘ξ,’“Τi—Φjκ,‚»‚Μ‘Ό
ή“,•”•i‚Λ‚η‚Ά,—§μ,“V‰¤‹΄,132021,“‹“s,—§μs,γ»’¬‚P’–Ϊ,2025/12/2,1,‚SK‚ΔΘγ‹¤“―Z‘ξ,’“Τi—Φjκ,ƒiƒ“ƒo[ƒvƒ[ƒg
ή“,•”•i‚Λ‚η‚Ά,—§μ,“V‰¤‹΄,132021,“‹“s,—§μs,γ»’¬‚S’–Ϊ,2025/5/24,8,’“Τi—Φjκ,’“Τi—Φjκ,‚»‚Μ‘Ό
ή“,•”•i‚Λ‚η‚Ά,—§μ,“V‰¤‹΄,132021,“‹“s,—§μs,γ»’¬‚T’–Ϊ,2025/3/14,18,‚SK‚ΔΘγ‹¤“―Z‘ξ,’“Τi—Φjκ,‚»‚Μ‘Ό
ή“,•”•i‚Λ‚η‚Ά,—§μ,“V‰¤‹΄,132021,“‹“s,—§μs,κ”Τ’¬‚P’–Ϊ,2025/11/5,18,’“Τi—Φjκ,’“Τi—Φjκ,ƒiƒ“ƒo[ƒvƒ[ƒg
ή“,•”•i‚Λ‚η‚Ά,—§μ,“V‰¤‹΄,132021,“‹“s,—§μs,κ”Τ’¬‚R’–Ϊ,2025/7/4,18,’“Τi—Φjκ,’“Τi—Φjκ,ƒ^ƒCƒ„EƒzƒC[ƒ‹
ή“,•”•i‚Λ‚η‚Ά,—§μ,“V‰¤‹΄,132021,“‹“s,—§μs,κ”Τ’¬‚S’–Ϊ,2025/8/25,17,‚SK‚ΔΘγ‹¤“―Z‘ξ,’“Τi—Φjκ,ƒ^ƒCƒ„EƒzƒC[ƒ‹
ή“,•”•i‚Λ‚η‚Ά,—§μ,•xm’Λ,132021,“‹“s,—§μs,•xm©’¬‚T’–Ϊ,2024/12/31,23,‚SK‚ΔΘγ‹¤“―Z‘ξ,’“Τi—Φjκ,‚»‚Μ‘Ό
ή“,•”•i‚Λ‚η‚Ά,—§μ,•xm’Λ,132021,“‹“s,—§μs,•xm©’¬‚T’–Ϊ,2025/9/8,17,“ΉHγ,‚»‚Μ‘Ό,ƒiƒ“ƒo[ƒvƒ[ƒg
ή“,•”•i‚Λ‚η‚Ά,—§μ,•xm©‘δ,132152,“‹“s,‘—§s,•xm©‘δ‚P’–Ϊ,2025/8/12,16,‚»‚Μ‘Ό,’“Τi—Φjκ,‚»‚Μ‘Ό
ή“,•”•i‚Λ‚η‚Ά,—§μ,•xm©‘δ,132152,“‹“s,‘—§s,•xm©‘δ‚Q’–Ϊ,2025/2/23,11,’“Τi—Φjκ,’“Τi—Φjκ,‚»‚Μ‘Ό
ή“,•”•i‚Λ‚η‚Ά,—§μ,•xm©‘δ,132152,“‹“s,‘—§s,•xm©‘δ‚Q’–Ϊ,2025/9/19,15,‚»‚Μ‘Ό‚ΜZ‘ξi‚RK‚ΔΘ‰Ί‹¤“―Z‘ξ“™j,’“Τi—Φjκ,ƒiƒ“ƒo[ƒvƒ[ƒg
ή“,•”•i‚Λ‚η‚Ά,—§μ,•xm©‘δ,132152,“‹“s,‘—§s,•xm©‘δ‚Q’–Ϊ,2025/10/15,16,’“Τi—Φjκ,’“Τi—Φjκ,‚»‚Μ‘Ό
ή“,•”•i‚Λ‚η‚Ά,—§μ,•xm©‘δ,132152,“‹“s,‘—§s,•xm©‘δ‚Q’–Ϊ,2025/11/8,20,’“Τi—Φjκ,’“Τi—Φjκ,ƒiƒ“ƒo[ƒvƒ[ƒg
ή“,•”•i‚Λ‚η‚Ά,—§μ,•xm©’¬,132021,“‹“s,—§μs,•xm©’¬‚U’–Ϊ,2025/2/27,17,‚SK‚ΔΘγ‹¤“―Z‘ξ,’“Τi—Φjκ,ƒiƒ“ƒo[ƒvƒ[ƒg
ή“,•”•i‚Λ‚η‚Ά,—§μ,•xm©’¬,132021,“‹“s,—§μs,•xm©’¬‚U’–Ϊ,2025/6/17,17,‚SK‚ΔΘγ‹¤“―Z‘ξ,’“Τi—Φjκ,ƒ^ƒCƒ„EƒzƒC[ƒ‹
ή“,•”•i‚Λ‚η‚Ά,—§μ,»μ”ª”Τ,132021,“‹“s,—§μs,K’¬‚Q’–Ϊ,2025/8/1,10,‚»‚Μ‘Ό‚ΜZ‘ξi‚RK‚ΔΘ‰Ί‹¤“―Z‘ξ“™j,’“Τi—Φjκ,ƒ^ƒCƒ„EƒzƒC[ƒ‹
ή“,•”•i‚Λ‚η‚Ά,—§μ,»μ”ª”Τ,132021,“‹“s,—§μs,K’¬‚T’–Ϊ,2025/11/11,13,’“Τi—Φjκ,’“Τi—Φjκ,ƒiƒ“ƒo[ƒvƒ[ƒg
ή“,•”•i‚Λ‚η‚Ά,—§μ,»μl”Τ,132021,“‹“s,—§μs,ς’¬,2025/6/24,19,“ΉHγ,‚»‚Μ‘Ό,‚»‚Μ‘Ό
ή“,•”•i‚Λ‚η‚Ά,—§μ,»μl”Τ,132021,“‹“s,—§μs,”’¬‚P’–Ϊ,2025/9/16,12,‚»‚Μ‘Ό,‚»‚Μ‘Ό,ƒiƒ“ƒo[ƒvƒ[ƒg
ή“,•”•i‚Λ‚η‚Ά,—§μ,»μl”Τ,132021,“‹“s,—§μs,»μ’¬‚P’–Ϊ,2025/8/26,17,‚»‚Μ‘Ό‚ΜZ‘ξi‚RK‚ΔΘ‰Ί‹¤“―Z‘ξ“™j,’“Τi—Φjκ,‚»‚Μ‘Ό
ή“,•”•i‚Λ‚η‚Ά,—§μ,—§μ‰w–kϋ,132021,“‹“s,—§μs,’¬‚Q’–Ϊ,2025/1/8,16,‚»‚Μ‘Ό,’“Τi—Φjκ,‚»‚Μ‘Ό
ή“,•”•i‚Λ‚η‚Ά,—§μ,—§μ‰w–kϋ,132021,“‹“s,—§μs,’¬‚Q’–Ϊ,2025/3/24,16,‚SK‚ΔΘγ‹¤“―Z‘ξ,’“Τi—Φjκ,ƒ^ƒCƒ„EƒzƒC[ƒ‹
ή“,•”•i‚Λ‚η‚Ά,—§μ,—§μ‰w–kϋ,132021,“‹“s,—§μs,’¬‚Q’–Ϊ,2025/10/10,8,’“Τi—Φjκ,’“Τi—Φjκ,‚»‚Μ‘Ό
ή“,•”•i‚Λ‚η‚Ά,—§μ,—§μ‰w–kϋ,132021,“‹“s,—§μs,‚Ό’¬‚R’–Ϊ,2025/3/9,12,’“Τi—Φjκ,’“Τi—Φjκ,‚»‚Μ‘Ό
ή“,•”•i‚Λ‚η‚Ά,—§μ,—§μ‰w–kϋ,132021,“‹“s,—§μs,—Ξ’¬,2025/5/24,12,‚»‚Μ‘Ό,’“Τi—Φjκ,‚»‚Μ‘Ό
ή“,•”•i‚Λ‚η‚Ά,—§μ,—§μ‰w“μϋ,132021,“‹“s,—§μs,Δθ’¬‚P’–Ϊ,2025/6/26,15,‚»‚Μ‘Ό‚ΜZ‘ξi‚RK‚ΔΘ‰Ί‹¤“―Z‘ξ“™j,’“Τi—Φjκ,‚»‚Μ‘Ό
ή“,•”•i‚Λ‚η‚Ά,—§μ,—§μ‰w“μϋ,132021,“‹“s,—§μs,‹Ρ’¬‚R’–Ϊ,2025/3/26,20,“ΉHγ,‚»‚Μ‘Ό,ƒiƒ“ƒo[ƒvƒ[ƒg
ή“,•”•i‚Λ‚η‚Ά,—§μ,‰Hί’¬,132152,“‹“s,‘—§s,–k‚R’–Ϊ,2025/11/1,0,‚SK‚ΔΘγ‹¤“―Z‘ξ,’“Τi—Φjκ,‚»‚Μ‘Ό
ή“,•”•i‚Λ‚η‚Ά,—§μ,‰Hί’¬,132152,“‹“s,‘—§s,•xm©‘δ‚S’–Ϊ,2025/7/11,21,‚SK‚ΔΘγ‹¤“―Z‘ξ,’“Τi—Φjκ,ƒiƒ“ƒo[ƒvƒ[ƒg
ή“,•”•i‚Λ‚η‚Ά,—§μ,’J•Ϋ,132152,“‹“s,‘—§s,Β–φ‚R’–Ϊ,2025/10/29,23,“ΉHγ,‚»‚Μ‘Ό,‚»‚Μ‘Ό
ή“,•”•i‚Λ‚η‚Ά,—§μ,‹Ρ’¬,132021,“‹“s,—§μs,‹Ρ’¬‚P’–Ϊ,2025/1/6,9,‚»‚Μ‘Ό,’“Τi—Φjκ,ƒiƒ“ƒo[ƒvƒ[ƒg
ή“,•”•i‚Λ‚η‚Ά,—§μ,‹Ρ’¬,132021,“‹“s,—§μs,‹Ρ’¬‚Q’–Ϊ,2025/7/23,22,‚SK‚ΔΘγ‹¤“―Z‘ξ,‚»‚Μ‘Ό,‚»‚Μ‘Ό
ή“,•”•i‚Λ‚η‚Ά,—§μ,‚Ό’¬,132021,“‹“s,—§μs,‚Ό’¬‚P’–Ϊ,2025/4/29,23,‚»‚Μ‘Ό‚ΜZ‘ξi‚RK‚ΔΘ‰Ί‹¤“―Z‘ξ“™j,’“Τi—Φjκ,ƒiƒ“ƒo[ƒvƒ[ƒg
ή“,•”•i‚Λ‚η‚Ά,—§μ,‚Ό’¬,132021,“‹“s,—§μs,‚Ό’¬‚Q’–Ϊ,2025/7/1,•s–Ύ,‚»‚Μ‘Ό‚ΜZ‘ξi‚RK‚ΔΘ‰Ί‹¤“―Z‘ξ“™j,‚»‚Μ‘Ό,‚»‚Μ‘Ό
ή“,•”•i‚Λ‚η‚Ά,—§μ,‚Ό’¬,132021,“‹“s,—§μs,‚Ό’¬‚Q’–Ϊ,2025/11/20,15,‚»‚Μ‘Ό‚ΜZ‘ξi‚RK‚ΔΘ‰Ί‹¤“―Z‘ξ“™j,’“Τi—Φjκ,‚»‚Μ‘Ό
ή“,•”•i‚Λ‚η‚Ά,•{’†,’†‰Ν΄,132063,“‹“s,•{’†s,l’J‚Q’–Ϊ,2025/9/10,6,’“Τi—Φjκ,’“Τi—Φjκ,ƒiƒ“ƒo[ƒvƒ[ƒg
ή“,•”•i‚Λ‚η‚Ά,•{’†,‘ε‘°,132063,“‹“s,•{’†s,‹{’¬‚P’–Ϊ,2025/5/17,21,‚SK‚ΔΘγ‹¤“―Z‘ξ,’“Τi—Φjκ,ƒiƒ“ƒo[ƒvƒ[ƒg
ή“,•”•i‚Λ‚η‚Ά,•{’†,‘ε‘°,132063,“‹“s,•{’†s,‹{’¬‚P’–Ϊ,2025/7/22,8,‚»‚Μ‘Ό,’“Τi—Φjκ,‚»‚Μ‘Ό
ή“,•”•i‚Λ‚η‚Ά,•{’†,“ϊ|’¬,132063,“‹“s,•{’†s,“ϊ|’¬,2025/3/17,14,’“Τi—Φjκ,’“Τi—Φjκ,‚»‚Μ‘Ό
ή“,•”•i‚Λ‚η‚Ά,•{’†,“ϊ|’¬,132063,“‹“s,•{’†s,“ϊ|’¬,2025/3/17,16,‚SK‚ΔΘγ‹¤“―Z‘ξ,’“Τi—Φjκ,‚»‚Μ‘Ό
ή“,•”•i‚Λ‚η‚Ά,•{’†,“ϊ|’¬,132063,“‹“s,•{’†s,“ϊ|’¬,2025/3/17,18,’“Τi—Φjκ,’“Τi—Φjκ,‚»‚Μ‘Ό
ή“,•”•i‚Λ‚η‚Ά,•{’†,“ϊ|’¬,132063,“‹“s,•{’†s,“ϊ|’¬,2025/3/18,18,‚»‚Μ‘Ό‚ΜZ‘ξi‚RK‚ΔΘ‰Ί‹¤“―Z‘ξ“™j,’“Τi—Φjκ,‚»‚Μ‘Ό
ή“,•”•i‚Λ‚η‚Ά,•{’†,¥­,132063,“‹“s,•{’†s,¬–φ’¬‚Q’–Ϊ,2025/10/25,17,’“Τi—Φjκ,’“Τi—Φjκ,‚»‚Μ‘Ό
ή“,•”•i‚Λ‚η‚Ά,•{’†,¥­,132063,“‹“s,•{’†s,¬–φ’¬‚T’–Ϊ,2025/1/30,19,‚SK‚ΔΘγ‹¤“―Z‘ξ,’“Τi—Φjκ,‚»‚Μ‘Ό
ή“,•”•i‚Λ‚η‚Ά,•{’†,¥­,132063,“‹“s,•{’†s,¥­‚R’–Ϊ,2025/10/25,17,‚SK‚ΔΘγ‹¤“―Z‘ξ,’“Τi—Φjκ,ƒiƒ“ƒo[ƒvƒ[ƒg
ή“,•”•i‚Λ‚η‚Ά,•{’†,–{h,132063,“‹“s,•{’†s,–{h’¬‚R’–Ϊ,2024/12/24,0,‚»‚Μ‘Ό‚ΜZ‘ξi‚RK‚ΔΘ‰Ί‹¤“―Z‘ξ“™j,‚»‚Μ‘Ό,ƒiƒ“ƒo[ƒvƒ[ƒg
ή“,•”•i‚Λ‚η‚Ά,•{’†,“•{’†‰w‘O,132063,“‹“s,•{’†s,΄…‚ª‹u‚P’–Ϊ,2025/5/22,15,‚»‚Μ‘Ό‚ΜZ‘ξi‚RK‚ΔΘ‰Ί‹¤“―Z‘ξ“™j,’“Τi—Φjκ,‚»‚Μ‘Ό
ή“,•”•i‚Λ‚η‚Ά,•{’†,“•{’†‰w‘O,132063,“‹“s,•{’†s,΄…‚ª‹u‚R’–Ϊ,2025/8/26,23,‚»‚Μ‘Ό‚ΜZ‘ξi‚RK‚ΔΘ‰Ί‹¤“―Z‘ξ“™j,‚»‚Μ‘Ό,‚»‚Μ‘Ό
ή“,•”•i‚Λ‚η‚Ά,•{’†,“•{’†‰w‘O,132063,“‹“s,•{’†s,—Ξ’¬‚R’–Ϊ,2025/8/24,12,‚»‚Μ‘Ό,’“Τi—Φjκ,‚»‚Μ‘Ό
ή“,•”•i‚Λ‚η‚Ά,•{’†,•‘ ‘δ,132063,“‹“s,•{’†s,•‘ ‘δ‚Q’–Ϊ,2025/6/11,8,’“Τi—Φjκ,’“Τi—Φjκ,‚»‚Μ‘Ό
ή“,•”•i‚Λ‚η‚Ά,•{’†,”’…‘δ,132063,“‹“s,•{’†s,’©“ϊ’¬‚P’–Ϊ,2025/12/14,13,‚»‚Μ‘Ό‚ΜZ‘ξi‚RK‚ΔΘ‰Ί‹¤“―Z‘ξ“™j,’“Τi—Φjκ,ƒiƒ“ƒo[ƒvƒ[ƒg
ή“,•”•i‚Λ‚η‚Ά,•{’†,”’…‘δ,132063,“‹“s,•{’†s,g—t‹u‚P’–Ϊ,2025/9/19,16,’“Τi—Φjκ,’“Τi—Φjκ,ƒ^ƒCƒ„EƒzƒC[ƒ‹
ή“,•”•i‚Λ‚η‚Ά,•{’†,‘ζά’†wZ‘O,132063,“‹“s,•{’†s,σΤ’¬‚S’–Ϊ,2025/4/17,17,κΛZ‘ξ,’“Τi—Φjκ,‚»‚Μ‘Ό
ή“,•”•i‚Λ‚η‚Ά,•{’†,‘ζά’†wZ‘O,132063,“‹“s,•{’†s,σΤ’¬‚S’–Ϊ,2025/9/8,22,‚»‚Μ‘Ό,‚»‚Μ‘Ό,ƒiƒ“ƒo[ƒvƒ[ƒg
ή“,•”•i‚Λ‚η‚Ά,•{’†,‘ζά’†wZ‘O,132063,“‹“s,•{’†s,“V_’¬‚P’–Ϊ,2025/2/21,17,‚SK‚ΔΘγ‹¤“―Z‘ξ,‚»‚Μ‘Ό,‚»‚Μ‘Ό
ή“,•”•i‚Λ‚η‚Ά,•{’†,Ό΄’¬,132063,“‹“s,•{’†s,–kR’¬‚P’–Ϊ,2025/6/5,16,’“Τi—Φjκ,’“Τi—Φjκ,‚»‚Μ‘Ό
ή“,•”•i‚Λ‚η‚Ά,•{’†,Ό΄’¬,132063,“‹“s,•{’†s,Ό•{’¬‚R’–Ϊ,2025/9/14,22,‚»‚Μ‘Ό‚ΜZ‘ξi‚RK‚ΔΘ‰Ί‹¤“―Z‘ξ“™j,’“Τi—Φjκ,ƒiƒ“ƒo[ƒvƒ[ƒg
ή“,•”•i‚Λ‚η‚Ά,•{’†,Τ•Τ’c’n,132063,“‹“s,•{’†s,‰—§’¬‚P’–Ϊ,2025/3/19,18,‚SK‚ΔΘγ‹¤“―Z‘ξ,’“Τi—Φjκ,‚»‚Μ‘Ό
ή“,•”•i‚Λ‚η‚Ά,•{’†,Τ•Τ’c’n,132063,“‹“s,•{’†s,‰—§’¬‚P’–Ϊ,2025/7/25,13,‚SK‚ΔΘγ‹¤“―Z‘ξ,’“Τi—Φjκ,ƒiƒ“ƒo[ƒvƒ[ƒg
ή“,•”•i‚Λ‚η‚Ά,¬‹ΰδ,³’¬,132144,“‹“s,‘•ª›s,Ό³’¬‚R’–Ϊ,2025/10/9,18,κΛZ‘ξ,‚»‚Μ‘Ό,‚»‚Μ‘Ό
ή“,•”•i‚Λ‚η‚Ά,¬‹ΰδ,υ’¬,132144,“‹“s,‘•ª›s,υ’¬‚Q’–Ϊ,2025/12/15,23,’“Τi—Φjκ,’“Τi—Φjκ,‚»‚Μ‘Ό
ή“,•”•i‚Λ‚η‚Ά,¬‹ΰδ,υ’¬,132144,“‹“s,‘•ª›s,υ’¬‚R’–Ϊ,2025/3/14,17,κΛZ‘ξ,‚»‚Μ‘Ό,‚»‚Μ‘Ό
ή“,•”•i‚Λ‚η‚Ά,¬‹ΰδ,υ’¬,132144,“‹“s,‘•ª›s,“ϊ‹g’¬‚R’–Ϊ,2025/1/3,18,κΛZ‘ξ,’“Τi—Φjκ,‚»‚Μ‘Ό
ή“,•”•i‚Λ‚η‚Ά,¬‹ΰδ,‘O΄,132101,“‹“s,¬‹ΰδs,‘O΄’¬‚R’–Ϊ,2025/4/28,14,‚»‚Μ‘Ό,’“Τi—Φjκ,‚»‚Μ‘Ό
ή“,•”•i‚Λ‚η‚Ά,¬‹ΰδ,‘O΄,132101,“‹“s,¬‹ΰδs,‘O΄’¬‚S’–Ϊ,2025/12/10,13,‚SK‚ΔΘγ‹¤“―Z‘ξ,’“Τi—Φjκ,‚»‚Μ‘Ό
ή“,•”•i‚Λ‚η‚Ά,¬‹ΰδ,¬‹ΰδφ‰€‘O,132101,“‹“s,¬‹ΰδs,χ’¬‚R’–Ϊ,2025/3/23,16,κΛZ‘ξ,’“Τi—Φjκ,ƒiƒ“ƒo[ƒvƒ[ƒg
ή“,•”•i‚Λ‚η‚Ά,¬‹ΰδ,¬‹ΰδφ‰€‘O,132101,“‹“s,¬‹ΰδs,Φ–μ’¬‚Q’–Ϊ,2025/3/28,17,κΛZ‘ξ,’“Τi—Φjκ,‚»‚Μ‘Ό
ή“,•”•i‚Λ‚η‚Ά,¬‹ΰδ,“¬‹ΰδ‰w‘O,132101,“‹“s,¬‹ΰδs,–μ’¬‚P’–Ϊ,2025/9/12,21,’“Τi—Φjκ,’“Τi—Φjκ,ƒiƒ“ƒo[ƒvƒ[ƒg
ή“,•”•i‚Λ‚η‚Ά,¬‹ΰδ,“¬‹ΰδ‰w‘O,132101,“‹“s,¬‹ΰδs,“’¬‚R’–Ϊ,2025/9/12,19,’“Τi—Φjκ,’“Τi—Φjκ,ƒiƒ“ƒo[ƒvƒ[ƒg
ή“,•”•i‚Λ‚η‚Ά,¬‹ΰδ,“¬‹ΰδ‰w‘O,132101,“‹“s,¬‹ΰδs,—Ξ’¬‚P’–Ϊ,2025/5/6,12,‚»‚Μ‘Ό‚ΜZ‘ξi‚RK‚ΔΘ‰Ί‹¤“―Z‘ξ“™j,’“Τi—Φjκ,‚»‚Μ‘Ό
ή“,•”•i‚Λ‚η‚Ά,¬‹ΰδ,•‘ ¬‹ΰδ‰w‘O,132101,“‹“s,¬‹ΰδs,—Ξ’¬‚R’–Ϊ,2025/7/23,9,‚»‚Μ‘Ό‚ΜZ‘ξi‚RK‚ΔΘ‰Ί‹¤“―Z‘ξ“™j,’“Τi—Φjκ,‚»‚Μ‘Ό
ή“,•”•i‚Λ‚η‚Ά,¬‹ΰδ,Ό‘•ª›‰w‘O,132144,“‹“s,‘•ª›s,ς’¬‚Q’–Ϊ,2025/3/9,13,‚SK‚ΔΘγ‹¤“―Z‘ξ,’“Τi—Φjκ,‚»‚Μ‘Ό
ή“,•”•i‚Λ‚η‚Ά,¬‹ΰδ,Ό‘•ª›‰w‘O,132144,“‹“s,‘•ª›s,ς’¬‚Q’–Ϊ,2025/3/18,17,‚SK‚ΔΘγ‹¤“―Z‘ξ,‚»‚Μ‘Ό,‚»‚Μ‘Ό
ή“,•”•i‚Λ‚η‚Ά,¬‹ΰδ,Ό‘•ª›‰w‘O,132144,“‹“s,‘•ª›s,ς’¬‚Q’–Ϊ,2025/7/10,18,‚SK‚ΔΘγ‹¤“―Z‘ξ,’“Τi—Φjκ,‚»‚Μ‘Ό
ή“,•”•i‚Λ‚η‚Ά,¬‹ΰδ,Ό‘•ª›‰w‘O,132144,“‹“s,‘•ª›s,“ΰ“΅‚Q’–Ϊ,2025/9/3,10,κΛZ‘ξ,’“Τi—Φjκ,‚»‚Μ‘Ό
ή“,•”•i‚Λ‚η‚Ά,“c–³,‚Π‚Ξ‚θ‚ª‹u’c’n,132292,“‹“s,Ό“‹s,Ό΄’¬‚T’–Ϊ,2025/9/18,10,‚»‚Μ‘Ό‚ΜZ‘ξi‚RK‚ΔΘ‰Ί‹¤“―Z‘ξ“™j,’“Τi—Φjκ,ƒiƒ“ƒo[ƒvƒ[ƒg
ή“,•”•i‚Λ‚η‚Ά,“c–³,‚Π‚Ξ‚θ‚ª‹u’c’n,132292,“‹“s,Ό“‹s,—Ξ’¬‚R’–Ϊ,2025/12/22,17,‚SK‚ΔΘγ‹¤“―Z‘ξ,’“Τi—Φjκ,ƒiƒ“ƒo[ƒvƒ[ƒg
ή“,•”•i‚Λ‚η‚Ά,“c–³,‚Π‚Ξ‚θ‚ª‹u‰w‘O,132292,“‹“s,Ό“‹s,’JΛ’¬‚Q’–Ϊ,2025/7/19,1,‚SK‚ΔΘγ‹¤“―Z‘ξ,’“Τi—Φjκ,ƒiƒ“ƒo[ƒvƒ[ƒg
ή“,•”•i‚Λ‚η‚Ά,“c–³,‚Π‚Ξ‚θ‚ª‹u‰w‘O,132292,“‹“s,Ό“‹s,’JΛ’¬‚R’–Ϊ,2025/3/21,•s–Ύ,‚»‚Μ‘Ό‚ΜZ‘ξi‚RK‚ΔΘ‰Ί‹¤“―Z‘ξ“™j,’“Τi—Φjκ,ƒiƒ“ƒo[ƒvƒ[ƒg
ή“,•”•i‚Λ‚η‚Ά,“c–³,γ‚Μ΄,132225,“‹“s,“‹v—―•Δs,γ‚Μ΄‚P’–Ϊ,2025/7/14,15,‚SK‚ΔΘγ‹¤“―Z‘ξ,’“Τi—Φjκ,ƒiƒ“ƒo[ƒvƒ[ƒg
ή“,•”•i‚Λ‚η‚Ά,“c–³,γ‚Μ΄,132225,“‹“s,“‹v—―•Δs,γ‚Μ΄‚Q’–Ϊ,2025/3/21,22,‚»‚Μ‘Ό,’“Τi—Φjκ,‚»‚Μ‘Ό
ή“,•”•i‚Λ‚η‚Ά,“c–³,‰Ί•Ϋ’J,132292,“‹“s,Ό“‹s,‰Ί•Ϋ’J‚Q’–Ϊ,2025/9/18,12,“ΉHγ,‚»‚Μ‘Ό,ƒiƒ“ƒo[ƒvƒ[ƒg
ή“,•”•i‚Λ‚η‚Ά,“c–³,‰Ί—Ά,132225,“‹“s,“‹v—―•Δs,‰Ί—Ά‚Q’–Ϊ,2025/2/12,17,κΛZ‘ξ,‚»‚Μ‘Ό,‚»‚Μ‘Ό
ή“,•”•i‚Λ‚η‚Ά,“c–³,‰Ί—Ά,132225,“‹“s,“‹v—―•Δs,‰Ί—Ά‚S’–Ϊ,2025/2/5,15,‚SK‚ΔΘγ‹¤“―Z‘ξ,’“Τi—Φjκ,‚»‚Μ‘Ό
ή“,•”•i‚Λ‚η‚Ά,“c–³,‰Ί—Ά,132225,“‹“s,“‹v—―•Δs,‰Ί—Ά‚S’–Ϊ,2025/2/10,8,‚SK‚ΔΘγ‹¤“―Z‘ξ,’“Τi—Φjκ,ƒiƒ“ƒo[ƒvƒ[ƒg
ή“,•”•i‚Λ‚η‚Ά,“c–³,‰Ί—Ά,132225,“‹“s,“‹v—―•Δs,‰Ί—Ά‚S’–Ϊ,2025/2/24,3,‚SK‚ΔΘγ‹¤“―Z‘ξ,’“Τi—Φjκ,ƒiƒ“ƒo[ƒvƒ[ƒg
ή“,•”•i‚Λ‚η‚Ά,“c–³,‰Ί—Ά,132225,“‹“s,“‹v—―•Δs,‰Ί—Ά‚S’–Ϊ,2025/11/1,18,‚SK‚ΔΘγ‹¤“―Z‘ξ,’“Τi—Φjκ,ƒiƒ“ƒo[ƒvƒ[ƒg
ή“,•”•i‚Λ‚η‚Ά,“c–³,•Ϋ’JV’¬,132292,“‹“s,Ό“‹s,ό‘δ’¬‚R’–Ϊ,2025/5/14,14,‚SK‚ΔΘγ‹¤“―Z‘ξ,’“Τi—Φjκ,‚»‚Μ‘Ό
ή“,•”•i‚Λ‚η‚Ά,“c–³,•Ϋ’J‰w‘O,132292,“‹“s,Ό“‹s,‰Ί•Ϋ’J‚T’–Ϊ,2025/11/28,18,‚SK‚ΔΘγ‹¤“―Z‘ξ,’“Τi—Φjκ,‚»‚Μ‘Ό
ή“,•”•i‚Λ‚η‚Ά,“c–³,•Ϋ’J‰w‘O,132292,“‹“s,Ό“‹s,“’¬‚R’–Ϊ,2025/3/24,21,’“Τi—Φjκ,’“Τi—Φjκ,‚»‚Μ‘Ό
ή“,•”•i‚Λ‚η‚Ά,“c–³,•Ϋ’J‰w‘O,132292,“‹“s,Ό“‹s,“’¬‚R’–Ϊ,2025/12/23,20,’“Τi—Φjκ,’“Τi—Φjκ,‚»‚Μ‘Ό
ή“,•”•i‚Λ‚η‚Ά,“c–³,‘O‘ς,132225,“‹“s,“‹v—―•Δs,‰Ί—Ά‚V’–Ϊ,2025/2/27,15,‚SK‚ΔΘγ‹¤“―Z‘ξ,’“Τi—Φjκ,‚»‚Μ‘Ό
ή“,•”•i‚Λ‚η‚Ά,“c–³,‘O‘ς,132225,“‹“s,“‹v—―•Δs,”ª”¦’¬‚R’–Ϊ,2024/9/11,13,κΛZ‘ξ,‚»‚Μ‘Ό,ƒiƒ“ƒo[ƒvƒ[ƒg
ή“,•”•i‚Λ‚η‚Ά,“c–³,‘O‘ς,132225,“‹“s,“‹v—―•Δs,‘O‘ς‚Q’–Ϊ,2025/5/10,22,‚SK‚ΔΘγ‹¤“―Z‘ξ,’“Τi—Φjκ,ƒiƒ“ƒo[ƒvƒ[ƒg
ή“,•”•i‚Λ‚η‚Ά,“c–³,‘O‘ς,132225,“‹“s,“‹v—―•Δs,“μ‘ς‚R’–Ϊ,2024/3/27,20,κΛZ‘ξ,‚»‚Μ‘Ό,ƒiƒ“ƒo[ƒvƒ[ƒg
ή“,•”•i‚Λ‚η‚Ά,“c–³,–k΄’¬,132292,“‹“s,Ό“‹s,–k’¬‚S’–Ϊ,2025/2/27,19,‚SK‚ΔΘγ‹¤“―Z‘ξ,’“Τi—Φjκ,‚»‚Μ‘Ό
ή“,•”•i‚Λ‚η‚Ά,“c–³,–k΄’¬,132292,“‹“s,Ό“‹s,Ό΄’¬‚S’–Ϊ,2025/2/25,19,‚SK‚ΔΘγ‹¤“―Z‘ξ,’“Τi—Φjκ,‚»‚Μ‘Ό
ή“,•”•i‚Λ‚η‚Ά,“c–³,–k΄’¬,132292,“‹“s,Ό“‹s,Ό΄’¬‚S’–Ϊ,2025/2/26,12,‚SK‚ΔΘγ‹¤“―Z‘ξ,’“Τi—Φjκ,‚»‚Μ‘Ό
ή“,•”•i‚Λ‚η‚Ά,“c–³,–k΄’¬,132292,“‹“s,Ό“‹s,Ό΄’¬‚S’–Ϊ,2025/2/26,18,‚SK‚ΔΘγ‹¤“―Z‘ξ,’“Τi—Φjκ,‚»‚Μ‘Ό
ή“,•”•i‚Λ‚η‚Ά,“c–³,–k΄’¬,132292,“‹“s,Ό“‹s,Ό΄’¬‚S’–Ϊ,2025/2/27,13,‚SK‚ΔΘγ‹¤“―Z‘ξ,’“Τi—Φjκ,‚»‚Μ‘Ό
ή“,•”•i‚Λ‚η‚Ά,“c–³,–k΄’¬,132292,“‹“s,Ό“‹s,Ό΄’¬‚S’–Ϊ,2025/2/27,16,’“Τi—Φjκ,’“Τi—Φjκ,‚»‚Μ‘Ό
ή“,•”•i‚Λ‚η‚Ά,“c–³,–k΄’¬,132292,“‹“s,Ό“‹s,Ό΄’¬‚S’–Ϊ,2025/2/27,16,‚SK‚ΔΘγ‹¤“―Z‘ξ,’“Τi—Φjκ,‚»‚Μ‘Ό
ή“,•”•i‚Λ‚η‚Ά,“c–³,–k΄’¬,132292,“‹“s,Ό“‹s,Ό΄’¬‚S’–Ϊ,2025/2/27,17,‚SK‚ΔΘγ‹¤“―Z‘ξ,’“Τi—Φjκ,‚»‚Μ‘Ό
ή“,•”•i‚Λ‚η‚Ά,“c–³,–k΄’¬,132292,“‹“s,Ό“‹s,Ό΄’¬‚S’–Ϊ,2025/2/27,18,’“Τi—Φjκ,’“Τi—Φjκ,‚»‚Μ‘Ό
ή“,•”•i‚Λ‚η‚Ά,“c–³,–k΄’¬,132292,“‹“s,Ό“‹s,Ό΄’¬‚S’–Ϊ,2025/12/8,18,’“Τi—Φjκ,’“Τi—Φjκ,ƒiƒ“ƒo[ƒvƒ[ƒg
ή“,•”•i‚Λ‚η‚Ά,“c–³,–k΄’¬,132292,“‹“s,Ό“‹s,—Ξ’¬‚P’–Ϊ,2025/11/8,17,‚SK‚ΔΘγ‹¤“―Z‘ξ,’“Τi—Φjκ,‚»‚Μ‘Ό
ή“,•”•i‚Λ‚η‚Ά,“c–³,β‰Ί,132292,“‹“s,Ό“‹s,–φ‘ς‚S’–Ϊ,2025/8/25,0,κΛZ‘ξ,’“Τi—Φjκ,‚»‚Μ‘Ό
ή“,•”•i‚Λ‚η‚Ά,“c–³,“‹v—―•Δ‰w‘O,132225,“‹“s,“‹v—―•Δs,Vμ’¬‚P’–Ϊ,2025/7/2,7,’“Τi—Φjκ,’“Τi—Φjκ,‚»‚Μ‘Ό
ή“,•”•i‚Λ‚η‚Ά,“c–³,“‹v—―•Δ‰w‘O,132225,“‹“s,“‹v—―•Δs,–{’¬‚P’–Ϊ,2025/5/22,4,“ΉHγ,‚»‚Μ‘Ό,ƒiƒ“ƒo[ƒvƒ[ƒg
ή“,•”•i‚Λ‚η‚Ά,“c–³,“‹v—―•Δ‰w‘O,132225,“‹“s,“‹v—―•Δs,–{’¬‚P’–Ϊ,2025/11/27,14,’“Τi—Φjκ,’“Τi—Φjκ,ƒiƒ“ƒo[ƒvƒ[ƒg
ή“,•”•i‚Λ‚η‚Ά,“c–³,–φ‘ς‰w‘O,132292,“‹“s,Ό“‹s,•Ϋ’J’¬‚T’–Ϊ,2025/9/11,21,‚SK‚ΔΘγ‹¤“―Z‘ξ,’“Τi—Φjκ,‚»‚Μ‘Ό
ή“,•”•i‚Λ‚η‚Ά,“c–³,–φ‘ς‰w‘O,132292,“‹“s,Ό“‹s,“μ’¬‚Q’–Ϊ,2025/2/14,15,“ΉHγ,‚»‚Μ‘Ό,‚»‚Μ‘Ό
ή“,•”•i‚Λ‚η‚Ά,“c–³,–φ‘ς‰w‘O,132292,“‹“s,Ό“‹s,–φ‘ς‚U’–Ϊ,2025/7/1,16,‚SK‚ΔΘγ‹¤“―Z‘ξ,’“Τi—Φjκ,ƒiƒ“ƒo[ƒvƒ[ƒg
ή“,•”•i‚Λ‚η‚Ά,“c–³,ς’¬,132292,“‹“s,Ό“‹s,ς’¬‚R’–Ϊ,2025/11/4,16,‚»‚Μ‘Ό,‚»‚Μ‘Ό,ƒiƒ“ƒo[ƒvƒ[ƒg
ή“,•”•i‚Λ‚η‚Ά,“c–³,ς’¬,132292,“‹“s,Ό“‹s,•Ϋ’J’¬‚U’–Ϊ,2025/9/24,18,‚»‚Μ‘Ό‚ΜZ‘ξi‚RK‚ΔΘ‰Ί‹¤“―Z‘ξ“™j,’“Τi—Φjκ,ƒiƒ“ƒo[ƒvƒ[ƒg
ή“,•”•i‚Λ‚η‚Ά,“c–³,‘κR,132225,“‹“s,“‹v—―•Δs,‰Ί—Ά‚S’–Ϊ,2025/3/8,19,‚SK‚ΔΘγ‹¤“―Z‘ξ,’“Τi—Φjκ,ƒiƒ“ƒo[ƒvƒ[ƒg
ή“,•”•i‚Λ‚η‚Ά,“c–³,‘κR,132225,“‹“s,“‹v—―•Δs,‰Ί—Ά‚S’–Ϊ,2025/3/20,12,‚SK‚ΔΘγ‹¤“―Z‘ξ,’“Τi—Φjκ,ƒiƒ“ƒo[ƒvƒ[ƒg
ή“,•”•i‚Λ‚η‚Ά,“c–³,‘κR,132225,“‹“s,“‹v—―•Δs,‰Ί—Ά‚S’–Ϊ,2025/4/6,18,‚SK‚ΔΘγ‹¤“―Z‘ξ,’“Τi—Φjκ,ƒ^ƒCƒ„EƒzƒC[ƒ‹
ή“,•”•i‚Λ‚η‚Ά,“c–³,“c–³‰w‘O,132292,“‹“s,Ό“‹s,Ε‹v•Ϋ’¬‚Q’–Ϊ,2025/2/26,18,‚SK‚ΔΘγ‹¤“―Z‘ξ,’“Τi—Φjκ,‚»‚Μ‘Ό
ή“,•”•i‚Λ‚η‚Ά,“c–³,“c–³‰w‘O,132292,“‹“s,Ό“‹s,Ε‹v•Ϋ’¬‚Q’–Ϊ,2025/2/27,11,‚SK‚ΔΘγ‹¤“―Z‘ξ,‚»‚Μ‘Ό,‚»‚Μ‘Ό
ή“,•”•i‚Λ‚η‚Ά,“c–³,“c–³‰w‘O,132292,“‹“s,Ό“‹s,Ε‹v•Ϋ’¬‚Q’–Ϊ,2025/2/27,17,‚SK‚ΔΘγ‹¤“―Z‘ξ,’“Τi—Φjκ,‚»‚Μ‘Ό
ή“,•”•i‚Λ‚η‚Ά,“c–³,“c–³‰w‘O,132292,“‹“s,Ό“‹s,“c–³’¬‚S’–Ϊ,2025/2/13,13,’“Τi—Φjκ,’“Τi—Φjκ,‚»‚Μ‘Ό
ή“,•”•i‚Λ‚η‚Ά,“c–³,“c–³‰w‘O,132292,“‹“s,Ό“‹s,“c–³’¬‚S’–Ϊ,2025/11/19,8,’“Τi—Φjκ,’“Τi—Φjκ,‚»‚Μ‘Ό
ή“,•”•i‚Λ‚η‚Ά,“c–³,“c–³‰w‘O,132292,“‹“s,Ό“‹s,“c–³’¬‚V’–Ϊ,2025/9/8,23,‚»‚Μ‘Ό‚ΜZ‘ξi‚RK‚ΔΘ‰Ί‹¤“―Z‘ξ“™j,’“Τi—Φjκ,ƒiƒ“ƒo[ƒvƒ[ƒg
ή“,•”•i‚Λ‚η‚Ά,“‘ΊR,‰Ί΄Λ,132217,“‹“s,΄£s,’†΄Λ‚S’–Ϊ,2025/1/22,18,‚SK‚ΔΘγ‹¤“―Z‘ξ,’“Τi—Φjκ,ƒiƒ“ƒo[ƒvƒ[ƒg
ή“,•”•i‚Λ‚η‚Ά,“‘ΊR,‰Ί΄Λ,132217,“‹“s,΄£s,’†΄Λ‚S’–Ϊ,2025/6/12,17,‚SK‚ΔΘγ‹¤“―Z‘ξ,’“Τi—Φjκ,ƒiƒ“ƒo[ƒvƒ[ƒg
ή“,•”•i‚Λ‚η‚Ά,“‘ΊR,‰Ί΄Λ,132217,“‹“s,΄£s,’†΄Λ‚S’–Ϊ,2025/11/7,18,‚SK‚ΔΘγ‹¤“―Z‘ξ,’“Τi—Φjκ,ƒiƒ“ƒo[ƒvƒ[ƒg
ή“,•”•i‚Λ‚η‚Ά,“‘ΊR,’†—Ά,132217,“‹“s,΄£s,’†—Ά‚T’–Ϊ,2025/5/20,14,‚»‚Μ‘Ό‚ΜZ‘ξi‚RK‚ΔΘ‰Ί‹¤“―Z‘ξ“™j,’“Τi—Φjκ,‚»‚Μ‘Ό
ή“,•”•i‚Λ‚η‚Ά,“‘ΊR,‹v•Δμ‰w‘O,132136,“‹“s,“‘ΊRs,‰h’¬‚P’–Ϊ,2025/8/10,10,’“Τi—Φjκ,’“Τi—Φjκ,ƒiƒ“ƒo[ƒvƒ[ƒg
ή“,•”•i‚Λ‚η‚Ά,“‘ΊR,‹v•Δμ‰w‘O,132136,“‹“s,“‘ΊRs,‰h’¬‚Q’–Ϊ,2020/2/1,•s–Ύ,‚SK‚ΔΘγ‹¤“―Z‘ξ,’“Τi—Φjκ,ƒiƒ“ƒo[ƒvƒ[ƒg
ή“,•”•i‚Λ‚η‚Ά,“‘ΊR,‹v•Δμ‰w‘O,132136,“‹“s,“‘ΊRs,‰h’¬‚R’–Ϊ,2024/12/30,14,‚SK‚ΔΘγ‹¤“―Z‘ξ,’“Τi—Φjκ,ƒiƒ“ƒo[ƒvƒ[ƒg
ή“,•”•i‚Λ‚η‚Ά,“‘ΊR,‹v•Δμ‰w‘O,132136,“‹“s,“‘ΊRs,”‹R’¬‚R’–Ϊ,2025/4/13,8,‚SK‚ΔΘγ‹¤“―Z‘ξ,’“Τi—Φjκ,ƒiƒ“ƒo[ƒvƒ[ƒg
ή“,•”•i‚Λ‚η‚Ά,“‘ΊR,‹v•Δμ‰w‘O,132136,“‹“s,“‘ΊRs,–{’¬‚S’–Ϊ,2025/3/19,11,‚SK‚ΔΘγ‹¤“―Z‘ξ,’“Τi—Φjκ,ƒiƒ“ƒo[ƒvƒ[ƒg
ή“,•”•i‚Λ‚η‚Ά,“‘ΊR,”ªβ,132136,“‹“s,“‘ΊRs,•xm©’¬‚P’–Ϊ,2025/5/27,18,‚SK‚ΔΘγ‹¤“―Z‘ξ,’“Τi—Φjκ,‚»‚Μ‘Ό
ή“,•”•i‚Λ‚η‚Ά,“‘ΊR,”ªβ,132136,“‹“s,“‘ΊRs,•xm©’¬‚P’–Ϊ,2025/8/30,16,‚SK‚ΔΘγ‹¤“―Z‘ξ,’“Τi—Φjκ,‚»‚Μ‘Ό
ή“,•”•i‚Λ‚η‚Ά,“‘ΊR,”ªβ,132136,“‹“s,“‘ΊRs,”όZ’¬‚P’–Ϊ,2025/8/8,18,‚SK‚ΔΘγ‹¤“―Z‘ξ,‚»‚Μ‘Ό,‚»‚Μ‘Ό
ή“,•”•i‚Λ‚η‚Ά,“‘ΊR,”ªβ,132136,“‹“s,“‘ΊRs,”όZ’¬‚P’–Ϊ,2025/8/9,10,‚»‚Μ‘Ό‚ΜZ‘ξi‚RK‚ΔΘ‰Ί‹¤“―Z‘ξ“™j,’“Τi—Φjκ,‚»‚Μ‘Ό
ή“,•”•i‚Λ‚η‚Ά,“‘ΊR,”ªβ,132136,“‹“s,“‘ΊRs,”όZ’¬‚P’–Ϊ,2025/12/3,15,‚SK‚ΔΘγ‹¤“―Z‘ξ,’“Τi—Φjκ,‚»‚Μ‘Ό
ή“,•”•i‚Λ‚η‚Ά,“‘ΊR,‰τ“c,132136,“‹“s,“‘ΊRs,‰τ“c’¬‚S’–Ϊ,2025/7/5,14,‚»‚Μ‘Ό,’“Τi—Φjκ,‚»‚Μ‘Ό
ή“,•”•i‚Λ‚η‚Ά,“‘ΊR,®‚ª‹u,132217,“‹“s,΄£s,‰Ίh‚P’–Ϊ,2025/2/16,15,‚SK‚ΔΘγ‹¤“―Z‘ξ,’“Τi—Φjκ,‚»‚Μ‘Ό
ή“,•”•i‚Λ‚η‚Ά,“‘ΊR,®‚ª‹u,132217,“‹“s,΄£s,‰Ίh‚P’–Ϊ,2025/6/26,6,‚SK‚ΔΘγ‹¤“―Z‘ξ,’“Τi—Φjκ,ƒiƒ“ƒo[ƒvƒ[ƒg
ή“,•”•i‚Λ‚η‚Ά,“‘ΊR,®‚ª‹u,132217,“‹“s,΄£s,’†΄Λ‚T’–Ϊ,2025/6/8,19,‚»‚Μ‘Ό‚ΜZ‘ξi‚RK‚ΔΘ‰Ί‹¤“―Z‘ξ“™j,’“Τi—Φjκ,ƒiƒ“ƒo[ƒvƒ[ƒg
ή“,•”•i‚Λ‚η‚Ά,“‘ΊR,“‘ΊR‰w‘O,132136,“‹“s,“‘ΊRs,–μϋ’¬‚P’–Ϊ,2025/1/21,8,’“Τi—Φjκ,’“Τi—Φjκ,‚»‚Μ‘Ό
ή“,•”•i‚Λ‚η‚Ά,“‘ΊR,”~‰€,132217,“‹“s,΄£s,–μ‰–‚S’–Ϊ,2025/9/8,17,κΛZ‘ξ,’“Τi—Φjκ,ƒiƒ“ƒo[ƒvƒ[ƒg
ή“,•”•i‚Λ‚η‚Ά,“‘ΊR,΄£‰w‘O,132217,“‹“s,΄£s,®‚ª‹u‚Q’–Ϊ,2025/8/1,17,‚SK‚ΔΘγ‹¤“―Z‘ξ,’“Τi—Φjκ,ƒiƒ“ƒo[ƒvƒ[ƒg
ή“,•”•i‚Λ‚η‚Ά,“‘ΊR,H’ΓO’–Ϊ,132136,“‹“s,“‘ΊRs,H’Γ’¬‚Q’–Ϊ,2025/10/12,23,‚»‚Μ‘Ό‚ΜZ‘ξi‚RK‚ΔΘ‰Ί‹¤“―Z‘ξ“™j,’“Τi—Φjκ,‚»‚Μ‘Ό
ή“,•”•i‚Λ‚η‚Ά,“‘ΊR,H’ΓO’–Ϊ,132136,“‹“s,“‘ΊRs,‹v•Δμ’¬‚P’–Ϊ,2025/12/16,18,‚»‚Μ‘Ό,’“Τi—Φjκ,‚»‚Μ‘Ό
ή“,•”•i‚Λ‚η‚Ά,“‘ΊR,H’Γ‰w‘O,132136,“‹“s,“‘ΊRs,Β—t’¬‚R’–Ϊ,2025/2/4,16,κΛZ‘ξ,’“Τi—Φjκ,ƒiƒ“ƒo[ƒvƒ[ƒg
ή“,•”•i‚Λ‚η‚Ά,“‘ΊR,H’Γ‰w‘O,132136,“‹“s,“‘ΊRs,H’Γ’¬‚P’–Ϊ,2025/2/11,17,‚»‚Μ‘Ό‚ΜZ‘ξi‚RK‚ΔΘ‰Ί‹¤“―Z‘ξ“™j,’“Τi—Φjκ,‚»‚Μ‘Ό
ή“,•”•i‚Λ‚η‚Ά,“‘ΊR,H’Γ‰w‘O,132136,“‹“s,“‘ΊRs,H’Γ’¬‚S’–Ϊ,2024/8/27,•s–Ύ,’“Τi—Φjκ,’“Τi—Φjκ,ƒiƒ“ƒo[ƒvƒ[ƒg
ή“,•”•i‚Λ‚η‚Ά,“‘ΊR,H’Γ‰w‘O,132136,“‹“s,“‘ΊRs,H’Γ’¬‚S’–Ϊ,2025/4/12,15,’“Τi—Φjκ,’“Τi—Φjκ,ƒiƒ“ƒo[ƒvƒ[ƒg
ή“,•”•i‚Λ‚η‚Ά,“‘ΊR,H’Γ‰w‘O,132136,“‹“s,“‘ΊRs,H’Γ’¬‚S’–Ϊ,2025/4/25,17,’“Τi—Φjκ,’“Τi—Φjκ,‚»‚Μ‘Ό
ή“,•”•i‚Λ‚η‚Ά,“‘ΊR,H’Γ‰w‘O,132136,“‹“s,“‘ΊRs,H’Γ’¬‚S’–Ϊ,2025/5/3,8,’“Τi—Φjκ,’“Τi—Φjκ,‚»‚Μ‘Ό
ή“,•”•i‚Λ‚η‚Ά,“‘ΊR,H’Γ‰w‘O,132136,“‹“s,“‘ΊRs,H’Γ’¬‚S’–Ϊ,2025/5/6,8,’“Τi—Φjκ,’“Τi—Φjκ,‚»‚Μ‘Ό
ή“,•”•i‚Λ‚η‚Ά,“‘ΊR,H’Γ‰w‘O,132136,“‹“s,“‘ΊRs,H’Γ’¬‚S’–Ϊ,2025/5/7,21,’“Τi—Φjκ,’“Τi—Φjκ,ƒiƒ“ƒo[ƒvƒ[ƒg
ή“,•”•i‚Λ‚η‚Ά,“‘ΊR,H’Γ‰w‘O,132136,“‹“s,“‘ΊRs,H’Γ’¬‚S’–Ϊ,2025/5/10,13,‚»‚Μ‘Ό‚ΜZ‘ξi‚RK‚ΔΘ‰Ί‹¤“―Z‘ξ“™j,’“Τi—Φjκ,ƒiƒ“ƒo[ƒvƒ[ƒg
ή“,•”•i‚Λ‚η‚Ά,“‘ΊR,H’Γ‰w‘O,132136,“‹“s,“‘ΊRs,H’Γ’¬‚S’–Ϊ,2025/5/11,5,’“Τi—Φjκ,’“Τi—Φjκ,‚»‚Μ‘Ό
ή“,•”•i‚Λ‚η‚Ά,“‘ΊR,H’Γ‰w‘O,132136,“‹“s,“‘ΊRs,H’Γ’¬‚S’–Ϊ,2025/5/12,20,‚»‚Μ‘Ό‚ΜZ‘ξi‚RK‚ΔΘ‰Ί‹¤“―Z‘ξ“™j,’“Τi—Φjκ,ƒiƒ“ƒo[ƒvƒ[ƒg
ή“,•”•i‚Λ‚η‚Ά,“‘ΊR,H’Γ‰w‘O,132136,“‹“s,“‘ΊRs,H’Γ’¬‚S’–Ϊ,2025/5/12,23,’“Τi—Φjκ,’“Τi—Φjκ,ƒiƒ“ƒo[ƒvƒ[ƒg
ή“,•”•i‚Λ‚η‚Ά,“‘ΊR,H’Γ‰w‘O,132136,“‹“s,“‘ΊRs,H’Γ’¬‚S’–Ϊ,2025/9/8,18,‚»‚Μ‘Ό‚ΜZ‘ξi‚RK‚ΔΘ‰Ί‹¤“―Z‘ξ“™j,’“Τi—Φjκ,‚»‚Μ‘Ό
ή“,•”•i‚Λ‚η‚Ά,“‘ΊR,H’Γ‰w‘O,132136,“‹“s,“‘ΊRs,H’Γ’¬‚T’–Ϊ,2025/11/15,12,‚SK‚ΔΘγ‹¤“―Z‘ξ,’“Τi—Φjκ,‚»‚Μ‘Ό
ή“,•”•i‚Λ‚η‚Ά,“‘ΊR,’|‹u,132217,“‹“s,΄£s,’|‹u‚P’–Ϊ,2025/2/27,9,‚SK‚ΔΘγ‹¤“―Z‘ξ,’“Τi—Φjκ,‚»‚Μ‘Ό
ή“,•”•i‚Λ‚η‚Ά,“‘ΊR,’|‹u,132217,“‹“s,΄£s,’|‹u‚P’–Ϊ,2025/5/5,20,‚SK‚ΔΘγ‹¤“―Z‘ξ,’“Τi—Φjκ,‚»‚Μ‘Ό
ή“,•”•i‚Λ‚η‚Ά,“‘ΊR,’|‹u,132217,“‹“s,΄£s,’|‹u‚Q’–Ϊ,2025/7/18,22,‚SK‚ΔΘγ‹¤“―Z‘ξ,’“Τi—Φjκ,ƒiƒ“ƒo[ƒvƒ[ƒg
ή“,•”•i‚Λ‚η‚Ά,“‘ΊR,’|‹u,132217,“‹“s,΄£s,’|‹u‚Q’–Ϊ,2025/8/20,2,‚SK‚ΔΘγ‹¤“―Z‘ξ,’“Τi—Φjκ,ƒiƒ“ƒo[ƒvƒ[ƒg
ή“,•”•i‚Λ‚η‚Ά,“‘ΊR,’|‹u,132217,“‹“s,΄£s,’|‹u‚Q’–Ϊ,2025/9/2,20,‚SK‚ΔΘγ‹¤“―Z‘ξ,’“Τi—Φjκ,ƒiƒ“ƒo[ƒvƒ[ƒg
ή“,•”•i‚Λ‚η‚Ά,“‘ΊR,Β—t,132136,“‹“s,“‘ΊRs,Β—t’¬‚Q’–Ϊ,2025/1/17,10,κΛZ‘ξ,‚»‚Μ‘Ό,ƒiƒ“ƒo[ƒvƒ[ƒg
ή“,•”•i‚Λ‚η‚Ά,“‘ΊR,Β—t,132136,“‹“s,“‘ΊRs,Β—t’¬‚Q’–Ϊ,2025/3/16,16,‚SK‚ΔΘγ‹¤“―Z‘ξ,’“Τi—Φjκ,ƒiƒ“ƒo[ƒvƒ[ƒg
ή“,•”•i‚Λ‚η‚Ά,•‘ –μ,O‘ι‰w–kϋ,132039,“‹“s,•‘ –μs,’†’¬‚P’–Ϊ,2025/2/4,21,’“Τi—Φjκ,’“Τi—Φjκ,ƒiƒ“ƒo[ƒvƒ[ƒg
ή“,•”•i‚Λ‚η‚Ά,•‘ –μ,”ª”¦‹{Ό,132039,“‹“s,•‘ –μs,‹gΛ›–k’¬‚Q’–Ϊ,2025/3/14,10,‚»‚Μ‘Ό‚ΜZ‘ξi‚RK‚ΔΘ‰Ί‹¤“―Z‘ξ“™j,’“Τi—Φjκ,‚»‚Μ‘Ό
ή“,•”•i‚Λ‚η‚Ά,•‘ –μ,”ª”¦‹{Ό,132039,“‹“s,•‘ –μs,‹gΛ›–k’¬‚Q’–Ϊ,2025/3/14,14,‚»‚Μ‘Ό‚ΜZ‘ξi‚RK‚ΔΘ‰Ί‹¤“―Z‘ξ“™j,’“Τi—Φjκ,‚»‚Μ‘Ό
ή“,•”•i‚Λ‚η‚Ά,•‘ –μ,”ª”¦‹{Ό,132039,“‹“s,•‘ –μs,‹gΛ›–k’¬‚Q’–Ϊ,2025/3/18,10,‚»‚Μ‘Ό‚ΜZ‘ξi‚RK‚ΔΘ‰Ί‹¤“―Z‘ξ“™j,’“Τi—Φjκ,‚»‚Μ‘Ό
ή“,•”•i‚Λ‚η‚Ά,•‘ –μ,”ª”¦‹{Ό,132039,“‹“s,•‘ –μs,‹gΛ›–k’¬‚Q’–Ϊ,2025/3/18,11,‚»‚Μ‘Ό‚ΜZ‘ξi‚RK‚ΔΘ‰Ί‹¤“―Z‘ξ“™j,’“Τi—Φjκ,‚»‚Μ‘Ό
ή“,•”•i‚Λ‚η‚Ά,•‘ –μ,”ª”¦‹{Ό,132039,“‹“s,•‘ –μs,‹gΛ›–k’¬‚Q’–Ϊ,2025/3/18,17,‚»‚Μ‘Ό‚ΜZ‘ξi‚RK‚ΔΘ‰Ί‹¤“―Z‘ξ“™j,’“Τi—Φjκ,‚»‚Μ‘Ό
ή“,•”•i‚Λ‚η‚Ά,•‘ –μ,”ª”¦‹{Ό,132039,“‹“s,•‘ –μs,‹gΛ›–k’¬‚Q’–Ϊ,2025/4/22,17,‚SK‚ΔΘγ‹¤“―Z‘ξ,’“Τi—Φjκ,‚»‚Μ‘Ό
ή“,•”•i‚Λ‚η‚Ά,•‘ –μ,”ª”¦‹{Ό,132039,“‹“s,•‘ –μs,‹gΛ›–{’¬‚P’–Ϊ,2025/11/24,14,‚»‚Μ‘Ό,’“Τi—Φjκ,‚»‚Μ‘Ό
ή“,•”•i‚Λ‚η‚Ά,•‘ –μ,”ª”¦‹{Ό,132039,“‹“s,•‘ –μs,”ª”¦’¬‚P’–Ϊ,2025/5/25,18,’“Τi—Φjκ,’“Τi—Φjκ,ƒ^ƒCƒ„EƒzƒC[ƒ‹
ή“,•”•i‚Λ‚η‚Ά,•‘ –μ,‹gΛ›‰wΌϋ,132039,“‹“s,•‘ –μs,δ“aR‚P’–Ϊ,2025/2/19,15,’“Τi—Φjκ,’“Τi—Φjκ,‚»‚Μ‘Ό
ή“,•”•i‚Λ‚η‚Ά,•‘ –μ,‹gΛ›‰wΌϋ,132039,“‹“s,•‘ –μs,δ“aR‚P’–Ϊ,2025/7/28,19,’“Τi—Φjκ,’“Τi—Φjκ,‚»‚Μ‘Ό
ή“,•”•i‚Λ‚η‚Ά,•‘ –μ,—Ξ’¬,132039,“‹“s,•‘ –μs,Ό‹v•Ϋ‚R’–Ϊ,2025/9/29,18,‚»‚Μ‘Ό‚ΜZ‘ξi‚RK‚ΔΘ‰Ί‹¤“―Z‘ξ“™j,‚»‚Μ‘Ό,‚»‚Μ‘Ό
ή“,•”•i‚Λ‚η‚Ά,O‘ι,O‘ι‘δ,132047,“‹“s,O‘ιs,δ‚Μ“ª‚P’–Ϊ,2025/1/27,22,‚SK‚ΔΘγ‹¤“―Z‘ξ,’“Τi—Φjκ,‚»‚Μ‘Ό
ή“,•”•i‚Λ‚η‚Ά,O‘ι,O‘ι‘δ,132047,“‹“s,O‘ιs,–΄—η‚R’–Ϊ,2025/4/24,17,κΛZ‘ξ,‚»‚Μ‘Ό,‚»‚Μ‘Ό
ή“,•”•i‚Λ‚η‚Ά,O‘ι,O‘ι‰w‘O,132047,“‹“s,O‘ιs,‰ΊA‚R’–Ϊ,2025/6/12,7,‚»‚Μ‘Ό,’“Τi—Φjκ,‚»‚Μ‘Ό
ή“,•”•i‚Λ‚η‚Ά,O‘ι,γA,132047,“‹“s,O‘ιs,γA‚U’–Ϊ,2025/2/21,8,‚SK‚ΔΘγ‹¤“―Z‘ξ,’“Τi—Φjκ,‚»‚Μ‘Ό
ή“,•”•i‚Λ‚η‚Ά,O‘ι,γA,132047,“‹“s,O‘ιs,‰ΊA‚S’–Ϊ,2025/8/20,3,κΛZ‘ξ,’“Τi—Φjκ,‚»‚Μ‘Ό
ή“,•”•i‚Λ‚η‚Ά,O‘ι,‘ε‘ς,132047,“‹“s,O‘ιs,‘ε‘ς‚P’–Ϊ,2025/5/22,19,κΛZ‘ξ,‚»‚Μ‘Ό,‚»‚Μ‘Ό
ή“,•”•i‚Λ‚η‚Ά,O‘ι,‘ε‘ς,132047,“‹“s,O‘ιs,‘ε‘ς‚Q’–Ϊ,2024/12/1,13,‚»‚Μ‘Ό‚ΜZ‘ξi‚RK‚ΔΘ‰Ί‹¤“―Z‘ξ“™j,’“Τi—Φjκ,ƒiƒ“ƒo[ƒvƒ[ƒg
ή“,•”•i‚Λ‚η‚Ά,O‘ι,‘ε‘ς,132047,“‹“s,O‘ιs,[‘ε›‚Q’–Ϊ,2025/10/4,18,’“Τi—Φjκ,’“Τi—Φjκ,ƒiƒ“ƒo[ƒvƒ[ƒg
ή“,•”•i‚Λ‚η‚Ά,O‘ι,“V•¶‘δ‰Ί,132047,“‹“s,O‘ιs,‘ε‘ς‚P’–Ϊ,2025/10/21,19,κΛZ‘ξ,‚»‚Μ‘Ό,‚»‚Μ‘Ό
ή“,•”•i‚Λ‚η‚Ά,O‘ι,Vμ,132047,“‹“s,O‘ιs,Vμ‚U’–Ϊ,2025/5/29,18,‚SK‚ΔΘγ‹¤“―Z‘ξ,’“Τi—Φjκ,‚»‚Μ‘Ό
ή“,•”•i‚Λ‚η‚Ά,O‘ι,–μθ,132047,“‹“s,O‘ιs,–μθ‚Q’–Ϊ,2025/8/22,18,‚SK‚ΔΘγ‹¤“―Z‘ξ,’“Τi—Φjκ,ƒiƒ“ƒo[ƒvƒ[ƒg
ή“,•”•i‚Λ‚η‚Ά,’²•z,‚Β‚Β‚¶ƒP‹u‰w‘O,132080,“‹“s,’²•zs,“‚Β‚Β‚¶ƒP‹u‚Q’–Ϊ,2025/9/2,10,’“Τi—Φjκ,’“Τi—Φjκ,‚»‚Μ‘Ό
ή“,•”•i‚Λ‚η‚Ά,’²•z,’†aς,132195,“‹“s,]s,’†aς‚T’–Ϊ,2025/9/24,6,κΛZ‘ξ,’“Τi—Φjκ,ƒiƒ“ƒo[ƒvƒ[ƒg
ή“,•”•i‚Λ‚η‚Ά,’²•z,‹‰¤‘½–€μ‰w‘O,132080,“‹“s,’²•zs,¬“‡’¬‚R’–Ϊ,2025/10/7,17,‚»‚Μ‘Ό,’“Τi—Φjκ,‚»‚Μ‘Ό
ή“,•”•i‚Λ‚η‚Ά,’²•z,‹‰¤‘½–€μ‰w‘O,132080,“‹“s,’²•zs,‘½–€μ‚T’–Ϊ,2025/4/14,12,‚»‚Μ‘Ό‚ΜZ‘ξi‚RK‚ΔΘ‰Ί‹¤“―Z‘ξ“™j,’“Τi—Φjκ,‚»‚Μ‘Ό
ή“,•”•i‚Λ‚η‚Ά,’²•z,‘—Μ,132080,“‹“s,’²•zs,‘—Μ’¬‚W’–Ϊ,2025/7/1,0,‚SK‚ΔΘγ‹¤“―Z‘ξ,’“Τi—Φjκ,ƒ^ƒCƒ„EƒzƒC[ƒ‹
ή“,•”•i‚Λ‚η‚Ά,’²•z,‘—Μ,132080,“‹“s,’²•zs,‘—Μ’¬‚W’–Ϊ,2025/10/3,11,‚SK‚ΔΘγ‹¤“―Z‘ξ,’“Τi—Φjκ,ƒiƒ“ƒo[ƒvƒ[ƒg
ή“,•”•i‚Λ‚η‚Ά,’²•z,‘—Μ,132080,“‹“s,’²•zs,‘—Μ’¬‚W’–Ϊ,2025/10/9,7,‚SK‚ΔΘγ‹¤“―Z‘ξ,’“Τi—Φjκ,ƒiƒ“ƒo[ƒvƒ[ƒg
ή“,•”•i‚Λ‚η‚Ά,’²•z,‘—Μ,132080,“‹“s,’²•zs,‘—Μ’¬‚W’–Ϊ,2025/11/2,16,‚SK‚ΔΘγ‹¤“―Z‘ξ,’“Τi—Φjκ,‚»‚Μ‘Ό
ή“,•”•i‚Λ‚η‚Ά,’²•z,‘—Μ,132080,“‹“s,’²•zs,”ª‰_‘δ‚P’–Ϊ,2025/1/1,19,‚»‚Μ‘Ό‚ΜZ‘ξi‚RK‚ΔΘ‰Ί‹¤“―Z‘ξ“™j,’“Τi—Φjκ,‚»‚Μ‘Ό
ή“,•”•i‚Λ‚η‚Ά,’²•z,‘½–€μZ‘ξ,132080,“‹“s,’²•zs,υ’n‚R’–Ϊ,2025/2/22,13,‚SK‚ΔΘγ‹¤“―Z‘ξ,’“Τi—Φjκ,‚»‚Μ‘Ό
ή“,•”•i‚Λ‚η‚Ά,’²•z,‘½–€μZ‘ξ,132080,“‹“s,’²•zs,υ’n‚R’–Ϊ,2025/2/24,12,‚SK‚ΔΘγ‹¤“―Z‘ξ,’“Τi—Φjκ,‚»‚Μ‘Ό
ή“,•”•i‚Λ‚η‚Ά,’²•z,‘½–€μZ‘ξ,132080,“‹“s,’²•zs,υ’n‚R’–Ϊ,2025/2/24,20,‚SK‚ΔΘγ‹¤“―Z‘ξ,’“Τi—Φjκ,‚»‚Μ‘Ό
ή“,•”•i‚Λ‚η‚Ά,’²•z,‘½–€μZ‘ξ,132080,“‹“s,’²•zs,υ’n‚R’–Ϊ,2025/10/6,19,‚SK‚ΔΘγ‹¤“―Z‘ξ,’“Τi—Φjκ,ƒiƒ“ƒo[ƒvƒ[ƒg
ή“,•”•i‚Λ‚η‚Ά,’²•z,‘½–€μZ‘ξ,132195,“‹“s,]s,Όaς‚P’–Ϊ,2025/2/22,16,‚SK‚ΔΘγ‹¤“―Z‘ξ,’“Τi—Φjκ,‚»‚Μ‘Ό
ή“,•”•i‚Λ‚η‚Ά,’²•z,‘½–€μZ‘ξ,132195,“‹“s,]s,Όaς‚P’–Ϊ,2025/2/23,16,‚SK‚ΔΘγ‹¤“―Z‘ξ,’“Τi—Φjκ,‚»‚Μ‘Ό
ή“,•”•i‚Λ‚η‚Ά,’²•z,‘½–€μZ‘ξ,132195,“‹“s,]s,Όaς‚P’–Ϊ,2025/10/4,12,‚SK‚ΔΘγ‹¤“―Z‘ξ,’“Τi—Φjκ,‚»‚Μ‘Ό
ή“,•”•i‚Λ‚η‚Ά,’²•z,¬o,132195,“‹“s,]s,Ό–μμ‚P’–Ϊ,2025/7/21,21,κΛZ‘ξ,‚»‚Μ‘Ό,ƒiƒ“ƒo[ƒvƒ[ƒg
ή“,•”•i‚Λ‚η‚Ά,’²•z,•z“c,132080,“‹“s,’²•zs,υ’n‚P’–Ϊ,2025/11/5,9,‚»‚Μ‘Ό‚ΜZ‘ξi‚RK‚ΔΘ‰Ί‹¤“―Z‘ξ“™j,’“Τi—Φjκ,ƒiƒ“ƒo[ƒvƒ[ƒg
ή“,•”•i‚Λ‚η‚Ά,’²•z,[‘ε›,132080,“‹“s,’²•zs,[‘ε›“’¬‚W’–Ϊ,2025/11/5,19,‚SK‚ΔΘγ‹¤“―Z‘ξ,’“Τi—Φjκ,‚»‚Μ‘Ό
ή“,•”•i‚Λ‚η‚Ά,’²•z,’²•z‰w‘O,132080,“‹“s,’²•zs,¬“‡’¬‚P’–Ϊ,2025/8/2,10,‚»‚Μ‘Ό‚ΜZ‘ξi‚RK‚ΔΘ‰Ί‹¤“―Z‘ξ“™j,‚»‚Μ‘Ό,‚»‚Μ‘Ό
ή“,•”•i‚Λ‚η‚Ά,’²•z,’²•z‰w‘O,132080,“‹“s,’²•zs,¬“‡’¬‚P’–Ϊ,2025/8/19,19,‚»‚Μ‘Ό,’“Τi—Φjκ,‚»‚Μ‘Ό
ή“,•”•i‚Λ‚η‚Ά,’²•z,“d‹C’ΚM‘εw‘O,132080,“‹“s,’²•zs,‰ΊΞ΄‚R’–Ϊ,2025/4/1,15,κΛZ‘ξ,’“Τi—Φjκ,ƒiƒ“ƒo[ƒvƒ[ƒg
ή“,•”•i‚Λ‚η‚Ά,’²•z,”ς“c‹‹‰w‘O,132080,“‹“s,’²•zs,”ς“c‹‹‚Q’–Ϊ,2025/11/26,6,’“Τi—Φjκ,’“Τi—Φjκ,‚»‚Μ‘Ό
ή“,•”•i‚Λ‚η‚Ά,’²•z,”ς“c‹‹‰w‘O,132080,“‹“s,’²•zs,”ς“c‹‹‚R’–Ϊ,2025/5/24,16,‚»‚Μ‘Ό‚ΜZ‘ξi‚RK‚ΔΘ‰Ί‹¤“―Z‘ξ“™j,’“Τi—Φjκ,‚»‚Μ‘Ό
ή“,•”•i‚Λ‚η‚Ά,¬•½,γh,132110,“‹“s,¬•½s,’†“‡’¬,2025/7/24,22,κΛZ‘ξ,‚»‚Μ‘Ό,ƒiƒ“ƒo[ƒvƒ[ƒg
ή“,•”•i‚Λ‚η‚Ά,¬•½,μ•½‹΄,132110,“‹“s,¬•½s,γ…“μ’¬‚Q’–Ϊ,2025/9/12,23,‚»‚Μ‘Ό,’“Τi—Φjκ,ƒiƒ“ƒo[ƒvƒ[ƒg
ή“,•”•i‚Λ‚η‚Ά,¬•½,μ•½‹΄,132110,“‹“s,¬•½s,‰ρ“c’¬,2025/2/14,15,κΛZ‘ξ,’“Τi—Φjκ,‚»‚Μ‘Ό
ή“,•”•i‚Λ‚η‚Ά,¬•½,‘εΐ’¬,132110,“‹“s,¬•½s,‘εΐ’¬‚Q’–Ϊ,2025/3/14,13,κΛZ‘ξ,’“Τi—Φjκ,‚»‚Μ‘Ό
ή“,•”•i‚Λ‚η‚Ά,¬•½,‘εΐ’¬,132110,“‹“s,¬•½s,‘εΐ’¬‚V’–Ϊ,2025/2/23,11,‚SK‚ΔΘγ‹¤“―Z‘ξ,’“Τi—Φjκ,‚»‚Μ‘Ό
ή“,•”•i‚Λ‚η‚Ά,¬•½,w‰€“,132110,“‹“s,¬•½s,‰ρ“c’¬,2025/2/15,18,κΛZ‘ξ,’“Τi—Φjκ,‚»‚Μ‘Ό
ή“,•”•i‚Λ‚η‚Ά,¬•½,w‰€“,132110,“‹“s,¬•½s,‰ρ“c’¬,2025/2/15,18,κΛZ‘ξ,’“Τi—Φjκ,‚»‚Μ‘Ό
ή“,•”•i‚Λ‚η‚Ά,¬•½,w‰€“,132110,“‹“s,¬•½s,‰ρ“c’¬,2025/2/16,17,κΛZ‘ξ,’“Τi—Φjκ,‚»‚Μ‘Ό
ή“,•”•i‚Λ‚η‚Ά,¬•½,w‰€“,132110,“‹“s,¬•½s,‰ρ“c’¬,2025/3/18,18,κΛZ‘ξ,’“Τi—Φjκ,‚»‚Μ‘Ό
ή“,•”•i‚Λ‚η‚Ά,¬•½,w‰€“,132110,“‹“s,¬•½s,‰ρ“c’¬,2025/4/14,18,κΛZ‘ξ,’“Τi—Φjκ,‚»‚Μ‘Ό
ή“,•”•i‚Λ‚η‚Ά,¬•½,w‰€Ό’¬,132110,“‹“s,¬•½s,w‰€Ό’¬‚P’–Ϊ,2025/5/18,15,κΛZ‘ξ,’“Τi—Φjκ,‚»‚Μ‘Ό
ή“,•”•i‚Λ‚η‚Ά,¬•½,w‰€Ό’¬,132110,“‹“s,¬•½s,w‰€Ό’¬‚P’–Ϊ,2025/8/20,8,‚SK‚ΔΘγ‹¤“―Z‘ξ,’“Τi—Φjκ,‚»‚Μ‘Ό
ή“,•”•i‚Λ‚η‚Ά,¬•½,w‰€Ό’¬,132110,“‹“s,¬•½s,’‡’¬,2025/12/22,17,’“Τi—Φjκ,’“Τi—Φjκ,‚»‚Μ‘Ό
ή“,•”•i‚Λ‚η‚Ά,¬•½,¬μ‰w‘O,132110,“‹“s,¬•½s,¬μΌ’¬‚T’–Ϊ,2025/2/19,20,‚SK‚ΔΘγ‹¤“―Z‘ξ,’“Τi—Φjκ,‚»‚Μ‘Ό
ή“,•”•i‚Λ‚η‚Ά,¬•½,¬μ‰w‘O,132110,“‹“s,¬•½s,¬μ“’¬‚P’–Ϊ,2025/12/15,7,’“Τi—Φjκ,’“Τi—Φjκ,‚»‚Μ‘Ό
ή“,•”•i‚Λ‚η‚Ά,¬•½,¬μ‰w‘O,132110,“‹“s,¬•½s,¬μ“’¬‚Q’–Ϊ,2025/12/4,23,‚SK‚ΔΘγ‹¤“―Z‘ξ,’“Τi—Φjκ,‚»‚Μ‘Ό
ή“,•”•i‚Λ‚η‚Ά,¬•½,¬μ‰w‘O,132110,“‹“s,¬•½s,¬μ“’¬‚Q’–Ϊ,2025/12/14,23,‚SK‚ΔΘγ‹¤“―Z‘ξ,’“Τi—Φjκ,‚»‚Μ‘Ό
ή“,•”•i‚Λ‚η‚Ά,¬•½,¬•½‰w‘O,132110,“‹“s,¬•½s,‘εΐ’¬‚Q’–Ϊ,2025/3/10,12,κΛZ‘ξ,’“Τi—Φjκ,‚»‚Μ‘Ό
ή“,•”•i‚Λ‚η‚Ά,¬•½,¬•½‰w‘O,132110,“‹“s,¬•½s,‘εΐ’¬‚Q’–Ϊ,2025/3/18,18,κΛZ‘ξ,’“Τi—Φjκ,‚»‚Μ‘Ό
ή“,•”•i‚Λ‚η‚Ά,¬•½,¬•½‰w‘O,132110,“‹“s,¬•½s,‘εΐ’¬‚Q’–Ϊ,2025/3/20,8,‚SK‚ΔΘγ‹¤“―Z‘ξ,’“Τi—Φjκ,‚»‚Μ‘Ό
ή“,•”•i‚Λ‚η‚Ά,¬•½,¬•½‰w‘O,132110,“‹“s,¬•½s,‘εΐ’¬‚V’–Ϊ,2025/11/1,18,‚SK‚ΔΘγ‹¤“―Z‘ξ,’“Τi—Φjκ,ƒiƒ“ƒo[ƒvƒ[ƒg
ή“,•”•i‚Λ‚η‚Ά,¬•½,¬•½‰w‘O,132110,“‹“s,¬•½s,“V_’¬‚P’–Ϊ,2025/3/20,7,‚SK‚ΔΘγ‹¤“―Z‘ξ,’“Τi—Φjκ,‚»‚Μ‘Ό
ή“,•”•i‚Λ‚η‚Ά,¬•½,¬•½‰w‘O,132110,“‹“s,¬•½s,”ό‰€’¬‚Q’–Ϊ,2025/8/28,7,’“Τi—Φjκ,’“Τi—Φjκ,ƒiƒ“ƒo[ƒvƒ[ƒg
ή“,•”•i‚Λ‚η‚Ά,¬•½,‰Τ¬‹ΰδ‰w‘O,132110,“‹“s,¬•½s,‰Τ¬‹ΰδ‚P’–Ϊ,2025/12/20,19,‚»‚Μ‘Ό,’“Τi—Φjκ,‚»‚Μ‘Ό
ή“,•”•i‚Λ‚η‚Ά,¬•½,‘ι‚Μ‘δ‰w‘O,132110,“‹“s,¬•½s,’Γ“c’¬‚R’–Ϊ,2025/5/30,17,‚SK‚ΔΘγ‹¤“―Z‘ξ,’“Τi—Φjκ,‚»‚Μ‘Ό
