osmId,name,nameEn,lat,lon,operator,network,prefBboxes,isJrEast,stationCD
172670767,日暮里,Nippori,35.72838,139.770982,京成電鉄,京成電鉄,tokyo,0,
236578383,御徒町,Okachimachi,35.706953,139.77463,東日本旅客鉄道,,tokyo,1,
236578444,上野,Ueno,35.713413,139.776542,東日本旅客鉄道,,tokyo,1,
236578577,鶯谷,Uguisudani,35.721703,139.777917,東日本旅客鉄道,,tokyo,1,
236578667,日暮里,Nippori,35.72815,139.770658,東日本旅客鉄道,,tokyo,1,
236578741,西日暮里,Nishi-Nippori,35.732202,139.766668,東日本旅客鉄道,東京近郊区間,tokyo,1,
236578838,田端,Tabata,35.737372,139.761707,東日本旅客鉄道,,tokyo,1,
236579053,駒込,Komagome,35.736585,139.747241,東日本旅客鉄道,,tokyo,1,
236579126,巣鴨,Sugamo,35.733412,139.739427,東日本旅客鉄道,,tokyo,1,
236579274,大塚,Otsuka,35.731685,139.728588,東日本旅客鉄道,,tokyo,1,
236579696,新大久保,Shin-Ōkubo,35.701301,139.700242,東日本旅客鉄道,,tokyo,1,
240510683,三河島,Mikawashima,35.733343,139.777392,東日本旅客鉄道,,tokyo,1,
241815384,大崎,Osaki,35.61939,139.728487,東日本旅客鉄道;東京臨海高速鉄道,りんかい線,tokyo|kanagawa,1,
241896099,渋谷,Shibuya,35.65808,139.701765,東日本旅客鉄道,,tokyo|kanagawa,1,
243887260,朝霞,Asaka,35.79703,139.600224,東武鉄道,東武鉄道,tokyo,0,
243887391,中目黒,Naka-meguro,35.64414,139.698832,東京急行電鉄;東京地下鉄,,tokyo|kanagawa,0,
244878145,蕨,Warabi,35.828123,139.69038,東日本旅客鉄道,,tokyo,1,
251465504,門前仲町,Monzen-nakacho,35.672288,139.795067,東京地下鉄,,tokyo,0,
262449251,恵比寿,Ebisu,35.646974,139.708646,東京地下鉄,日比谷線,tokyo|kanagawa,0,
264240113,相模大野,Sagami-Ono,35.532171,139.437887,小田急電鉄,,tokyo|kanagawa,0,
264813299,西国立,Nishi-Kunitachi,35.693473,139.424056,東日本旅客鉄道,,tokyo,1,
264813889,登戸,Noborito,35.620819,139.570006,東日本旅客鉄道,,tokyo|kanagawa,1,
264813956,府中本町,Fuchu-Hommachi,35.666105,139.477104,東日本旅客鉄道,,tokyo,1,
266084129,青葉台,Aobadai,35.542878,139.517231,東京急行電鉄,,tokyo|kanagawa,0,
266084310,梶が谷,Kajigaya,35.593651,139.605479,東京急行電鉄,,tokyo|kanagawa,0,
266084537,江田,Eda,35.558575,139.551454,東急電鉄,,tokyo|kanagawa,0,
266084776,溝の口,Mizonokuchi,35.599925,139.610511,東急電鉄,東急電鉄,tokyo|kanagawa,0,
266085875,目黒,Meguro,35.632508,139.715772,東京地下鉄,,tokyo|kanagawa,0,
280475163,十日市場,Tokaichiba,35.526306,139.516592,東日本旅客鉄道,,tokyo|kanagawa,1,
280475835,八王子みなみ野,Hachiojiminamino,35.631256,139.330934,東日本旅客鉄道,,tokyo|kanagawa,1,
280475844,片倉,Katakura,35.639801,139.341434,東日本旅客鉄道,,tokyo|kanagawa,1,
280476769,相原,Aihara,35.606844,139.331689,東日本旅客鉄道,,tokyo|kanagawa,1,
280623187,京王永山,Keio-Nagayama,35.630258,139.448356,京王電鉄,,tokyo|kanagawa,0,
280623691,調布,Chofu,35.651777,139.544806,京王電鉄,,tokyo|kanagawa,0,
280630323,玉川上水,Tamagawa-Josui,35.732237,139.417873,多摩都市モノレール,,tokyo,0,
280630702,高幡不動,Takahatafudo,35.66128,139.415149,多摩都市モノレール,,tokyo,0,
280630995,立川北,Tachikawa-Kita,35.699417,139.412495,多摩都市モノレール,,tokyo,0,
280653191,唐木田,Karakida,35.615847,139.411132,小田急電鉄,,tokyo|kanagawa,0,
281365074,成城学園前,Seijogakuen-mae,35.639944,139.598443,小田急電鉄,,tokyo|kanagawa,0,
281365135,生田,Ikuta,35.614991,139.541932,小田急電鉄,,tokyo|kanagawa,0,
281365138,鶴川,Tsurukawa,35.583105,139.481602,小田急電鉄,,tokyo|kanagawa,0,
281365143,百合ヶ丘,Yurigaoka,35.609023,139.516074,小田急電鉄,,tokyo|kanagawa,0,
281365561,柿生,Kakio,35.589611,139.497584,小田急電鉄,小田急電鉄,tokyo|kanagawa,0,
281366404,玉川学園前,Tamagawagakuen-mae,35.563649,139.463527,小田急電鉄,,tokyo|kanagawa,0,
281366410,梅ヶ丘,Umegaoka,35.656175,139.654127,小田急電鉄,小田急電鉄,tokyo|kanagawa,0,
281366428,祖師ヶ谷大蔵,Soshigaya-Okura,35.64328,139.609747,小田急電鉄,小田急電鉄,tokyo|kanagawa,0,
281366436,読売ランド前,Yomiuriland-mae,35.614778,139.527888,小田急電鉄,小田急電鉄,tokyo|kanagawa,0,
281366568,代々木八幡,Yoyogi-Hachiman,35.669621,139.68884,小田急電鉄,小田急電鉄,tokyo,0,
281366584,経堂,Kyodo,35.651279,139.636679,小田急電鉄,小田急電鉄,tokyo|kanagawa,0,
281366586,千歳船橋,Chitose-Funabashi,35.647399,139.623821,小田急電鉄,小田急電鉄,tokyo|kanagawa,0,
281366638,狛江,Komae,35.632315,139.577424,小田急電鉄,小田急電鉄,tokyo|kanagawa,0,
281366650,向ヶ丘遊園,Mukogaoka-Yuen,35.617208,139.564547,小田急電鉄,,tokyo|kanagawa,0,
281366963,代々木上原,Yoyogi-Uehara,35.669008,139.679788,小田急電鉄;東京地下鉄,小田急線;千代田線,tokyo,0,
281366971,豪徳寺,Gotokuji,35.653543,139.646851,小田急電鉄,小田急電鉄,tokyo|kanagawa,0,
281417535,西調布,Nishi-chofu,35.657063,139.530194,京王電鉄,,tokyo|kanagawa,0,
281417661,新線新宿,Shinsen-Shinjuku,35.688603,139.699177,,都営地下鉄,tokyo,0,
281417843,武蔵野台,Musashinodai,35.664228,139.510961,京王電鉄,,tokyo,0,
281417962,飛田給,Tobitakyu,35.660252,139.523231,京王電鉄,,tokyo,0,
281459052,めじろ台,Mejirodai,35.643403,139.30772,京王電鉄,,tokyo|kanagawa,0,
281459064,山田,Yamada,35.644415,139.321178,京王電鉄,,tokyo|kanagawa,0,
281459067,京王片倉,Keio-katakura,35.64435,139.337074,京王電鉄,,tokyo|kanagawa,0,
281469591,上溝,Kamimizo,35.557745,139.363182,東日本旅客鉄道,,tokyo|kanagawa,1,
281469983,番田,Banda,35.545389,139.36298,東日本旅客鉄道,,tokyo|kanagawa,1,
298329478,箱根ヶ崎,Hakonegasaki,35.771345,139.346742,,,tokyo,0,
298329480,北八王子,Kita-Hachiōji,35.669356,139.363423,,,tokyo,0,
298330837,金子,Kaneko,35.811088,139.328656,,,tokyo,0,
298330909,小宮,Komiya,35.685571,139.368829,,,tokyo,0,
298330916,東福生,Higashi-Fussa,35.745742,139.335952,East Japan Railway,JR八高線(八王子～高麗川),tokyo,0,
305545683,昭島,Akishima,35.71357,139.360894,,,tokyo,0,
307882453,恩田,Onda,35.54559,139.492129,東急電鉄,東急電鉄,tokyo|kanagawa,0,
308839760,谷塚,Yatsuka,35.814212,139.801133,東武鉄道,東武鉄道,tokyo,0,
308840568,牛田,Ushida,35.744663,139.812136,東武鉄道,東武鉄道,tokyo|chiba,0,
311094336,多摩センター,Tama Center,35.623939,139.422873,多摩都市モノレール,,tokyo|kanagawa,0,
339082698,高幡不動,Takahatafudo,35.662172,139.413307,京王電鉄,,tokyo,0,
412187550,是政,Koremasa,35.656312,139.489321,西武鉄道,西武鉄道,tokyo|kanagawa,0,
427973657,五反田,Gotanda,35.626256,139.72363,東日本旅客鉄道,,tokyo|kanagawa,1,
475369200,若松河田,Wakamatsu-kawada,35.699285,139.718408,東京都交通局,都営地下鉄,tokyo,0,
664579528,秋津,Akitsu,35.778532,139.496609,西武鉄道,西武鉄道,tokyo,0,
664579530,石神井公園,Shakujii-kōen Station,35.743827,139.606157,西武鉄道,西武鉄道,tokyo,0,
664579533,富士見台,Fujimidai,35.735952,139.630004,西武鉄道,西武鉄道,tokyo,0,
664579534,練馬高野台,Nerima-Takanodai,35.740921,139.616305,西武鉄道,,tokyo,0,
664579553,椎名町,Shiinamachi,35.726448,139.694892,西武鉄道,西武鉄道,tokyo,0,
664579562,池袋,Ikebukuro,35.728092,139.711037,西武鉄道,西武鉄道,tokyo,0,108
694234836,大倉山,Okurayama,35.52186,139.629859,東京急行電鉄,,tokyo|kanagawa,0,
722149242,見沼代親水公園,Minumadai-shinsuikoen,35.814493,139.770728,東京都交通局,,tokyo,0,
760985649,北千住,Kita-Senju,35.74954,139.805092,首都圏新都市鉄道,,tokyo|chiba,0,
769422102,京成金町,Keisei Kanamachi,35.768628,139.870472,京成電鉄,,tokyo|chiba,0,
772364943,西日暮里,Nishi-nippori,35.733733,139.768109,東京都交通局,,tokyo,0,
772389775,日暮里,Nippori,35.72892,139.771364,東京都交通局,,tokyo,0,
789405355,本郷三丁目,Hongo-sanchome,35.706639,139.759963,東京地下鉄,,tokyo,0,
832289046,目白,Mejiro,35.721192,139.706465,東日本旅客鉄道,,tokyo,1,
859663338,ウエスタンリバー鉄道,,35.633719,139.882385,,,tokyo|chiba,0,
859682633,ポートディスカバリー・ステーション,Port Discovery Station,35.625393,139.883097,,,tokyo|chiba,0,
859682692,アメリカンウォーターフロント・ステーション,American Waterfront,35.624863,139.887795,,,tokyo|chiba,0,
906705739,西府,Nishifu,35.670963,139.4574,東日本旅客鉄道,,tokyo,1,
1078841212,王子神谷,Oji-kamiya,35.765055,139.735718,東京地下鉄,東京メトロ,tokyo,0,
1135519511,淵野辺,Fuchinobe,35.568732,139.39482,東日本旅客鉄道,,tokyo|kanagawa,1,
1135519820,相模原,Sagamihara,35.581455,139.37074,東日本旅客鉄道,,tokyo|kanagawa,1,
1135521236,古淵,Kobuchi,35.555951,139.419314,東日本旅客鉄道,,tokyo|kanagawa,1,
1135522062,矢部,Yabe,35.573099,139.386759,東日本旅客鉄道,,tokyo|kanagawa,1,
1152742616,亀戸,Kameido,35.697325,139.826717,東日本旅客鉄道,,tokyo|chiba,1,
1252108021,二子玉川,Futako-tamagawa,35.61179,139.6268,,,tokyo|kanagawa,0,
1314411833,南千住,Minami-Senju,35.733302,139.799014,東日本旅客鉄道,,tokyo,1,
1424084428,西武球場前,Seibukyujo-mae,35.770451,139.419782,西武鉄道,西武鉄道,tokyo,0,
1456006005,東大前,Todaimae,35.717337,139.758177,東京地下鉄,東京メトロ,tokyo,0,
1503979841,北戸田,Kita-Toda,35.827653,139.660111,東日本旅客鉄道,,tokyo,1,
1503979844,戸田,Toda,35.817699,139.669597,東日本旅客鉄道,,tokyo,1,
1640176211,浮間舟渡,Ukimafunado,35.79118,139.69151,東日本旅客鉄道,,tokyo,1,
1646881158,北赤羽,Kita-Akabane,35.786781,139.706029,東日本旅客鉄道,,tokyo,1,
1895223197,三ノ輪橋,Minowabashi,35.732121,139.791575,東京都交通局,,tokyo,0,
1895223210,荒川一中前,Arakawa-itchumae,35.733717,139.78893,東京都交通局,,tokyo,0,
1895223231,荒川二丁目,Arakawa-nichome,35.738684,139.784664,東京都交通局,東京都電車,tokyo,0,
1895223270,荒川区役所前,Arakawa-kuyakushomae,35.734922,139.786458,東京都交通局,都電荒川線,tokyo,0,
1895738589,町屋駅前,Machiya-ekimae,35.742778,139.780959,東京都交通局,,tokyo,0,
1901864569,栄町,Sakaecho,35.750914,139.742254,東京都交通局,,tokyo,0,
1901864575,梶原,Kajiwara,35.751077,139.747847,東京都交通局,,tokyo,0,
1901864580,滝野川一丁目,Takinogawa-itchome,35.747306,139.735399,東京都交通局,,tokyo,0,
1901864597,飛鳥山,Asukayama,35.750178,139.7374,東京都交通局,,tokyo,0,
1923723997,妙典,Myoden,35.69109,139.924407,東京地下鉄,,tokyo|chiba,0,
1923746848,西葛西,Nishi-kasai,35.66458,139.859317,東京地下鉄,,tokyo|chiba,0,
1923746849,行徳,Gyotoku,35.682882,139.914506,東京地下鉄,,tokyo|chiba,0,
1923746850,南砂町,Minami-sunamachi,35.668345,139.831864,東京地下鉄,,tokyo|chiba,0,
1923746852,南行徳,Minami-gyotoku,35.672732,139.902279,東京地下鉄,,tokyo|chiba,0,
1923746858,東陽町,Toyocho,35.669596,139.817476,東京地下鉄,,tokyo|chiba,0,
1923746881,葛西,Kasai,35.663628,139.872692,東京地下鉄,,tokyo|chiba,0,
1923746886,浦安,Urayasu,35.665844,139.893013,東京地下鉄,,tokyo|chiba,0,
1923761823,木場,Kiba,35.669416,139.806545,東京地下鉄,,tokyo|chiba,0,
1923768928,大手町,Otemachi,35.684609,139.766461,東京地下鉄,,tokyo,0,
1925585850,京成八幡,Keisei Yawata,35.723912,139.928044,京成電鉄,京成,tokyo|chiba,0,
1926239447,北千住,Kita-Senju,35.749665,139.804503,東京地下鉄,,tokyo|chiba,0,
1926239471,西日暮里,Nishi-nippori,35.732584,139.767217,東京地下鉄,東京メトロ,tokyo,0,
1926277330,大手町,Otemachi,35.686692,139.765038,東京地下鉄,東京メトロ,tokyo,0,
1926277338,大手町,Otemachi,35.686757,139.763616,東京地下鉄,東京メトロ,tokyo,0,
1926277346,新宿,Shinjuku,35.692227,139.700601,東京地下鉄,東京メトロ,tokyo,0,866
1926355396,人形町,Ningyōchō,35.68628,139.782188,,都営地下鉄,tokyo,0,
1926355402,東銀座,Higashi-Ginza,35.669684,139.766948,東京地下鉄,東京メトロ,tokyo,0,
1926355405,築地,Tsukiji,35.668085,139.772592,東京地下鉄,東京メトロ,tokyo,0,
1926376076,千川,Senkawa,35.738324,139.689366,東京メトロ,,tokyo,0,
1926376079,東池袋,Higashi-ikebukuro,35.725621,139.719386,東京地下鉄,,tokyo,0,
1926376081,永田町,Nagatacho,35.677946,139.741578,東京地下鉄,,tokyo,0,
1926376083,池袋,Ikebukuro,35.729643,139.709686,,,tokyo,0,108
1926376084,要町,Kanamecho,35.733241,139.698684,東京地下鉄,,tokyo,0,
1926417053,新富町,Shintomicho,35.670634,139.77342,東京地下鉄,,tokyo,0,
1926417056,月島,Tsukishima,35.664169,139.784479,東京都交通局,都営大江戸線,tokyo,0,
1926700040,池袋,Ikebukuro,35.730228,139.711485,東京地下鉄,,tokyo,0,108
1926700041,茗荷谷,Myogadani,35.71719,139.73694,東京地下鉄,,tokyo,0,
1926703932,三越前,Mitsukoshimae,35.684952,139.773074,東京地下鉄,東京メトロ半蔵門線,tokyo,0,
1926726026,大門,Daimon,35.656926,139.75471,東京都交通局,浅草線,tokyo|kanagawa,0,
1927385340,新川崎,Shin-Kawasaki,35.551461,139.671837,東日本旅客鉄道,,tokyo|kanagawa,1,
1931878067,大塚駅前,Otsuka-ekimae,35.731448,139.72926,東京都交通局,,tokyo,0,
1947656218,葛西臨海公園,Kasai-Rinkai Park,35.644407,139.861599,,,tokyo|chiba,0,
1950328487,落合,Ochiai,35.710664,139.685913,東京地下鉄,,tokyo,0,
1951953898,東新宿,Higashi-shinjuku,35.698933,139.707695,東京地下鉄,,tokyo,0,
1951959623,雑司が谷,Zoshigaya,35.720247,139.714778,東京地下鉄,,tokyo,0,
1956007334,六町,Rokucho,35.784856,139.821868,首都圏新都市鉄道,,tokyo|chiba,0,
1956007338,青井,Aoi,35.771744,139.82031,首都圏新都市鉄道,,tokyo|chiba,0,
2012000223,白金台,Shirokanedai,35.638103,139.726565,東京都交通局,都営地下鉄,tokyo|kanagawa,0,
2091354340,登戸,Noborito,35.620908,139.569385,小田急電鉄,,tokyo|kanagawa,0,
2099275526,戸越銀座,Togoshi-ginza,35.616206,139.715077,,,tokyo|kanagawa,0,
2106545423,新座,Niiza,35.803734,139.5562,東日本旅客鉄道,,tokyo,1,
2149761647,東京,Tōkyō,35.681255,139.766706,東日本旅客鉄道,,tokyo,1,1039
2179133140,白金高輪,Shirokane-takanawa,35.642953,139.734168,東京都交通局,都営地下鉄,tokyo|kanagawa,0,
2206530973,羽田空港第1ターミナル,Haneda Airport Terminal 1,35.549158,139.784553,東京モノレール,,tokyo,0,
2206531138,羽田空港第2ターミナル,Haneda Airport Terminal 2,35.550821,139.788266,東京モノレール,,tokyo,0,
2206531158,新整備場,Shinseibijo,35.542821,139.786834,東京モノレール,,tokyo,0,
2217212323,下北沢,Shimo-Kitazawa,35.661136,139.666822,小田急電鉄,小田急電鉄,tokyo,0,
2217212325,東北沢,Higashi-Kitazawa,35.665129,139.672498,小田急電鉄,小田急電鉄,tokyo,0,
2230287460,赤羽,Akabane,35.778139,139.7208,東日本旅客鉄道,,tokyo,1,
2250286185,小岩,Koiwa,35.733236,139.881843,東日本旅客鉄道,,tokyo|chiba,1,
2330644212,大泉学園,Oizumi-gakuen,35.749505,139.586522,西武鉄道,西武鉄道,tokyo,0,
2341274088,尻手,Shitte,35.531075,139.684269,東日本旅客鉄道,,tokyo|kanagawa,1,
2389061844,新宿,Shinjuku,35.690262,139.700514,東日本旅客鉄道;JR東日本,JR成田エクスプレス,tokyo,1,866
2389061846,新宿,Shinjuku,35.690216,139.699624,小田急電鉄,小田急電鉄,tokyo,0,866
2389826024,新宿,Shinjuku,35.688364,139.699075,東京都交通局,都営地下鉄,tokyo,0,866
2389826102,新宿西口,Shinjuku-nishiguchi,35.693137,139.699176,東京都交通局,都営地下鉄,tokyo,0,
2389826186,牛込柳町,Ushigome-yanagicho,35.699456,139.725574,東京都交通局,都営地下鉄,tokyo,0,
2389826225,牛込神楽坂,Ushigome-kagurazaka,35.700914,139.73595,東京都交通局,都営地下鉄,tokyo,0,
2407466991,京成上野,Keisei-Ueno,35.710941,139.773504,京成電鉄,京成,tokyo,0,
2461068499,新百合ヶ丘,Shin-Yurigaoka,35.603867,139.507684,小田急電鉄,,tokyo|kanagawa,0,
2466240758,町田,Machida,35.544046,139.445125,小田急電鉄,,tokyo|kanagawa,0,
2467422036,新高島平,Shin-takashimadaira,35.790214,139.654426,東京都交通局,都営地下鉄,tokyo,0,
2468944535,センター北,Center Kita,35.553405,139.578261,横浜市交通局,横浜市営地下鉄,tokyo|kanagawa,0,
2469862610,西武園ゆうえんち,Seibuen-yūenchi,35.769363,139.440056,,,tokyo,0,
2496988966,羽田空港第3ターミナル,Haneda Airport Terminal 3,35.543887,139.768652,東京モノレール株式会社,東京モノレール,tokyo,0,
2540852495,本郷三丁目,Hongo-sanchome,35.707516,139.760549,東京都交通局,都営地下鉄,tokyo,0,
2543426281,青砥,Aoto,35.745574,139.856054,京成電鉄,京成電鉄,tokyo|chiba,0,
2543426602,京成高砂,Keisei Takasago,35.75094,139.867122,京成電鉄;北総鉄道,京成;北総,tokyo|chiba,0,
2545151221,京成曳舟,Keisei Hikifune,35.718188,139.81975,京成電鉄,,tokyo|chiba,0,
2545214081,柴又,Shibamata,35.75643,139.875181,京成電鉄,京成電鉄,tokyo|chiba,0,
2546879670,京急蒲田,Keikyu Kamata,35.561331,139.72416,京浜急行電鉄,,tokyo|kanagawa,0,
2546879674,品川,Shinagawa,35.628004,139.738008,京浜急行電鉄,,tokyo|kanagawa,0,
2550872353,東門前,Higashimonzen,35.536583,139.734391,京浜急行電鉄 (Keikyu Corporation),,tokyo|kanagawa,0,
2550872406,北品川,Kitashinagawa,35.62207,139.739273,京浜急行電鉄,Keikyu Main Line,tokyo|kanagawa,0,
2550872520,鮫洲,Samezu,35.605024,139.742264,京浜急行電鉄,,tokyo|kanagawa,0,
2550872526,鈴木町,Suzukicho,35.535414,139.720651,京浜急行電鉄 (Keikyu Corporation),,tokyo|kanagawa,0,
2550872531,立会川,Tachiaigawa,35.598699,139.73898,京浜急行電鉄,,tokyo|kanagawa,0,
2558121904,恵比寿,Ebisu,35.646441,139.710208,東日本旅客鉄道,,tokyo|kanagawa,1,
2558121907,浜松町,Hamamatsucho,35.655111,139.757062,東日本旅客鉄道,,tokyo|kanagawa,1,
2558121912,市ケ谷,Ichigaya,35.691186,139.735624,,,tokyo,0,
2558121915,池袋,Ikebukuro,35.730185,139.711151,東日本旅客鉄道,,tokyo,1,108
2558121917,神田,Kanda,35.691794,139.770911,東日本旅客鉄道,,tokyo,1,
2558121920,高円寺,Kōenji,35.705542,139.649965,東日本旅客鉄道,,tokyo,1,
2558121925,目黒,Meguro,35.634067,139.715733,東日本旅客鉄道,,tokyo|kanagawa,1,
2558121936,荻窪,Ogikubo,35.70448,139.620159,東日本旅客鉄道,,tokyo,1,
2558121937,両国,Ryogoku,35.6958,139.79296,東日本旅客鉄道,,tokyo,1,
2558121938,千駄ケ谷,Sendagaya,35.681266,139.711331,東日本旅客鉄道,,tokyo,1,
2558121946,水道橋,Suidobashi,35.702042,139.753636,東日本旅客鉄道,,tokyo,1,
2558121954,代々木,Yoyogi,35.683951,139.702081,東日本旅客鉄道,,tokyo,1,
2558121955,有楽町,Yurakucho,35.67496,139.763048,東日本旅客鉄道,,tokyo,1,
2558151864,志茂,Shimo,35.777904,139.732526,東京地下鉄,,tokyo,0,
2559434097,阿佐ケ谷,Asagaya,35.70484,139.635472,東日本旅客鉄道,,tokyo,1,
2559434104,八王子,Hachioji,35.655389,139.339467,東日本旅客鉄道,,tokyo|kanagawa,1,
2559434105,東小金井,Higashi-Koganei,35.701541,139.524056,東日本旅客鉄道,,tokyo,1,
2559434109,日野,Hino,35.679389,139.393846,東日本旅客鉄道,,tokyo,1,
2559434114,飯田橋,Iidabashi,35.700742,139.744002,,,tokyo,0,
2559434118,吉祥寺,Kichijoji,35.703141,139.580308,東日本旅客鉄道,,tokyo,1,
2559434121,国分寺,Kokubunji,35.7001,139.480358,東日本旅客鉄道,,tokyo,1,
2559434122,国立,Kunitachi,35.699241,139.446531,東日本旅客鉄道,,tokyo,1,
2559434129,三鷹,Mitaka,35.702715,139.560901,東日本旅客鉄道,,tokyo,1,
2559434132,武蔵小金井,Musashi-Koganei,35.701126,139.506787,東日本旅客鉄道,,tokyo,1,
2559434133,武蔵境,Musashi-Sakai,35.70213,139.54408,東日本旅客鉄道,,tokyo,1,
2559434134,中野,Nakano,35.70583,139.665633,東日本旅客鉄道;東京地下鉄,,tokyo,1,
2559434140,西国分寺,Nishi-Kokubunji,35.699748,139.466082,東日本旅客鉄道,,tokyo,1,
2559434141,西荻窪,Nishi-Ogikubo,35.703733,139.599605,東日本旅客鉄道,,tokyo,1,
2559434142,西八王子,Nishi-Hachioji,35.656523,139.312416,東日本旅客鉄道,,tokyo|kanagawa,1,
2559434143,御茶ノ水,Ochanomizu,35.69961,139.764949,東日本旅客鉄道,,tokyo,1,
2559434164,立川,Tachikawa,35.697982,139.413551,東日本旅客鉄道,,tokyo,1,
2559434165,高田馬場,Takadanobaba,35.71264,139.703874,西武鉄道,西武鉄道,tokyo,0,
2559434166,高田馬場,Takadanobaba,35.712684,139.703643,東日本旅客鉄道,,tokyo,1,
2559434167,豊田,Toyoda,35.659515,139.381485,東日本旅客鉄道,,tokyo|kanagawa,1,
2574447314,二子新地,Futako-shinchi,35.607197,139.622446,東急電鉄,,tokyo|kanagawa,0,
2574447319,高津,Takatsu,35.603179,139.616964,東京急行電鉄,,tokyo|kanagawa,0,
2574536692,九品仏,Kuhombutsu,35.605406,139.661218,東急電鉄,東急電鉄,tokyo|kanagawa,0,
2574536696,等々力,Todoroki,35.608362,139.648023,東急電鉄,東急電鉄,tokyo|kanagawa,0,
2597276891,新浦安,Shin-Urayasu,35.649534,139.912495,東日本旅客鉄道,,tokyo|chiba,1,
2597276892,舞浜,Maihama,35.636259,139.883606,東日本旅客鉄道,,tokyo|chiba,1,
2600954688,小竹向原,Kotake-mukaihara,35.743373,139.679527,西武鉄道;東京地下鉄,,tokyo,0,
2613600680,西ケ原,Nishigahara,35.74605,139.742172,東京地下鉄,,tokyo,0,
2620090842,東十条,Higashi-Jūjō,35.763848,139.726875,東日本旅客鉄道,,tokyo,1,
2632036488,赤土小学校前,Akado-shogakkomae,35.742861,139.769042,東京都交通局,,tokyo,0,
2670191219,川口,Kawaguchi,35.801926,139.717512,東日本旅客鉄道,,tokyo,1,
2696334868,鬼子母神前,Kishibojimmae,35.720213,139.714857,東京都交通局,都電荒川線,tokyo,0,
2702380569,多摩川,Tamagawa,35.589691,139.668794,東京急行電鉄,,tokyo|kanagawa,0,
2714358960,新木場,Shin-kiba,35.646139,139.82729,東京臨海高速鉄道,,tokyo|chiba,0,
2723855432,板橋,Itabashi,35.745396,139.71951,東日本旅客鉄道,,tokyo,1,
2729417325,市川塩浜,Ichikawa-Shiohama,35.666636,139.923649,東日本旅客鉄道,,tokyo|chiba,1,
2729417341,潮見,Shiomi,35.658924,139.817197,東日本旅客鉄道,,tokyo|chiba,1,
2729417356,越中島,Etchūjima,35.667906,139.792609,東日本旅客鉄道,,tokyo,1,
2730655241,茅場町,Kayabacho,35.680229,139.779424,東京地下鉄,,tokyo,0,
2730694910,町屋二丁目,Machiya-nichome,35.743784,139.776754,東京都交通局,,tokyo,0,
2730694911,荒川七丁目,Arakawa-nanachome,35.741991,139.78414,東京都交通局,,tokyo,0,
2732305545,世田谷代田,Setagaya-Daita,35.658291,139.661531,小田急電鉄,小田急電鉄,tokyo|kanagawa,0,
2733671211,沼袋,Numabukuro,35.719269,139.664606,西武鉄道,西武鉄道,tokyo,0,
2738954712,津田山,Tsudayama,35.603882,139.600457,東日本旅客鉄道,,tokyo|kanagawa,1,
2744378724,京王多摩センター,Keio-tama-center,35.625323,139.424397,京王電鉄,,tokyo|kanagawa,0,
2744378732,小田急多摩センター,Odakyu Tama Center,35.625023,139.424552,小田急電鉄,,tokyo|kanagawa,0,
2744378740,町田,Machida,35.542072,139.445436,東日本旅客鉄道,,tokyo|kanagawa,1,
2773536829,八幡山,Hachimanyama,35.669883,139.615709,京王電鉄,,tokyo,0,
2822191201,四ツ谷,Yotsuya,35.684992,139.729924,東京地下鉄,ロ丸ノ内線,tokyo,0,
2926897392,大井町,Oimachi,35.607653,139.734319,東急電鉄,東急電鉄,tokyo|kanagawa,0,
3012068695,北松戸,Kita-Matsudo,35.80061,139.911734,東日本旅客鉄道,,tokyo,1,
3012068705,新松戸,Shin-Matsudo,35.825373,139.921129,東日本旅客鉄道,,tokyo,1,
3012068708,松戸,Matsudo,35.784306,139.900942,京成電鉄,,tokyo|chiba,0,
3012068709,松戸,Matsudo,35.784437,139.900608,東日本旅客鉄道,,tokyo|chiba,1,
3012068713,馬橋,Mabashi,35.811633,139.917308,東日本旅客鉄道,,tokyo,1,
3279736246,武蔵砂川,Musashi-Sunagawa,35.728915,139.392283,西武鉄道,西武鉄道,tokyo,0,
3349839243,青海,Aomi,35.624754,139.7813,ゆりかもめ,,tokyo,0,
3349902307,台場,Daiba,35.625902,139.771422,ゆりかもめ,,tokyo,0,
3349902308,東京国際クルーズターミナル,Tokyo International Cruise Terminal,35.621401,139.773081,ゆりかもめ,ゆりかもめ東京臨海新交通臨海線,tokyo,0,
3349902309,お台場海浜公園,Odaiba-kaihinkoen,35.629872,139.778739,ゆりかもめ,,tokyo,0,
3349961077,有明,Ariake,35.634556,139.793256,ゆりかもめ,,tokyo,0,
3349961078,有明テニスの森,Ariake-Tennis-no-mori,35.640103,139.788792,ゆりかもめ,,tokyo,0,
3349961079,日の出,Hinode,35.649189,139.7591,ゆりかもめ,,tokyo|kanagawa,0,
3349961080,東京ビッグサイト,Tokyo Big Sight,35.630197,139.79137,ゆりかもめ,,tokyo,0,
3349961081,芝浦ふ頭,Shibaura-futo,35.641738,139.757772,ゆりかもめ,,tokyo|kanagawa,0,
3349961082,市場前,Shijō-mae,35.645771,139.785799,ゆりかもめ,,tokyo,0,
3349961083,新橋,Shimbashi,35.665348,139.759894,ゆりかもめ,ゆりかもめ東京臨海新交通臨海線,tokyo,0,
3349961084,新豊洲,Shin-toyosu,35.64877,139.790212,ゆりかもめ,,tokyo,0,
3349961085,汐留,Shiodome,35.662907,139.759972,ゆりかもめ,ゆりかもめ東京臨海新交通臨海線,tokyo,0,
3349961086,竹芝,Takeshiba,35.653974,139.761907,ゆりかもめ,,tokyo,0,
3349961087,テレコムセンター,Telecom Center,35.617566,139.779444,ゆりかもめ,,tokyo,0,
3349961088,豊洲,Toyosu,35.653748,139.79541,ゆりかもめ,,tokyo,0,
3357596414,成瀬,Naruse,35.535388,139.472847,東日本旅客鉄道,,tokyo|kanagawa,1,
3357596416,長津田,Nagatsuta,35.531704,139.495253,東日本旅客鉄道,,tokyo|kanagawa,1,
3547330602,蒲田,Kamata,35.562015,139.715819,東日本旅客鉄道,,tokyo|kanagawa,1,
3547330603,上中里,Kami-Nakazato,35.746579,139.74698,東日本旅客鉄道,,tokyo,1,
3547330604,川崎,Kawasaki,35.531404,139.696893,東日本旅客鉄道,,tokyo|kanagawa,1,
3547330605,西川口,Nishi-Kawaguchi,35.815583,139.704482,東日本旅客鉄道,,tokyo,1,
3547330606,大井町,Ōimachi,35.606381,139.73489,東日本旅客鉄道,京浜東北線,tokyo|kanagawa,1,
3547330607,王子,Ōji,35.752347,139.738275,東日本旅客鉄道,,tokyo,1,
3547330608,大森,Ōmori,35.588473,139.727933,東日本旅客鉄道,,tokyo|kanagawa,1,
3556466290,拝島,Haijima,35.721133,139.343626,東日本旅客鉄道,,tokyo,1,
3558446593,大師前,Daishimae,35.778875,139.781463,東武鉄道,東武鉄道,tokyo,0,
3558446594,西新井,Nishiarai,35.777253,139.790321,東武鉄道,東武鉄道,tokyo,0,
3558471784,東あずま,Higashi-azuma,35.707069,139.831808,東武鉄道,東武鉄道,tokyo|chiba,0,
3558471786,曳舟,Hikifune,35.718306,139.81675,東武鉄道,東武鉄道,tokyo|chiba,0,
3558471790,亀戸水神,Kameidosuijin,35.700085,139.833533,東武鉄道,,tokyo|chiba,0,
3558471792,小村井,Omurai,35.71028,139.827775,東武鉄道,東武鉄道,tokyo|chiba,0,
3613410677,参宮橋,Sangubashi,35.678741,139.693674,小田急電鉄,小田急電鉄,tokyo,0,
3623712582,下北沢,Shimo-Kitazawa,35.661566,139.66706,京王電鉄,,tokyo,0,
3623712584,明大前,Meidaimae,35.668434,139.650428,京王電鉄,,tokyo,0,
3623713008,渋谷,Shibuya,35.658537,139.69916,京王電鉄,,tokyo|kanagawa,0,
3624969353,中村橋,Nakamurabashi,35.736818,139.637811,西武鉄道,西武鉄道,tokyo,0,
3624969356,清瀬,Kiyose,35.772084,139.519819,西武鉄道,西武鉄道,tokyo,0,
3625068721,ひばりヶ丘,Hibarigaoka,35.751523,139.545533,西武鉄道,西武鉄道,tokyo,0,
3625203341,小手指,Kotesashi,35.800618,139.437792,西武鉄道,西武鉄道,tokyo,0,
3625203342,狭山ヶ丘,Sayamagaoka,35.810523,139.416712,西武鉄道,西武鉄道,tokyo,0,
3625203344,西所沢,Nishi-Tokorozawa,35.788957,139.456066,西武鉄道,西武鉄道,tokyo,0,
3625262338,練馬,Nerima,35.737877,139.654082,西武鉄道,西武鉄道,tokyo,0,
3625412826,東長崎,Higashi-Nagasaki,35.730261,139.682864,西武鉄道,西武鉄道,tokyo,0,
3647437884,戸田公園,Todakoen,35.807909,139.678195,東日本旅客鉄道,,tokyo,1,
3651186932,つくし野,Tsukushino,35.527637,139.48511,東京急行電鉄,,tokyo|kanagawa,0,
3656056035,代官山,Daikan-yama,35.648157,139.703293,東京急行電鉄,,tokyo|kanagawa,0,
3656056036,新丸子,Shin-maruko,35.580665,139.662052,東京急行電鉄,,tokyo|kanagawa,0,
3656464152,綾瀬,Ayase,35.762128,139.824867,東京地下鉄,,tokyo|chiba,0,
3666779220,浅草,Asakusa,35.711951,139.798368,東武鉄道,東武鉄道,tokyo,0,
3666779222,とうきょうスカイツリー,TOKYO SKYTREE,35.710692,139.811014,東武鉄道,,tokyo|chiba,0,
3666792383,押上〈スカイツリー前〉,Oshiage 'SKYTREE',35.710286,139.813294,京成電鉄;東京都交通局,,tokyo|chiba,0,
3668999960,明治神宮前〈原宿〉,Meiji-jingumae 'Harajuku',35.66897,139.70436,東京地下鉄,千代田線,tokyo,0,
3692259388,西大井,Nishi-Ōi,35.601866,139.721671,東日本旅客鉄道,,tokyo|kanagawa,1,
3693272761,尾久,Oku,35.746909,139.75366,東日本旅客鉄道,,tokyo,1,
3708279828,田町,Tamachi,35.645736,139.747683,東日本旅客鉄道,,tokyo|kanagawa,1,
3730429174,新木場,Shin-Kiba,35.646153,139.827406,東日本旅客鉄道,JR京葉線,tokyo|chiba,1,
3730686206,東村山,Higashi-Murayama,35.760474,139.465903,西武鉄道,,tokyo,0,
3730686211,小川,Ogawa,35.737409,139.463551,西武鉄道,西武鉄道,tokyo,0,
3730686212,豊島園,Toshimaen,35.742419,139.647977,西武鉄道,,tokyo,0,
3730703333,桜台,Sakuradai,35.738754,139.662384,西武鉄道,西武鉄道,tokyo,0,
3730703334,所沢,Tokorozawa,35.786791,139.47331,西武鉄道,西武鉄道,tokyo,0,
3893393986,橋本,Hashimoto,35.594869,139.344912,東日本旅客鉄道,,tokyo|kanagawa,1,
4011643453,新橋,Shimbashi,35.666169,139.758221,東日本旅客鉄道,,tokyo,1,
4011643454,品川,Shinagawa,35.628697,139.739129,東日本旅客鉄道,,tokyo|kanagawa,1,
4351266467,福生,Fussa,35.742331,139.327879,,,tokyo,0,
4351266479,羽村,Hamura,35.758352,139.316009,,,tokyo,0,
4351266481,東中神,Higashi-Nakagami,35.706367,139.384433,,,tokyo,0,
4351266693,中神,Nakagami,35.709026,139.37579,,,tokyo,0,
4351266695,西立川,Nishi-Tachikawa,35.703528,139.393634,東日本旅客鉄道,,tokyo,1,
4351266700,小作,Ozaku,35.776311,139.301923,,,tokyo,0,
4351266710,牛浜,Ushihama,35.734611,139.333601,,,tokyo,0,
4406782069,天空橋,Tenkubashi,35.548969,139.754377,東京モノレール,,tokyo|kanagawa,0,
4406782070,整備場,Seibijo,35.55528,139.753682,東京モノレール,,tokyo|kanagawa,0,
4406782071,昭和島,Showajima,35.570897,139.750008,東京モノレール,,tokyo|kanagawa,0,
4406782073,流通センター,Ryutsu Center,35.581682,139.749126,東京モノレール,,tokyo|kanagawa,0,
4406782074,大井競馬場前,Oikeibajo-Mae,35.59513,139.747057,東京モノレール,,tokyo|kanagawa,0,
4406782075,天王洲アイル,Tennozu Isle,35.622736,139.750795,東京モノレール,東京モノレール,tokyo|kanagawa,0,
4406983223,四ツ谷,Yotsuya,35.686059,139.730612,,,tokyo,0,
4406993248,後楽園,Korakuen,35.707337,139.751216,東京地下鉄,東京メトロ丸ノ内線,tokyo,0,
4409431301,荏原町,Ebara-machi,35.603856,139.70774,東急電鉄,東急電鉄,tokyo|kanagawa,0,
4416166080,九段下,Kudanshita,35.695908,139.751282,東京地下鉄,,tokyo,0,
4900640367,久地,Kuji,35.610598,139.592502,東日本旅客鉄道,,tokyo|kanagawa,1,
4920131710,小島新田,Kojimashinden,35.534767,139.747911,京浜急行電鉄,,tokyo|kanagawa,0,
5227138561,センター北,Center Kita,35.553314,139.578635,横浜市交通局,横浜市営地下鉄,tokyo|kanagawa,0,
5227138562,センター南,Center Minami,35.54529,139.574637,横浜市交通局,横浜市営地下鉄,tokyo|kanagawa,0,
5254306690,金町,Kanamachi,35.769584,139.870693,東日本旅客鉄道,,tokyo|chiba,1,
5318592733,東京貨物ターミナル,Tokyo Freight Terminal,35.595856,139.757791,JR貨物,,tokyo|kanagawa,0,
5392079473,四ツ谷,Yotsuya,35.685598,139.729501,,,tokyo,0,
5406685207,市ケ谷,Ichigaya,35.693203,139.736656,東京メト,東京メトロ南北線,tokyo,0,
5406690065,飯田橋,Iidabashi,35.701541,139.743635,東京地下鉄,,tokyo,0,
5406695969,後楽園,Korakuen,35.708264,139.751799,東京地下鉄,東京メトロ南北線,tokyo,0,
5406700296,本駒込,Hon-komagome,35.724763,139.753701,,,tokyo,0,
5406704191,駒込,Komagome,35.735987,139.746761,,,tokyo,0,
5406714005,王子,Oji,35.753962,139.737524,東京メトロ,,tokyo,0,
5406718981,赤羽岩淵,Akabane-iwabuchi,35.783448,139.7221,,,tokyo,0,
5408169522,新宿三丁目,Shinjuku-sanchome,35.690736,139.70476,東京地下鉄,副都心線,tokyo,0,
5408201206,氷川台,Hikawadai,35.749782,139.665008,,,tokyo,0,
5408201207,平和台,Heiwadai,35.757689,139.654137,,,tokyo,0,
5408201208,地下鉄赤塚,Chikatetsu-akatsuka,35.769923,139.644126,東京地下鉄,,tokyo,0,
5408201209,地下鉄成増,Chikatetsu-narimasu,35.776695,139.631247,東京地下鉄,,tokyo,0,
5408205539,和光市,Wakoshi,35.78841,139.612673,東京地下鉄,東京メトロ副都心線,tokyo,0,
5408217482,高田馬場,Takadanobaba,35.713381,139.705019,東京地下鉄,,tokyo,0,
5408225235,早稲田,Waseda,35.705803,139.721191,東京地下鉄,東京メトロ東西線,tokyo,0,
5408235029,神楽坂,Kagurazaka,35.70393,139.734135,,,tokyo,0,
5408242400,飯田橋,Iidabashi,35.701714,139.745994,東京地下鉄,東京メトロ東西線,tokyo,0,
5408256884,竹橋,Takebashi,35.690099,139.758748,東京地下鉄,東京メトロ東西線,tokyo,0,
5408257692,日本橋,Nihombashi,35.682208,139.774493,,,tokyo,0,
5409191613,三田,Mita,35.647662,139.748398,東京都交通局,都営地下鉄,tokyo|kanagawa,0,
5409192473,大手町,Otemachi,35.684016,139.762664,東京都交通局,都営地下鉄,tokyo,0,
5409193801,水道橋,Suidobashi,35.703514,139.755154,東京都交通局,都営地下鉄,tokyo,0,
5409196590,春日,Kasuga,35.70988,139.753184,東京都交通局,都営地下鉄,tokyo,0,
5409203621,白山,Hakusan,35.721505,139.752158,東京都交通局,都営地下鉄,tokyo,0,
5409203742,千石,Sengoku,35.727712,139.744995,東京都交通局,都営地下鉄,tokyo,0,
5409208380,巣鴨,Sugamo,35.733787,139.738219,東京都交通局,都営地下鉄,tokyo,0,
5409272742,池袋,Ikebukuro,35.731142,139.708944,東京メトロ,,tokyo,0,108
5410120851,上北沢,Kami-kitazawa,35.668853,139.623291,,,tokyo,0,
5410124418,代々木,Yoyogi,35.683569,139.701597,,,tokyo,0,
5411585752,仲御徒町,Naka-okachimachi,35.706491,139.776195,東京地下鉄,,tokyo,0,
5594490948,住吉,Sumiyoshi,35.688996,139.815685,東京地下鉄;東京都交通局,,tokyo|chiba,0,
5594511143,森下,Morishita,35.687998,139.797044,東京都交通局,都営地下鉄,tokyo,0,
5594511144,清澄白河,Kiyosumi-shirakawa,35.68205,139.798764,東京地下鉄;東京都交通局,都営地下鉄;東京メトロ,tokyo,0,
5867904899,荒川遊園地前,Arakawa-yuenchimae,35.750677,139.757911,,,tokyo,0,
6009189919,百草園,Mogusaen,35.657526,139.430911,京王電鉄,,tokyo|kanagawa,0,
6011451203,多摩動物公園,Tama-Dobutsukoen,35.648666,139.403734,多摩都市モノレール,,tokyo|kanagawa,0,
6054786520,京王八王子,Keiō-hachiōji,35.657923,139.343019,京王電鉄,,tokyo|kanagawa,0,
6057309187,稲城長沼,Inagi-Naganuma,35.644457,139.502202,東日本旅客鉄道,,tokyo|kanagawa,1,
6057309188,南多摩,Minami-Tama,35.649281,139.489898,東日本旅客鉄道,,tokyo|kanagawa,1,
6057744442,戸越公園,Togoshi-koen,35.608911,139.718185,東急電鉄,東急電鉄,tokyo|kanagawa,0,
6057744443,中延,Nakanobu,35.605926,139.712883,東急電鉄,東急電鉄,tokyo|kanagawa,0,
6057744444,下神明,Shimo-simmei,35.608781,139.72625,,東急電鉄,tokyo|kanagawa,0,
6057804601,モノレール浜松町,Monorail Hamamatsucho,35.655401,139.756728,モノレール浜松町,東京モノレール,tokyo|kanagawa,0,
6063546675,亀戸,Kameido,35.697699,139.827138,東武鉄道,東武鉄道,tokyo|chiba,0,
6131416650,日吉,Hiyoshi,35.553469,139.646875,東急電鉄,東急電鉄,tokyo|kanagawa,0,
6140211238,井荻,Iogi,35.72469,139.615236,西武鉄道,西武鉄道,tokyo,0,
6179550652,赤坂見附,Akasaka-mitsuke,35.676321,139.737525,東京地下鉄,東京メトロ丸ノ内線;銀座線,tokyo,0,
6184838874,小川町,Ogawamachi,35.694947,139.766299,東京都交通局,都営地下鉄,tokyo,0,
6186032720,神保町,Jimbocho,35.695008,139.758269,東京都交通局,都営地下鉄,tokyo,0,
6186649798,神保町,Jimbocho,35.695927,139.757205,東京地下鉄,東京メトロ半蔵門線,tokyo,0,
6189867178,九段下,Kudanshita,35.695369,139.750378,東京地下鉄,都営地下鉄新宿線,tokyo,0,
6189867179,九段下,Kudanshita,35.69523,139.750507,東京地下鉄,,tokyo,0,
6190974817,湯島,Yushima,35.707333,139.77001,東京地下鉄,東京メトロ千代田線,tokyo,0,
6191130324,日比谷,Hibiya,35.67373,139.75835,東京地下鉄;東京都交通局,東京メトロ,tokyo,0,
6192618377,桜田門,Sakuradamon,35.677401,139.751576,東京地下鉄,東京メトロ有楽町線,tokyo,0,
6193465461,日比谷,Hibiya,35.67624,139.760197,東京地下鉄;東京都交通局,都営地下鉄,tokyo,0,
6193611538,有楽町,Yurakucho,35.675969,139.762136,東京地下鉄,東京メトロ有楽町線,tokyo,0,
6193732167,東京,Tokyo,35.682017,139.764958,東京地下鉄,東京メトロ丸ノ内線,tokyo,0,1039
6195254304,霞ケ関,Kasumigaseki,35.672501,139.751622,東京地下鉄,千代田線,tokyo,0,
6196655597,霞ケ関,Kasumigaseki,35.673854,139.751057,東京地下鉄,東京メト,tokyo,0,
6198306276,霞ケ関,Kasumigaseki,35.674217,139.752717,東京地下鉄,,tokyo,0,
6199739250,新御茶ノ水,Shin-ochanomizu,35.697218,139.765626,東京地下鉄,,tokyo,0,
6199814789,上野御徒町,Ueno-okachimachi,35.707977,139.7733,東京都交通局,都営地下鉄,tokyo,0,
6202341257,国会議事堂前,Kokkai-gijidomae,35.673689,139.743426,東京地下鉄,"千代田線, 丸ノ内線, 銀座線, 南北線",tokyo,0,
6202373220,溜池山王,Tameike-sanno,35.67299,139.741424,東京地下鉄,,tokyo,0,
6203282789,溜池山王,Tameike-sanno,35.671534,139.741961,東京地下鉄,,tokyo,0,
6203591949,都庁前,Tochomae,35.690607,139.692814,東京都交通局,都営地下鉄,tokyo,0,
6205618547,代々木公園,Yoyogi-koen,35.669032,139.690122,東京地下鉄,千代田線,tokyo,0,
6206496012,国立競技場,Kokuritsu-kyogijo,35.6801,139.713944,東京都交通局,都営地下鉄,tokyo,0,
6206669779,二重橋前〈丸の内〉,Nijubashimae 'Marunouchi',35.680321,139.761616,東京地下鉄,千代田線,tokyo,0,
6208064122,半蔵門,Hanzomon,35.685221,139.741583,東京地下鉄,,tokyo,0,
6209017478,新御徒町,Shin-okachimachi,35.70706,139.781843,東京都交通局,都営地下鉄,tokyo,0,
6209071059,新御徒町,Shin-Okachimachi,35.707011,139.782029,首都圏新都市鉄道,,tokyo,0,
6210190874,赤坂,Akasaka,35.672224,139.736388,東京地下鉄,千代田線,tokyo,0,
6211575889,東雲,Shinonome,35.64073,139.803623,東京臨海高速鉄道,,tokyo|chiba,0,
6211575890,東京テレポート,Tokyo Teleport,35.627093,139.778091,東京臨海高速鉄道,,tokyo,0,
6211678481,天王洲アイル,Tennozu Isle,35.620579,139.750878,東京臨海高速鉄道,,tokyo|kanagawa,0,
6211678482,品川シーサイド,Shinagawa Seaside,35.60972,139.749877,東京臨海高速鉄道,,tokyo|kanagawa,0,
6211678483,大井町,Oimachi,35.607443,139.734412,東京臨海高速鉄道,,tokyo|kanagawa,0,
6214783969,国際展示場,Kokusai-tenjijo,35.634437,139.791755,東京臨海高速鉄道,,tokyo,0,
6214910740,新木場,Shin-kiba,35.645905,139.82666,東京地下鉄,,tokyo|chiba,0,
6217547168,中野坂上,Nakano-sakaue,35.697117,139.68175,東京地下鉄,,tokyo,0,
6217625964,中野坂上,Nakano-sakaue,35.697284,139.682921,東京都交通局,都営地下鉄,tokyo,0,
6219132765,表参道,Omote-sando,35.665161,139.712543,東京地下鉄,銀座線;千代田線;半蔵門線,tokyo,0,
6219204314,渋谷,Shibuya,35.658999,139.702445,東京地下鉄,銀座線,tokyo|kanagawa,0,
6219636719,渋谷,Shibuya,35.65845,139.702843,東急電鉄,東急電鉄;東京地下鉄,tokyo|kanagawa,0,
6219656544,渋谷,Shibuya,35.659501,139.701972,,,tokyo|kanagawa,0,
6227812514,六本木一丁目,Roppongi-itchome,35.664973,139.738849,東京地下鉄,,tokyo,0,
6229725460,リゾートゲートウェイ・ステーション,Resort Gateway Station,35.635263,139.885117,舞浜リゾートライン,ディズニーリゾートライン,tokyo|chiba,0,
6230838993,新橋,Shimbashi,35.667189,139.758859,東京地下鉄,ロ銀座線,tokyo,0,
6231153217,新橋,Shimbashi,35.665401,139.759388,東京都交通局,都営地下鉄,tokyo,0,
6231304485,日比谷,Hibiya,35.674417,139.760332,東京地下鉄,日比谷線,tokyo,0,
6231339938,汐留,Shiodome,35.663238,139.760272,東京都交通局,都営地下鉄,tokyo,0,
6233834712,芝公園,Shibakoen,35.654237,139.749892,東京都交通局,都営地下鉄,tokyo|kanagawa,0,
6234960537,舎人,Toneri,35.805663,139.770116,東京都交通局,,tokyo,0,
6234960538,舎人公園,Toneri-koen,35.796371,139.770161,東京都交通局,,tokyo,0,
6234995903,谷在家,Yazaike,35.78873,139.770052,東京都交通局,,tokyo,0,
6234995904,江北,Kohoku,35.773808,139.770311,東京都交通局,,tokyo,0,
6234995905,高野,Koya,35.76851,139.770699,東京都交通局,,tokyo,0,
6234995906,扇大橋,Ogi-ohashi,35.763969,139.770826,東京都交通局,,tokyo,0,
6235000937,足立小台,Adachi-odai,35.754694,139.770382,東京都交通局,日暮里・舎人ライナー,tokyo,0,
6235000939,熊野前,Kumanomae,35.748499,139.769844,東京都交通局,,tokyo,0,
6235008973,西新井大師西,Nishiaraidaishi-nishi,35.781512,139.770084,東京都交通局,,tokyo,0,
6235968753,早稲田,Waseda,35.711807,139.71917,東京都交通局,,tokyo,0,
6236061923,面影橋,Omokagebashi,35.713006,139.714259,東京都交通局,,tokyo,0,
6236080112,学習院下,Gakushuinshita,35.716354,139.712521,東京都交通局,,tokyo,0,
6236080113,都電雑司ヶ谷,Toden-zoshigaya,35.724199,139.717931,東京都交通局,,tokyo,0,
6236080114,東池袋四丁目,Higashi-ikebukuro-yonchome,35.725274,139.72017,東京都交通局,,tokyo,0,
6236080117,向原,Mukohara,35.729041,139.725093,東京都交通局,,tokyo,0,
6236325155,巣鴨新田,Sugamoshinden,35.735513,139.727743,東京都交通局,,tokyo,0,
6236350648,庚申塚,Koshinzuka,35.739604,139.729722,東京都交通局,,tokyo,0,
6236350649,新庚申塚,Shin-koshinzuka,35.741524,139.730634,東京都交通局,,tokyo,0,
6236350650,西ヶ原四丁目,Nishigahara-yonchome,35.744569,139.732939,東京都交通局,,tokyo,0,
6236367099,王子駅前,Oji-ekimae,35.752741,139.738261,東京都交通局,,tokyo,0,
6236471539,荒川車庫前,Arakawa-shakomae,35.750891,139.752713,東京都交通局,,tokyo,0,
6236482425,小台,Odai,35.750519,139.762029,東京都交通局,,tokyo,0,
6236490715,宮ノ前,Miyanomae,35.750047,139.765247,東京都交通局,,tokyo,0,
6236498188,熊野前,Kumanomae,35.749117,139.7697,東京都交通局,,tokyo,0,
6237073657,東尾久三丁目,Higashi-ogu-sanchome,35.745575,139.774083,東京都交通局,,tokyo,0,
6237151013,浅草,Asakusa,35.710842,139.797816,東京地下鉄,,tokyo,0,
6237880982,南千住,Minami-senju,35.732354,139.798802,東京地下鉄,,tokyo,0,
6237955644,北千住,Kita-Senju,35.748916,139.804754,東日本旅客鉄道,,tokyo|chiba,1,
6238841525,秋葉原,Akihabara,35.69883,139.774302,首都圏新都市鉄道,,tokyo,0,
6238851056,岩本町,Iwamotocho,35.695614,139.775318,東京都交通局,都営地下鉄,tokyo,0,
6240615686,秋葉原,Akihabara,35.698462,139.775504,東京地下鉄,,tokyo,0,
6240689967,日本橋,Nihombashi,35.682084,139.773398,東京地下鉄,,tokyo,0,
6240710301,日本橋,Nihombashi,35.681831,139.77581,東京都交通局,都営地下鉄,tokyo,0,
6242231340,三越前,Mitsukoshimae,35.687054,139.773628,東京地下鉄,Tokyo Metro Ginza Line,tokyo,0,
6244588865,春日,Kasuga,35.70849,139.752741,東京都交通局,都営地下鉄,tokyo,0,
6254457082,祐天寺,Yutenji,35.637575,139.691007,東京急行電鉄,,tokyo|kanagawa,0,
6254460285,学芸大学,Gakugei-daigaku,35.628947,139.685347,東京急行電鉄,,tokyo|kanagawa,0,
6254479996,自由が丘,Jiyugaoka,35.607538,139.668828,東急電鉄,東急電鉄,tokyo|kanagawa,0,
6254493955,田園調布,Den-en-chofu,35.59689,139.667368,東京急行電鉄,,tokyo|kanagawa,0,
6254516169,武蔵小杉,Musashi-kosugi,35.575745,139.659675,東京急行電鉄,,tokyo|kanagawa,0,
6254520499,元住吉,Motosumiyoshi,35.564449,139.654064,東京急行電鉄,,tokyo|kanagawa,0,
6254629280,綱島,Tsunashima,35.536742,139.634683,東京急行電鉄,,tokyo|kanagawa,0,
6261787929,市ケ谷,Ichigaya,35.69238,139.736689,東京地下鉄,東京メトロ有楽町線,tokyo,0,
6270528135,飯田橋,Iidabashi,35.703133,139.745708,東京都交通局,都営地下鉄,tokyo,0,
6271990033,銀座,Ginza,35.672841,139.763103,東京地下鉄,,tokyo,0,
6272010117,銀座,Ginza,35.672071,139.763893,東京地下鉄,,tokyo,0,
6272039605,銀座,Ginza,35.671462,139.765299,東京地下鉄,,tokyo,0,
6274211194,豊洲,Toyosu,35.65493,139.796174,東京地下鉄,,tokyo,0,
6277490559,明治神宮前〈原宿〉,Meiji-jingumae 'Harajuku',35.668421,139.705341,東京地下鉄,副都心線,tokyo,0,
6278523326,月島,Tsukishima,35.664645,139.784564,東京地下鉄,,tokyo,0,
6279803459,泉岳寺,Sengakuji,35.638781,139.740061,東京都交通局,,tokyo|kanagawa,0,
6280924992,新宿三丁目,Shinjuku-sanchome,35.691196,139.704094,東京地下鉄,丸ノ内線,tokyo,0,
6281454731,新宿三丁目,Shinjuku-sanchome,35.690601,139.70626,東京都交通局,新宿線,tokyo,0,
6283010875,西武新宿,Seibu-Shinjuku,35.695402,139.700025,西武鉄道,西武鉄道,tokyo,0,
6283384525,新宿,Shinjuku,35.690583,139.69911,,,tokyo,0,866
6284888995,青山一丁目,Aoyama-itchome,35.67278,139.724019,東京地下鉄;東京都交通局,都営地下鉄,tokyo,0,
6287277218,程久保,Hodokubo,35.655287,139.41083,多摩都市モノレール,,tokyo|kanagawa,0,
6287291406,中央大学・明星大学,Chuo-Daigaku･Meisei-Daigaku,35.641883,139.408764,多摩都市モノレール,,tokyo|kanagawa,0,
6287291407,大塚・帝京大学,Otsuka･Teikyo-Daigaku,35.636892,139.416475,多摩都市モノレール,,tokyo|kanagawa,0,
6287291409,松が谷,Matsugaya,35.631822,139.422067,多摩都市モノレール,,tokyo|kanagawa,0,
6289331413,奥沢,Okusawa,35.604026,139.672738,,,tokyo|kanagawa,0,
6289646643,洗足,Senzoku,35.610151,139.694166,,,tokyo|kanagawa,0,
6289655849,武蔵小山,Musashi-koyama,35.620561,139.704573,,,tokyo|kanagawa,0,
6289699814,不動前,Fudo-mae,35.625342,139.713046,,,tokyo|kanagawa,0,
6289850738,大岡山,Ookayama,35.607416,139.685701,,,tokyo|kanagawa,0,
6289932019,旗の台,Hatanodai,35.604888,139.702588,,東急電鉄,tokyo|kanagawa,0,
6289932022,北千束,Kita-senzoku,35.606547,139.692888,,東急電鉄,tokyo|kanagawa,0,
6290069795,緑が丘,Midorigaoka,35.60656,139.679015,,東急電鉄,tokyo|kanagawa,0,
6290069797,自由が丘,Jiyugaoka,35.607555,139.669277,東急電鉄,東急電鉄,tokyo|kanagawa,0,
6290069800,尾山台,Oyamadai,35.607036,139.653751,東急電鉄,東急電鉄,tokyo|kanagawa,0,
6290069807,上野毛,Kaminoge,35.611986,139.638886,東急電鉄,東急電鉄,tokyo|kanagawa,0,
6290166708,宮崎台,Miyazakidai,35.587053,139.591125,東京急行電鉄,,tokyo|kanagawa,0,
6291466014,蒲田,Kamata,35.561752,139.714726,東急電鉄,東急電鉄,tokyo|kanagawa,0,
6293444409,東銀座,Higashi-Ginza,35.669819,139.767258,東京都交通局,都営地下鉄,tokyo,0,
6329152325,神田,Kanda,35.693715,139.77089,東京地下鉄,,tokyo,0,
6333133527,銀座一丁目,Ginza-itchome,35.674347,139.767033,東京地下鉄,,tokyo,0,
6335374288,辰巳,Tatsumi,35.645477,139.810739,東京地下鉄,,tokyo|chiba,0,
6352945230,御成門,Onarimon,35.660801,139.751359,東京都交通局,都営地下鉄,tokyo,0,
6353024187,水天宮前,Suitengumae,35.682524,139.78564,東京地下鉄,,tokyo,0,
6376099903,浜町,Hamacho,35.688474,139.788142,東京都交通局,,tokyo,0,
6384602191,小菅,Kosuge,35.758673,139.812643,東武鉄道,東武鉄道,tokyo|chiba,0,
6385541609,東久留米,Higashi-Kurume,35.760251,139.534085,西武鉄道,西武鉄道,tokyo,0,
6419817925,西武立川,Seibu-Tachikawa,35.726298,139.370481,西武鉄道,西武鉄道,tokyo,0,
6423969022,荻窪,Ogikubo,35.704274,139.620027,東京地下鉄,,tokyo,0,
6440614866,勝どき,Kachidoki,35.658962,139.777175,東京都交通局,都営地下鉄,tokyo,0,
6443199834,乃木坂,Nogizaka,35.666665,139.726365,東京地下鉄,東京メトロ,tokyo,0,
6443282063,山下,Yamashita,35.653824,139.646516,東京急行電鉄,,tokyo|kanagawa,0,
6449441183,八丁堀,Hatchōbori,35.674624,139.777657,東日本旅客鉄道,,tokyo,1,
6449745750,矢向,Yako,35.539182,139.680512,東日本旅客鉄道,,tokyo|kanagawa,1,
6449758169,鹿島田,Kashimada,35.551547,139.675013,東日本旅客鉄道,,tokyo|kanagawa,1,
6449758171,平間,Hirama,35.560975,139.670934,東日本旅客鉄道,,tokyo|kanagawa,1,
6449763668,向河原,Mukaigawara,35.572958,139.667219,東日本旅客鉄道,南武線,tokyo|kanagawa,1,
6449776501,武蔵小杉,Musashi-Kosugi,35.576624,139.660717,東日本旅客鉄道,,tokyo|kanagawa,1,
6449866654,分倍河原,Bubaigawara,35.668447,139.468995,東日本旅客鉄道,,tokyo,1,
6449866655,分倍河原,Bubaigawara,35.668598,139.468557,京王電鉄,,tokyo,0,
6511944763,麻布十番,Azabu-juban,35.656501,139.736161,東京都交通局,都営地下鉄,tokyo|kanagawa,0,
6545039555,江戸川橋,Edogawabashi,35.709516,139.733564,東京地下鉄,東京メトロ,tokyo,0,
6545122783,護国寺,Gokokuji,35.719079,139.727463,東京地下鉄,,tokyo,0,
6547961657,錦糸町,Kinshicho,35.696312,139.815043,東京地下鉄,,tokyo|chiba,0,
6548175855,東新宿,Higashi-shinjuku,35.697897,139.707544,東京都交通局,都営地下鉄,tokyo,0,
6548181146,光が丘,Hikarigaoka,35.758552,139.62938,東京都交通局,都営地下鉄,tokyo,0,
6565174777,甲州街道,Koshukaido,35.6783,139.409208,多摩都市モノレール,,tokyo,0,
6565174778,柴崎体育館,Shibasaki-Taiikukan,35.689923,139.409404,多摩都市モノレール,,tokyo,0,
6565195595,万願寺,Manganji,35.671277,139.420066,多摩都市モノレール,,tokyo,0,
6565229386,立川南,Tachikawa-Minami,35.696146,139.4126,多摩都市モノレール,,tokyo,0,
6780107531,中野島,Nakanoshima,35.630115,139.550683,東日本旅客鉄道,,tokyo|kanagawa,1,
6780109836,秋葉原,Akihabara,35.698361,139.773122,東日本旅客鉄道,,tokyo,1,
6790770682,朝霞台,Asakadai,35.814657,139.586876,東武鉄道,東武鉄道,tokyo,0,
6802293266,市が尾,Ichigao,35.551348,139.541281,東急電鉄,,tokyo|kanagawa,0,
6802306080,たまプラーザ,Tama-plaza,35.577527,139.558874,東急電鉄,,tokyo|kanagawa,0,
6802316527,あざみ野,Azamino,35.568678,139.55343,東急電鉄,,tokyo|kanagawa,0,
6802356976,鷺沼,Saginuma,35.579444,139.572855,東急電鉄,東急電鉄,tokyo|kanagawa,0,
6802358403,宮前平,Miyamaedaira,35.584962,139.582039,東京急行電鉄,,tokyo|kanagawa,0,
6806051378,原宿,Harajuku,35.670215,139.702427,東日本旅客鉄道,,tokyo,1,
6810298549,幡ヶ谷,Hatagaya,35.677232,139.676829,京王電鉄,,tokyo,0,
6810298550,笹塚,Sasazuka,35.67368,139.667232,京王電鉄,,tokyo,0,
6812265365,中野新橋,Nakano-shimbashi,35.692021,139.673804,東京地下鉄,,tokyo,0,
7034774100,十条,Jūjō,35.760008,139.722307,東日本旅客鉄道,,tokyo,1,
7040358380,多摩境,Tamasakai,35.602052,139.367122,京王電鉄,,tokyo|kanagawa,0,
7093641218,池袋,Ikebukuro,35.730442,139.710745,Tojoouter,,tokyo,0,108
7096836747,藤が丘,Fujigaoka,35.543498,139.527979,東京急行電鉄,,tokyo|kanagawa,0,
7096971520,田奈,Tana,35.536257,139.504908,東京急行電鉄,,tokyo|kanagawa,0,
7097139114,野方,Nogata,35.719696,139.653126,西武鉄道,西武鉄道,tokyo,0,
7099127364,東秋留,Higashi-Akiru,35.725938,139.310996,,,tokyo,0,
7140328435,麻布十番,Azabu-juban,35.655179,139.737151,東京地下鉄,,tokyo|kanagawa,0,
7179667422,亀有,Kameari,35.766665,139.847801,東日本旅客鉄道,,tokyo|chiba,1,
7179891194,南千住,Minami-Senju,35.732854,139.798818,首都圏新都市鉄道,,tokyo,0,
7351835252,北朝霞,Kita-Asaka,35.815317,139.586997,東日本旅客鉄道,,tokyo,1,
7351964083,新秋津,Shin-Akitsu,35.777873,139.493386,東日本旅客鉄道,,tokyo,1,
7382935074,新桜台,Shin-Sakuradai,35.74109,139.668621,西武鉄道,,tokyo,0,
7411618655,武蔵藤沢,Musashi-Fujisawa,35.821335,139.412567,西武鉄道,西武鉄道,tokyo,0,
7412555523,浅草,Asakusa,35.713617,139.792416,首都圏新都市鉄道,,tokyo,0,
7430288084,江古田,Ekoda,35.737569,139.672789,西武鉄道,西武鉄道,tokyo,0,
7430368356,下落合,Shimo-Ochiai,35.715766,139.695438,西武鉄道,西武鉄道,tokyo,0,
7430375681,新井薬師前,Araiyakushi-mae,35.715729,139.672568,西武鉄道,西武鉄道,tokyo,0,
7430377036,中井,Nakai,35.715089,139.686289,西武鉄道,西武鉄道,tokyo,0,
7481965874,草加,Soka,35.828252,139.803362,東武鉄道,東武鉄道,tokyo,0,
7482027434,梅島,Umejima,35.772378,139.797991,東武鉄道,,tokyo,0,
7482027435,五反野,Gotanno,35.765959,139.809497,東武鉄道,東武鉄道,tokyo|chiba,0,
7482043457,堀切,Horikiri,35.743258,139.817699,東武鉄道,東武鉄道,tokyo|chiba,0,
7482077157,東向島,Higashi-mukojima,35.724334,139.819308,東武鉄道,,tokyo|chiba,0,
7482077160,鐘ヶ淵,Kanegafuchi,35.733735,139.820523,東武鉄道,,tokyo|chiba,0,
7483347890,竹ノ塚,Takenotsuka,35.79448,139.790843,東武鉄道,,tokyo,0,
7502284289,高輪ゲートウェイ,Takanawa Gateway,35.635399,139.740664,東日本旅客鉄道,,tokyo|kanagawa,1,
7580612129,橋本,Hashimoto,35.594997,139.343965,京王電鉄,,tokyo|kanagawa,0,
7601088838,仲町台,Nakamachidai,35.535309,139.589601,横浜市交通局,横浜市営地下鉄,tokyo|kanagawa,0,
7661834794,南新宿,Minami-Shinjuku,35.683707,139.698857,小田急電鉄,小田急電鉄,tokyo,0,
7674844435,五月台,Satsukidai,35.600175,139.493614,小田急電鉄,小田急電鉄,tokyo|kanagawa,0,
7674863409,小田急永山,Odakyu Nagayama,35.629933,139.44821,小田急電鉄,小田急電鉄,tokyo|kanagawa,0,
7674874324,はるひ野,Haruhino,35.61884,139.464619,小田急電鉄,小田急電鉄,tokyo|kanagawa,0,
7674885449,黒川,Kurokawa,35.613233,139.470742,小田急電鉄,,tokyo|kanagawa,0,
7674893894,栗平,Kurihira,35.60608,139.480889,小田急電鉄,,tokyo|kanagawa,0,
7678485635,喜多見,Kitami,35.636529,139.586871,小田急電鉄,小田急電鉄,tokyo|kanagawa,0,
7678517553,和泉多摩川,Izumi-Tamagawa,35.627512,139.573727,小田急電鉄,,tokyo|kanagawa,0,
7681378384,下高井戸,Shimo-takaido,35.666134,139.641595,京王電鉄,,tokyo,0,
7681380424,三軒茶屋,Sangen-jaya,35.644059,139.669068,東急電鉄,,tokyo|kanagawa,0,
7681383448,西太子堂,Nishi-taishido,35.644586,139.666303,,,tokyo|kanagawa,0,
7681383449,若林,Wakabayashi,35.645952,139.659857,,,tokyo|kanagawa,0,
7681390222,松陰神社前,Shoin-jinja-mae,35.643938,139.65519,,,tokyo|kanagawa,0,
7681390223,世田谷,Setagaya,35.643507,139.650809,,,tokyo|kanagawa,0,
7681390224,上町,Kamimachi,35.643245,139.646828,東急,東急世田谷線,tokyo|kanagawa,0,
7681398785,宮の坂,Miyanosaka,35.647825,139.644989,,,tokyo|kanagawa,0,
7681398788,松原,Matsubara,35.660117,139.641968,,,tokyo,0,
7682830399,代田橋,Daitabashi,35.67096,139.658753,京王電鉄,,tokyo,0,
7682838109,桜上水,Sakurajosui,35.667563,139.632011,京王電鉄,,tokyo,0,
7682843594,芦花公園,Roka-koen,35.670582,139.608395,京王電鉄,,tokyo,0,
7682885667,千歳烏山,Chitose-karasuyama,35.668004,139.600852,,,tokyo,0,
7682885684,仙川,Sengawa,35.662345,139.585016,京王電鉄,,tokyo,0,
7682908517,つつじヶ丘,Tsutsujigaoka,35.658067,139.575243,京王電鉄,,tokyo|kanagawa,0,
7682938186,柴崎,Shibasaki,35.654242,139.567044,京王電鉄,,tokyo|kanagawa,0,
7682968810,布田,Fuda,35.649866,139.55176,京王電鉄,,tokyo|kanagawa,0,
7682981674,府中,Fuchu,35.672219,139.480009,,,tokyo,0,
7683003648,聖蹟桜ヶ丘,Seiseki-sakuragaoka,35.650854,139.447045,京王電鉄,,tokyo|kanagawa,0,
7683007940,多磨霊園,Tama-reien,35.666112,139.503018,京王電鉄,,tokyo,0,
7683014978,東府中,Higashi-fuchu,35.6689,139.495146,京王電鉄,,tokyo,0,
7683040566,中河原,Nakagawara,35.65961,139.457954,京王電鉄,,tokyo|kanagawa,0,
7683043067,多摩動物公園,Tama-dobutsukoen,35.649108,139.404505,京王電鉄,,tokyo|kanagawa,0,
7683074728,平山城址公園,Hirayamajoshi-koen,35.647517,139.380331,京王電鉄,,tokyo|kanagawa,0,
7683105642,南平,Minamidaira,35.65464,139.391956,京王電鉄,,tokyo|kanagawa,0,
7683115271,長沼,Naganuma,35.642798,139.365931,京王電鉄,,tokyo|kanagawa,0,
7683133748,北野,Kitano,35.644604,139.354084,京王電鉄,,tokyo|kanagawa,0,
7683200691,国領,Kokuryo,35.650216,139.558541,京王電鉄,,tokyo|kanagawa,0,
7729930380,浮島町,Ukishimachō,35.526107,139.778083,神奈川臨海鉄道,,tokyo,0,
7749777844,高松,Takamatsu,35.710152,139.413274,多摩都市モノレール,,tokyo,0,
7749786872,立飛,Tachihi,35.714451,139.417196,多摩都市モノレール,,tokyo,0,
7749786873,泉体育館,Izumi-Taiikukan,35.718818,139.419545,多摩都市モノレール,,tokyo,0,
7749786874,砂川七番,Sunagawa-Nanaban,35.723375,139.418131,多摩都市モノレール,,tokyo,0,
7749786875,桜街道,Sakurakaido,35.739065,139.416651,多摩都市モノレール,,tokyo,0,
7749786876,上北台,Kamikitadai,35.745881,139.415857,多摩都市モノレール,,tokyo,0,
7749849503,あざみ野,Azamino,35.568046,139.553611,横浜市交通局,横浜市営地下鉄,tokyo|kanagawa,0,
7749869512,中川,Nakagawa,35.562907,139.569952,横浜市交通局,横浜市営地下鉄,tokyo|kanagawa,0,
7750187059,新羽,Nippa,35.527496,139.612034,横浜市交通局,横浜市営地下鉄,tokyo|kanagawa,0,
7750187061,センター南,Center Minami,35.54541,139.574269,横浜市交通局,横浜市営地下鉄,tokyo|kanagawa,0,
7756039207,三郷中央,Misato-chuo,35.824554,139.878411,首都圏新都市鉄道,,tokyo,0,
7756040183,八潮,Yashio,35.807828,139.844865,首都圏新都市鉄道,,tokyo,0,
7761779877,西新宿五丁目,Nishi-shinjuku-gochome,35.689884,139.684518,東京都交通局,都営地下鉄,tokyo,0,
7763479268,保谷,Hoya,35.748302,139.567365,西武鉄道,西武鉄道,tokyo,0,
7772733582,川和町,Kawawacho,35.52848,139.54916,横浜市交通局,横浜市営地下鉄,tokyo|kanagawa,0,
7772737929,都筑ふれあいの丘,Tsuzuki-fureainooka,35.536552,139.561298,横浜市交通局,横浜市営地下鉄,tokyo|kanagawa,0,
7772745205,日吉,Hiyoshi,35.553444,139.646482,横浜市交通局,横浜市営地下鉄,tokyo|kanagawa,0,
7772745206,日吉本町,Hiyoshi-honcho,35.550066,139.633623,横浜市交通局,横浜市営地下鉄,tokyo|kanagawa,0,
7772745207,高田,Takata,35.549678,139.620052,横浜市交通局,横浜市営地下鉄,tokyo|kanagawa,0,
7772745208,東山田,Higashi-yamata,35.554173,139.60469,横浜市交通局,横浜市営地下鉄,tokyo|kanagawa,0,
7772745209,北山田,Kita-yamata,35.560969,139.592741,横浜市交通局,横浜市営地下鉄,tokyo|kanagawa,0,
7772934663,都立大学,Toritsu-daigaku,35.617543,139.676184,東急電鉄,東急電鉄,tokyo|kanagawa,0,
7775803876,北参道,Kita-sando,35.678497,139.705414,東京地下鉄,,tokyo,0,
7775803878,西早稲田,Nishi-waseda,35.707935,139.70904,東京地下鉄,,tokyo,0,
7777176885,根津,Nezu,35.717391,139.765717,東京地下鉄,,tokyo,0,
7777176985,町屋,Machiya,35.742178,139.78009,東京地下鉄,,tokyo,0,
7777177085,千駄木,Sendagi,35.725568,139.763246,東京地下鉄,,tokyo,0,
7777248385,川口元郷,Kawaguchi-motogo,35.800121,139.730005,埼玉高速鉄道,,tokyo,0,
7777248485,赤羽橋,Akabanebashi,35.655041,139.743983,東京都交通局,都営地下鉄,tokyo|kanagawa,0,
7777259889,南鳩ヶ谷,Minami-hatogaya,35.816123,139.736121,埼玉高速鉄道,,tokyo,0,
7786715952,北綾瀬,Kita-ayase,35.7769,139.832145,東京地下鉄,,tokyo|chiba,0,
7786715953,外苑前,Gaiemmae,35.670465,139.717882,東京地下鉄,,tokyo,0,
7786715954,京橋,Kyobashi,35.676696,139.770041,東京地下鉄,,tokyo,0,
7786715955,末広町,Suehirocho,35.702936,139.771679,東京地下鉄,,tokyo,0,
7786715956,上野広小路,Ueno-hirokoji,35.707833,139.772991,東京地下鉄,,tokyo,0,
7786715957,上野,Ueno,35.711708,139.776154,東京地下鉄,,tokyo,0,
7786715958,稲荷町,Inaricho,35.711387,139.782685,東京地下鉄,,tokyo,0,
7786715959,田原町,Tawaramachi,35.709836,139.790755,東京地下鉄,東京メトロ,tokyo,0,
7786715960,新大塚,Shin-otsuka,35.725782,139.729923,東京地下鉄,,tokyo,0,
7786715961,御茶ノ水,Ochanomizu,35.700575,139.764082,東京地下鉄,,tokyo,0,
7786715962,新宿御苑前,Shinjuku-gyoemmae,35.688573,139.71074,東京地下鉄,,tokyo,0,
7786715963,新中野,Shin-nakano,35.69746,139.668643,東京地下鉄,,tokyo,0,
7786715964,国会議事堂前,Kokkai-gijidomae,35.674549,139.745553,東京地下鉄,,tokyo,0,
7786715965,淡路町,Awajicho,35.695061,139.767473,東京地下鉄,,tokyo,0,
7786715966,大手町,Otemachi,35.686788,139.766224,東京地下鉄,,tokyo,0,
7786715967,四谷三丁目,Yotsuya-sanchome,35.687988,139.720575,東京地下鉄,,tokyo,0,
7786715968,西新宿,Nishi-shinjuku,35.694432,139.692767,東京地下鉄,,tokyo,0,
7786715969,虎ノ門,Toranomon,35.670187,139.750056,東京地下鉄,ロ銀座線,tokyo,0,
7786715970,東高円寺,Higashi-koenji,35.697972,139.65816,東京地下鉄,,tokyo,0,
7786715971,新高円寺,Shin-koenji,35.697874,139.648688,東京地下鉄,,tokyo,0,
7786715972,南阿佐ケ谷,Minami-asagaya,35.699399,139.635709,東京地下鉄,,tokyo,0,
7786715973,虎ノ門ヒルズ,Toranomon Hills,35.667469,139.747765,東京地下鉄,東京メトロ,tokyo,0,
7786715974,神谷町,Kamiyacho,35.662964,139.745048,東京地下鉄,,tokyo,0,
7786715975,六本木,Roppongi,35.662836,139.731327,東京地下鉄,,tokyo,0,
7786715976,広尾,Hiro-o,35.652063,139.722203,東京地下鉄,,tokyo|kanagawa,0,
7786715977,麹町,Kojimachi,35.684024,139.737651,東京地下鉄,,tokyo,0,
7786715978,八丁堀,Hatchobori,35.675,139.777073,東京地下鉄,,tokyo,0,
7786715979,茅場町,Kayabacho,35.679257,139.779738,東京地下鉄,,tokyo,0,
7786715980,小伝馬町,Kodemmacho,35.690753,139.778453,東京地下鉄,,tokyo,0,
7786715981,上野,Ueno,35.711821,139.777569,東京地下鉄,,tokyo,0,
7786715982,入谷,Iriya,35.720709,139.784582,東京地下鉄,,tokyo,0,
7786715983,三ノ輪,Minowa,35.72955,139.7913,東京地下鉄,,tokyo,0,
7787647712,方南町,Honancho,35.683501,139.657689,東京地下鉄,,tokyo,0,
7787647714,中野富士見町,Nakano-fujimicho,35.690564,139.667033,東京地下鉄,,tokyo,0,
7791591074,東日本橋,Higashi-nihombashi,35.692124,139.784885,東京都交通局,都営地下鉄,tokyo,0,
7791591075,浅草橋,Asakusabashi,35.697392,139.78631,東京都交通局,都営地下鉄,tokyo,0,
7791591076,蔵前,Kuramae,35.703212,139.790939,東京都交通局,都営地下鉄,tokyo,0,
7791591077,練馬春日町,Nerima-kasugacho,35.751398,139.640376,東京都交通局,都営地下鉄,tokyo,0,
7791591078,宝町,Takaracho,35.675434,139.771885,東京都交通局,都営地下鉄,tokyo,0,
7791591079,高輪台,Takanawadai,35.631735,139.730426,東京都交通局,都営地下鉄,tokyo|kanagawa,0,
7791591080,戸越,Togoshi,35.614502,139.716364,東京都交通局,都営地下鉄,tokyo|kanagawa,0,
7791591081,豊島園,Toshimaen,35.742172,139.649078,東京都交通局,都営地下鉄,tokyo,0,
7791591082,練馬,Nerima,35.737344,139.654492,東京都交通局,都営地下鉄,tokyo,0,
7791591083,新江古田,Shin-egota,35.732602,139.670417,東京都交通局,都営地下鉄,tokyo,0,
7791591084,落合南長崎,Ochiai-minami-nagasaki,35.723225,139.683578,東京都交通局,都営地下鉄,tokyo,0,
7791605885,本所吾妻橋,Honjo-azumabashi,35.708561,139.804349,東京都交通局,都営地下鉄,tokyo|chiba,0,
7791605886,浅草,Asakusa,35.708959,139.796567,東京都交通局,都営地下鉄,tokyo,0,
7791605887,中延,Nakanobu,35.605254,139.713653,東京都交通局,都営地下鉄,tokyo|kanagawa,0,
7791605888,五反田,Gotanda,35.627089,139.724214,東京都交通局,都営地下鉄,tokyo|kanagawa,0,
7791605889,馬込,Magome,35.596779,139.711927,東京都交通局,都営地下鉄,tokyo|kanagawa,0,
7791605890,西馬込,Nishi-magome,35.587299,139.706311,東京都交通局,都営地下鉄,tokyo|kanagawa,0,
7791605891,中井,Nakai,35.714067,139.686348,東京都交通局,都営地下鉄,tokyo,0,
7791605892,東中野,Higashi-nakano,35.707348,139.683232,東京都交通局,都営地下鉄,tokyo,0,
7791605893,六本木,Roppongi,35.663576,139.731971,東京都交通局,都営地下鉄,tokyo,0,
7791605894,築地市場,Tsukijishijo,35.664879,139.766884,東京都交通局,都営地下鉄,tokyo,0,
7791605895,門前仲町,Monzen-nakacho,35.672619,139.795001,東京都交通局,都営地下鉄,tokyo,0,
7791605896,両国,Ryogoku,35.696854,139.797428,東京都交通局,都営地下鉄,tokyo,0,
7791605897,蔵前,Kuramae,35.705519,139.79241,東京都交通局,都営地下鉄,tokyo,0,
7791605898,本蓮沼,Motohasunuma,35.768521,139.702444,東京都交通局,都営地下鉄,tokyo,0,
7791605899,板橋本町,Itabashihoncho,35.761431,139.705525,東京都交通局,都営地下鉄,tokyo,0,
7791605900,板橋区役所前,Itabashi-kuyakushomae,35.751348,139.71004,東京都交通局,都営地下鉄,tokyo,0,
7791605901,西巣鴨,Nishi-sugamo,35.743554,139.728697,東京都交通局,都営地下鉄,tokyo,0,
7791605902,内幸町,Uchisaiwaicho,35.669456,139.75538,東京都交通局,都営地下鉄,tokyo,0,
7791605903,曙橋,Akebonobashi,35.692415,139.722863,東京都交通局,都営地下鉄,tokyo,0,
7791605904,市ケ谷,Ichigaya,35.691547,139.737668,東京都交通局,都営地下鉄,tokyo,0,
7791605905,神保町,Jimbocho,35.695972,139.758394,東京都交通局,都営地下鉄,tokyo,0,
7791605906,馬喰横山,Bakuroyokoyama,35.692122,139.782794,東京都交通局,都営地下鉄,tokyo,0,
7791605907,船堀,Funabori,35.683831,139.864297,東京都交通局,都営地下鉄,tokyo|chiba,0,
7791605908,篠崎,Shinozaki,35.706079,139.903838,東京都交通局,都営地下鉄,tokyo|chiba,0,
7791605909,瑞江,Mizue,35.693248,139.897639,東京都交通局,都営地下鉄,tokyo|chiba,0,
7791605910,大島,Ojima,35.689769,139.835076,東京都交通局,都営地下鉄,tokyo|chiba,0,
7791605911,東大島,Higashi-ojima,35.690297,139.845952,東京都交通局,都営地下鉄,tokyo|chiba,0,
7791605912,本八幡,Motoyawata,35.723714,139.927061,東京都交通局,都営地下鉄,tokyo|chiba,0,
7791605913,新板橋,Shin-itabashi,35.748797,139.719903,東京都交通局,都営地下鉄,tokyo,0,
7791605915,志村坂上,Shimura-sakaue,35.775669,139.695529,東京都交通局,都営地下鉄,tokyo,0,
7791605917,志村三丁目,Shimura-sanchome,35.777511,139.685997,東京都交通局,都営地下鉄,tokyo,0,
7791605919,蓮根,Hasune,35.784324,139.679071,東京都交通局,都営地下鉄,tokyo,0,
7791605921,西台,Nishidai,35.786966,139.674022,東京都交通局,都営地下鉄,tokyo,0,
7791605923,高島平,Takashimadaira,35.788913,139.661255,東京都交通局,都営地下鉄,tokyo,0,
7791605925,西高島平,Nishi-takashimadaira,35.791911,139.645772,東京都交通局,都営地下鉄,tokyo,0,
7791605927,西大島,Nishi-ojima,35.689372,139.826635,東京都交通局,都営地下鉄,tokyo|chiba,0,
7791605928,菊川,Kikukawa,35.688416,139.806123,東京都交通局,都営地下鉄,tokyo|chiba,0,
7791605929,一之江,Ichinoe,35.686044,139.88312,東京都交通局,都営地下鉄,tokyo|chiba,0,
7792004174,品川,Shinagawa,35.628646,139.740066,JR東海,東海道新幹線,tokyo|kanagawa,0,
7808533560,東中野,Higashi-Nakano,35.70625,139.684867,東日本旅客鉄道,,tokyo,1,
7808705900,大崎広小路,Osakihirokoji,35.622544,139.72257,,,tokyo|kanagawa,0,
7810402933,宿河原,Shukugawara,35.615337,139.579765,東日本旅客鉄道,,tokyo|kanagawa,1,
7810421031,武蔵溝ノ口,Musashi-Mizonokuchi,35.599008,139.611241,東日本旅客鉄道,,tokyo|kanagawa,1,
7810422310,谷保,Yaho,35.681353,139.446875,東日本旅客鉄道,,tokyo,1,
7810437825,矢川,Yagawa,35.685092,139.4315,東日本旅客鉄道,,tokyo,1,
7810457140,矢野口,Yanokuchi,35.641659,139.520527,東日本旅客鉄道,,tokyo|kanagawa,1,
7810489202,稲田堤,Inadazutsumi,35.633512,139.53547,東日本旅客鉄道,,tokyo|kanagawa,1,
7810497426,武蔵新城,Musashi-Shinjo,35.587157,139.629848,東日本旅客鉄道,,tokyo|kanagawa,1,
7810500162,武蔵中原,Musashi-Nakahara,35.580908,139.64176,東日本旅客鉄道,,tokyo|kanagawa,1,
7811267724,新三河島,Shim-Mikawashima,35.737205,139.773946,京成電鉄,京成,tokyo,0,
7811267726,京成関屋,Keisei Sekiya,35.743995,139.811776,京成電鉄,京成電鉄,tokyo|chiba,0,
7811267728,堀切菖蒲園,Horikirishobuen,35.747675,139.827483,京成電鉄,京成,tokyo|chiba,0,
7817272379,石川台,Ishikawa-dai,35.597132,139.685495,東急電鉄,東急電鉄,tokyo|kanagawa,0,
7829676200,熊川,Kumagawa,35.728446,139.335407,,,tokyo,0,
7833960690,新小平,Shin-Kodaira,35.730841,139.470549,東日本旅客鉄道,,tokyo,1,
7834193975,沼部,Numabe,35.582768,139.673065,,,tokyo|kanagawa,0,
7834193976,下丸子,Shimomaruko,35.571386,139.685595,,,tokyo|kanagawa,0,
7834193978,武蔵新田,Musashi-nitta,35.567862,139.692479,,,tokyo|kanagawa,0,
7834193980,矢口渡,Yaguchi-no-watashi,35.562577,139.700259,東急電鉄,東急電鉄,tokyo|kanagawa,0,
7834193982,鵜の木,Unoki,35.57546,139.680574,,,tokyo|kanagawa,0,
7834193984,久が原,Kugahara,35.579593,139.685654,,,tokyo|kanagawa,0,
7834298285,羽田空港第3ターミナル,Haneda Airport Terminal 3,35.545012,139.767039,京浜急行電鉄,,tokyo,0,
7834562492,若葉台,Wakabadai,35.619344,139.472665,京王電鉄,,tokyo|kanagawa,0,
7834562496,京王稲田堤,Keio-inadazutsumi,35.633743,139.53095,,,tokyo|kanagawa,0,
7834562497,京王よみうりランド,Keiō-Yomiuri-Land,35.632947,139.516835,京王電鉄,,tokyo|kanagawa,0,
7834562498,京王多摩川,Keio-tamagawa,35.644776,139.536912,京王電鉄,,tokyo|kanagawa,0,
7834562500,稲城,Inagi,35.636235,139.500445,京王電鉄,,tokyo|kanagawa,0,
7834562502,南大沢,Minami-osawa,35.614145,139.379937,京王電鉄,,tokyo|kanagawa,0,
7834562504,京王堀之内,Keio-horinouchi,35.624478,139.40034,京王電鉄,,tokyo|kanagawa,0,
7834562506,天空橋,Tenkubashi,35.54812,139.754678,京浜急行電鉄 (Keikyu Corporation),,tokyo|kanagawa,0,
7834562508,羽田空港第1・第2ターミナル,Haneda Airport Terminal 1・2,35.549849,139.786092,京浜急行電鉄,,tokyo,0,
7834562509,穴守稲荷,Anamori-Inari,35.55031,139.746776,京浜急行電鉄,,tokyo|kanagawa,0,
7834562510,大鳥居,Otorii,35.552518,139.739516,京浜急行電鉄,,tokyo|kanagawa,0,
7834562511,糀谷,Kojiya,35.554702,139.729467,京浜急行電鉄 (Keikyu Corporation),,tokyo|kanagawa,0,
7834575753,新馬場,Shimbamba,35.616511,139.741465,京浜急行電鉄,,tokyo|kanagawa,0,
7834575755,八丁畷,Hatchonawate,35.523015,139.691728,東日本旅客鉄道,,tokyo|kanagawa,1,
7834575757,八丁畷,Hatchonawate,35.522957,139.691367,,,tokyo|kanagawa,0,
7834719308,雑色,Zoshiki,35.549695,139.71498,京浜急行電鉄 (Keikyu Corporation),,tokyo|kanagawa,0,
7834719310,梅屋敷,Umeyashiki,35.566966,139.728368,京浜急行電鉄,,tokyo|kanagawa,0,
7834719312,大森町,Omorimachi,35.572503,139.732068,京浜急行電鉄,,tokyo|kanagawa,0,
7834719314,平和島,Heiwajima,35.578704,139.734969,京浜急行電鉄,,tokyo|kanagawa,0,
7834719318,大森海岸,Ōmorikaigan,35.587699,139.735394,京浜急行電鉄,,tokyo|kanagawa,0,
7834719324,青物横丁,Aomono-yokocho,35.608874,139.743077,京浜急行電鉄,,tokyo|kanagawa,0,
7834808024,京急川崎,Keikyu Kawasaki,35.53283,139.700782,京浜急行電鉄,,tokyo|kanagawa,0,
7834808028,六郷土手,Rokugodote,35.540658,139.707667,京浜急行電鉄,,tokyo|kanagawa,0,
7841193477,原当麻,Harataima,35.529237,139.375137,,,tokyo|kanagawa,0,
7857922509,お花茶屋,Ohanajaya,35.747589,139.840145,京成電鉄,京成電鉄,tokyo|chiba,0,
7857922511,千住大橋,Senjuohashi,35.742423,139.79682,京成電鉄,京成電鉄,tokyo,0,
7857922514,町屋,Machiya,35.742289,139.781449,京成電鉄,京成電鉄,tokyo,0,
7858116081,菅野,Sugano,35.728218,139.919558,京成電鉄,京成,tokyo|chiba,0,
7858116083,市川真間,Ichikawamama,35.731398,139.911563,京成電鉄,京成,tokyo|chiba,0,
7858116084,国府台,Konodai,35.736422,139.902507,京成電鉄,京成電鉄,tokyo|chiba,0,
7858131585,江戸川,Edogawa,35.737755,139.895878,京成電鉄,京成,tokyo|chiba,0,
7858131586,京成小岩,Keisei Koiwa,35.74242,139.883352,京成電鉄,京成電鉄,tokyo|chiba,0,
7863114045,北池袋,Kita-ikebukuro,35.740986,139.71682,東武鉄道,東武鉄道,tokyo,0,
7863114049,下赤塚,Shimo-akatsuka,35.770581,139.644574,東武鉄道,東武鉄道,tokyo,0,
7864238159,志木,Shiki,35.822223,139.575173,東武鉄道,東武鉄道,tokyo,0,
7864238163,成増,Narimasu,35.777592,139.632934,東武鉄道,東武鉄道,tokyo,0,
7864238167,東武練馬,Tobu-nerima,35.768648,139.662577,東武鉄道,東武鉄道,tokyo,0,
7864238168,上板橋,Kami-itabashi,35.763474,139.676543,東武鉄道,東武鉄道,tokyo,0,
7864238172,ときわ台,Tokiwadai,35.758915,139.688536,東武鉄道,東武鉄道,tokyo,0,
7864238174,中板橋,Naka-itabashi,35.7564,139.694183,東武鉄道,東武鉄道,tokyo,0,
7864238179,大山,Oyama,35.748624,139.702435,東武鉄道,,tokyo,0,
7864238181,下板橋,Shimo-itabashi,35.745249,139.715479,東武鉄道,東武鉄道,tokyo,0,
7865838618,本八幡,Moto-Yawata,35.720927,139.927206,東日本旅客鉄道,,tokyo|chiba,1,
7865838620,市川,Ichikawa,35.728874,139.908173,東日本旅客鉄道,,tokyo|chiba,1,
7865838622,新小岩,Shin-Koiwa,35.716984,139.858071,東日本旅客鉄道,,tokyo|chiba,1,
7865838626,平井,Hirai,35.706421,139.8425,東日本旅客鉄道,,tokyo|chiba,1,
7865838635,錦糸町,Kinshicho,35.696749,139.813956,東日本旅客鉄道,,tokyo|chiba,1,
7865838637,浅草橋,Asakusabashi,35.697402,139.784686,東日本旅客鉄道,,tokyo,1,
7865838639,信濃町,Shinanomachi,35.680024,139.720495,東日本旅客鉄道,,tokyo,1,
7865838640,大久保,Okubo,35.700778,139.697318,東日本旅客鉄道,,tokyo,1,
7867500191,一橋学園,Hitotsubashi-gakuen,35.721779,139.480123,西武鉄道,,tokyo,0,
7867500196,武蔵大和,Musashi-Yamato,35.756226,139.444246,西武鉄道,西武鉄道,tokyo,0,
7867500687,国分寺,Kokubunji,35.700243,139.48031,西武鉄道,西武鉄道,tokyo,0,
7867500891,八坂,Yasaka,35.74516,139.467436,西武鉄道,西武鉄道,tokyo,0,
7867500892,青梅街道,Ome-kaido,35.730646,139.476559,西武鉄道,西武鉄道,tokyo,0,
7867502185,萩山,Hagiyama,35.740679,139.477181,西武鉄道,西武鉄道,tokyo,0,
7867502186,多摩湖,Tamako,35.766066,139.442629,西武鉄道,西武鉄道,tokyo,0,
7872741440,初台,Hatsudai,35.681157,139.686244,京王電鉄,,tokyo,0,
7878805491,港町,Minatocho,35.535033,139.712468,京浜急行電鉄 (Keikyu Corporation),,tokyo|kanagawa,0,
7878805493,川崎大師,Kawasakidaishi,35.535794,139.72609,京浜急行電鉄,,tokyo|kanagawa,0,
7878805495,大師橋,Daishibashi,35.536622,139.740576,京浜急行電鉄,,tokyo|kanagawa,0,
7880318769,用賀,Yoga,35.626647,139.634154,東急電鉄,東急電鉄,tokyo|kanagawa,0,
7880318770,桜新町,Sakura-shimmachi,35.631724,139.645369,,,tokyo|kanagawa,0,
7880318771,駒沢大学,Komazawa-daigaku,35.633193,139.661156,東急電鉄,東急電鉄,tokyo|kanagawa,0,
7880318772,三軒茶屋,Sangen-jaya,35.643553,139.671304,,,tokyo|kanagawa,0,
7880318773,池尻大橋,Ikejiri-ohashi,35.650763,139.684772,,,tokyo|kanagawa,0,
7880733141,西武球場前,Seibukyujo-mae,35.770468,139.419068,西武鉄道,西武鉄道,tokyo,0,
7880733147,下山口,Shimo-Yamaguchi,35.779518,139.441461,西武鉄道,,tokyo,0,
7881229733,東所沢,Higashi-Tokorozawa,35.794596,139.513758,東日本旅客鉄道,,tokyo,1,
7881229743,北府中,Kita-Fuchu,35.680766,139.471755,東日本旅客鉄道,,tokyo,1,
7881229778,馬橋,Mabashi,35.812118,139.917121,流鉄,,tokyo,0,
7881229780,幸谷,Koya,35.826597,139.91982,流鉄,,tokyo,0,
7892696560,池ノ上,Ikenoue,35.660507,139.672925,京王電鉄,,tokyo,0,
7892696562,新代田,Shindaita,35.662608,139.660616,京王電鉄,,tokyo,0,
7892696564,東松原,Higashi-matsubara,35.662643,139.655857,京王電鉄,,tokyo,0,
7892696569,永福町,Eifukucho,35.676258,139.642645,京王電鉄,,tokyo,0,
7892696570,西永福,Nishi-eifuku,35.678698,139.635535,京王電鉄,,tokyo,0,
7892696572,浜田山,Hamadayama,35.681647,139.627468,京王電鉄,,tokyo,0,
7892696573,高井戸,Takaido,35.683248,139.61495,京王電鉄,,tokyo,0,
7892696574,富士見ヶ丘,Fujimigaoka,35.684671,139.607611,京王電鉄,,tokyo,0,
7892696575,久我山,Kugayama,35.687977,139.599613,京王電鉄,,tokyo,0,
7892696577,三鷹台,Mitakadai,35.692243,139.588914,京王電鉄,,tokyo,0,
7892696578,井の頭公園,Inokashira-koen,35.697502,139.582728,京王電鉄,,tokyo,0,
7892696580,吉祥寺,Kichijōji,35.702222,139.580383,京王電鉄,,tokyo,0,
7892857493,神泉,Shinsen,35.657216,139.693488,京王電鉄,,tokyo|kanagawa,0,
7892857494,駒場東大前,Komaba-todaimae,35.658671,139.684455,京王電鉄,,tokyo|kanagawa,0,
7894118184,人形町,Ningyocho,35.686185,139.782416,東京地下鉄,東京メトロ,tokyo,0,
7899349367,洗足池,Senzoku-ike,35.599796,139.691302,東急電鉄,東急電鉄,tokyo|kanagawa,0,
7899349368,長原,Nagahara,35.602265,139.697952,,,tokyo|kanagawa,0,
7899349372,五反田,Gotanda,35.625137,139.72414,東急電鉄,東急電鉄,tokyo|kanagawa,0,
7899349374,雪が谷大塚,Yukigaya-otsuka,35.59199,139.681041,東急電鉄,東急電鉄,tokyo|kanagawa,0,
7899349376,荏原中延,Ebara-nakanobu,35.609946,139.712005,東急電鉄,東急電鉄,tokyo|kanagawa,0,
7899349378,池上,Ikegami,35.572021,139.703049,,,tokyo|kanagawa,0,
7899349379,蓮沼,Hasunuma,35.564252,139.70852,東急電鉄,東急電鉄,tokyo|kanagawa,0,
7899349381,千鳥町,Chidoricho,35.572914,139.69158,,,tokyo|kanagawa,0,
7899349382,御嶽山,Ontakesan,35.585252,139.682472,東急電鉄,東急電鉄,tokyo|kanagawa,0,
7908619801,白金高輪,Shirokane-takanawa,35.642926,139.734153,東京地下鉄,東京メトロ,tokyo|kanagawa,0,
7912711175,泉岳寺,Sengakuji,35.638683,139.740012,京浜急行電鉄,,tokyo|kanagawa,0,
7913349582,八広,Yahiro,35.727185,139.828234,京成電鉄,,tokyo|chiba,0,
7913349583,四ツ木,Yotsugi,35.731743,139.834856,京成電鉄,,tokyo|chiba,0,
7913349584,京成立石,Keisei Tateishi,35.738268,139.848505,京成電鉄,京成電鉄,tokyo|chiba,0,
7916302181,和光市,Wakoshi,35.788418,139.612654,東武鉄道,東武鉄道,tokyo,0,
7921767695,大門,Daimon,35.656744,139.755365,東京都交通局,大江戸線,tokyo|kanagawa,0,
7942251386,新日本橋,Shin-Nihombashi,35.689,139.774194,東日本旅客鉄道,,tokyo,1,
7942251391,馬喰町,Bakurochō,35.693369,139.782427,東日本旅客鉄道,,tokyo,1,
7947512245,西小山,Nishi-koyama,35.61547,139.698736,,,tokyo|kanagawa,0,
7956324705,府中競馬正門前,Fuchukeiba-seimonmae,35.668422,139.484711,京王電鉄,,tokyo,0,
7962936955,みのり台,Minoridai,35.789292,139.929204,京成電鉄,,tokyo|chiba,0,
7962936957,松戸新田,Matsudo-Shinden,35.790627,139.922617,京成電鉄,,tokyo|chiba,0,
7962936959,上本郷,Kamihongo,35.789675,139.916236,京成電鉄,,tokyo|chiba,0,
7966050118,北国分,Kita-Kokubun,35.762978,139.914068,北総鉄道,,tokyo|chiba,0,
7966050120,矢切,Yagiri,35.757506,139.90055,北総鉄道,,tokyo|chiba,0,
7966050122,新柴又,Shin-Shibamata,35.751071,139.879361,北総鉄道,,tokyo|chiba,0,
7968982374,上井草,Kami-Igusa,35.725262,139.603067,,,tokyo,0,
7975048240,武蔵関,Musashi-Seki,35.72763,139.576787,西武鉄道,西武鉄道,tokyo,0,
7975077067,花小金井,Hana-Koganei,35.726182,139.513224,西武鉄道,,tokyo,0,
7975078848,東伏見,Higashi-Fushimi,35.728702,139.564236,西武鉄道,西武鉄道,tokyo,0,
7975088465,下井草,Shimo-Igusa,35.723831,139.625335,西武鉄道,西武鉄道,tokyo,0,
7975105177,都立家政,Toritsu-Kasei,35.722419,139.644665,西武鉄道,西武鉄道,tokyo,0,
7975108891,西武柳沢,Seibu-Yagisawa,35.728638,139.552591,西武鉄道,,tokyo,0,
7975130445,上石神井,Kami-Shakujii,35.726175,139.592526,西武鉄道,西武鉄道,tokyo,0,
7975136515,小平,Kodaira,35.73704,139.488253,西武鉄道,,tokyo,0,
7975144904,田無,Tanashi,35.727315,139.539439,西武鉄道株式会社,,tokyo,0,
7975158370,玉川上水,Tamagawa-Josui,35.731783,139.418349,西武鉄道,西武鉄道,tokyo,0,
7975162849,東大和市,Higashiyamatoshi,35.73289,139.434521,,,tokyo,0,
7975166907,久米川,Kumegawa,35.749667,139.47257,西武鉄道,西武鉄道,tokyo,0,
7975170093,新所沢,Shin-Tokorozawa,35.806674,139.456153,西武鉄道,西武鉄道,tokyo,0,
7978376605,鷺ノ宮,Saginomiya,35.722652,139.639543,西武鉄道,西武鉄道,tokyo,0,
7978379439,航空公園,Koku-koen,35.798303,139.465679,西武鉄道,西武鉄道,tokyo,0,
7978957090,西武園,Seibuen,35.767841,139.448783,西武鉄道,,tokyo,0,
7992223096,押上〈スカイツリー前〉,Oshiage 'SKYTREE',35.710634,139.812822,,,tokyo|chiba,0,
8015227851,鷹の台,Takanodai,35.723453,139.461202,西武鉄道,,tokyo,0,
8025693699,恋ヶ窪,Koigakubo,35.711306,139.464051,西武鉄道,,tokyo,0,
8073893291,東京ディズニーシー・ステーション,Tokyo DisneySea Station,35.627449,139.88957,,,tokyo|chiba,0,
8073893292,ベイサイド・ステーション,Bay Side Station,35.627884,139.876369,,,tokyo|chiba,0,
8073893293,東京ディズニーランド・ステーション,Tokyo Disneyland Station,35.635928,139.878674,,,tokyo|chiba,0,
8128277679,多磨,Tama,35.676596,139.517028,西武鉄道,西武鉄道,tokyo,0,
8128277680,白糸台,Shiraitodai,35.666478,139.509814,西武鉄道,西武鉄道,tokyo,0,
8128277681,競艇場前,Kyoteijo-mae,35.656208,139.499583,西武鉄道,西武鉄道,tokyo|kanagawa,0,
8128277682,新小金井,Shin-Koganei,35.695659,139.526501,西武鉄道,西武鉄道,tokyo,0,
8317640068,こどもの国,Kodomonokuni,35.558128,139.486489,東急電鉄,こどもの国線,tokyo|kanagawa,0,
8856750411,南橋本,Minami-Hashimoto,35.580166,139.352557,東日本旅客鉄道,,tokyo|kanagawa,1,
9216207028,旗の台,Hatanodai,35.605187,139.703385,,東急電鉄,tokyo|kanagawa,0,
9216709063,川崎貨物,,35.530372,139.744943,,,tokyo|kanagawa,0,
10108140334,東林間,Higashi-Rinkan,35.520214,139.439057,小田急電鉄,江ノ島線,tokyo|kanagawa,0,
10108140342,新綱島,Shin-Tsunashima,35.535845,139.636101,,,tokyo|kanagawa,0,
10113292369,永田町,Nagatacho,35.678452,139.738914,,,tokyo,0,
10115801078,北千住,Kita-Senju,35.749502,139.805411,東武鉄道;東京地下鉄,,tokyo|chiba,0,
10115936875,拝島,Haijima,35.721345,139.344158,西武鉄道,西武拝島線,tokyo,0,
11047386279,永田町,Nagatacho,35.678562,139.739197,,,tokyo,0,
11329319854,東京,Tokyo,35.681141,139.767455,東日本旅客鉄道,,tokyo,1,1039
11329319855,東京,Tokyo,35.680963,139.767986,東海旅客鉄道,,tokyo,0,1039
12209234608,長津田,Nagatsuta,35.532083,139.493926,横浜高速鉄道,,tokyo|kanagawa,0,
12209234609,長津田,Nagatsuta,35.531909,139.493932,東京急行電鉄,,tokyo|kanagawa,0,
12985575683,大田,,35.557487,139.713691,東日本旅客鉄道株式会社,,tokyo|kanagawa,1,
12985575684,志茂田,,35.556579,139.712004,東日本旅客鉄道株式会社,,tokyo|kanagawa,1,
13377879021,武蔵境,Musashi-Sakai,35.701954,139.544047,西武鉄道,,tokyo,0,
13731947846,東京,Tokyo,35.677678,139.765101,東日本旅客鉄道,京葉線,tokyo,1,1039
13733834130,武蔵小杉,Musashi-Kosugi,35.574115,139.663613,東日本旅客鉄道,,tokyo|kanagawa,1,
13875821434,京成電鉄本社,,35.7236,139.927738,,京成電鉄,tokyo,0,
13898472777,新品川駅,,35.632692,139.738158,,,tokyo,0,
244878189,北浦和,Kita-Urawa,35.872155,139.646106,東日本旅客鉄道,,saitama,1,
244878195,与野,Yono,35.884398,139.639152,東日本旅客鉄道,,saitama,1,
244878198,さいたま新都心,Saitama-Shintoshin,35.893637,139.633948,東日本旅客鉄道,,saitama,1,
251510846,岩槻,Iwatsuki,35.950159,139.692915,,,saitama,0,
264211486,大宮,Omiya,35.906387,139.62433,東日本旅客鉄道,,saitama,1,
264889435,南栗橋,Minami-Kurihashi,36.113204,139.71292,,,saitama,0,
298329477,明覚,Myōkaku,36.0033,139.288856,,,saitama,0,
298329605,折原,Orihara,36.096275,139.195295,,,saitama,0,
298329688,用土,Yodo,36.153448,139.201008,,,saitama,0,
298329690,松久,Matsuhisa,36.172995,139.182177,,,saitama,0,
298329691,竹沢,Takezawa,36.075467,139.229928,,,saitama,0,
298329913,毛呂,Moro,35.940397,139.3093,,,saitama,0,
298329957,児玉,Kodama,36.192627,139.135958,,,saitama,0,
298330913,小川町,Ogawamachi,36.058938,139.26094,東日本旅客鉄道,,saitama,1,
300586424,大宮,Omiya,35.90784,139.62232,東日本旅客鉄道,,saitama,1,
308839580,新越谷,Shin-koshigaya,35.875496,139.789839,東武鉄道,東武鉄道,saitama,0,
308839965,東武動物公園,Tobu Dobutsu Koen,36.02496,139.726572,,東武本線,saitama,0,
308840211,川俣,Kawamata,36.208834,139.526468,,,saitama,0,
361021508,伊奈中央,Ina-Chuo,35.999337,139.617282,埼玉新都市交通,,saitama,0,
361021535,志久,Shiku,35.99124,139.622203,埼玉新都市交通,,saitama,0,
361021706,鉄道博物館,Tetsudo Hakubutsukan,35.920519,139.617671,埼玉新都市交通,,saitama,0,
361021857,丸山,Maruyama,35.979921,139.624703,埼玉新都市交通,,saitama,0,
503873207,西武秩父,Seibu-Chichibu,35.990212,139.083122,,,saitama,0,
503883147,持田,Mochida,36.137654,139.442127,,,saitama,0,
503883148,東行田,Higashi-Gyōda Station,36.147231,139.468492,秩父鉄道,,saitama,0,
503883152,石原,Ishiwara,36.147762,139.368833,,,saitama,0,
503883273,新郷,Shingō,36.171223,139.510113,,,saitama,0,
503883287,上熊谷,,36.142628,139.381336,,,saitama,0,
503883289,西羽生,Nishi-Hanyu,36.176457,139.524009,,,saitama,0,
503883885,小前田,Omaeda,36.128988,139.222334,,,saitama,0,
503883886,樋口,Higuchi,36.131119,139.122315,,,saitama,0,
503883928,永田,Nagata,36.135375,139.259362,,,saitama,0,
503883929,皆野,Minano,36.068634,139.093956,,,saitama,0,
503884086,親鼻,Oyahana,36.077599,139.106396,,,saitama,0,
503884123,武川,Takekawa,36.142189,139.282414,,,saitama,0,
503884675,波久礼,Hagure,36.126782,139.158097,,,saitama,0,
503885045,上長瀞,Kaminagatoro,36.086172,139.113333,,,saitama,0,
503885058,長瀞,Nagatoro,36.095295,139.112497,,,saitama,0,
503885116,ひろせ野鳥の森,Hirose-Yachō-no-Mori,36.14615,139.351547,,,saitama,0,
503885125,明戸,Aketo,36.14302,139.303452,,,saitama,0,
503885127,野上,Nogami,36.111646,139.110733,,,saitama,0,
503885134,秩父,Chichibu,35.998585,139.085946,,,saitama,0,
503885906,桜沢,Sakurazawa,36.128677,139.207006,,,saitama,0,
503885910,大野原,Onohara,36.018617,139.09403,,,saitama,0,
503886011,大麻生,Ōasō,36.144793,139.332374,,,saitama,0,
503886115,白久,Shiroku,35.958919,138.993328,,,saitama,0,
503886117,武州日野,Busyu-Hino,35.953936,139.021777,,,saitama,0,
503886125,武州中川,Busyu-Nakagawa,35.958365,139.035413,,,saitama,0,
503886320,影森,Kagemori,35.972126,139.068381,,,saitama,0,
503886443,浦山口,Urayamaguchi,35.964004,139.05837,,,saitama,0,
503886681,三峰口,Mitsumineguchi,35.960053,138.979044,,,saitama,0,
503889912,川角,Kawakado,35.93749,139.346849,東武鉄道,東武鉄道,saitama,0,
503890759,武州唐沢,Bushu-karasawa,35.95195,139.309302,東武鉄道,東武鉄道,saitama,0,
614674077,北上尾,Kita-Ageo,35.985614,139.577155,東日本旅客鉄道,,saitama,1,
1037948559,西大宮,Nishi-Omiya,35.92231,139.579813,東日本旅客鉄道,,saitama,1,
1349023818,東大宮,Higashi-Omiya,35.948767,139.640311,,,saitama,0,
1681303185,大和田,Ōwada,35.929272,139.650614,,,saitama,0,
1681303186,南桜井,Minami-Sakurai,35.980455,139.807989,,,saitama,0,
1681303218,藤の牛島,Fujino-Ushijima,35.980268,139.778032,,,saitama,0,
1681303228,川間,Kawama,35.979175,139.833991,,,saitama,0,
1681303231,東岩槻,Higashi-Iwatsuki,35.963296,139.712248,,,saitama,0,
1685077179,流山,Nagareyama,35.855874,139.901691,流鉄,,saitama,0,
1799607422,中浦和,Naka-Urawa,35.853525,139.637722,東日本旅客鉄道,,saitama,1,
2004078231,南与野,Minami-Yono,35.867886,139.631039,東日本旅客鉄道,,saitama,1,
2348594796,南浦和,Minami-Urawa,35.847732,139.669144,東日本旅客鉄道,,saitama,1,
2669107035,与野本町,Yono-Hommachi,35.881202,139.62602,東日本旅客鉄道,,saitama,1,
2722542475,東川口,Higashi-Kawaguchi,35.875271,139.744371,東日本旅客鉄道,,saitama,1,
2964285318,西大家,Nishi-oya,35.931661,139.356282,東武鉄道,東武鉄道,saitama,0,
3547330609,浦和,Urawa,35.858988,139.657188,東日本旅客鉄道,,saitama,1,
3558006051,上尾,Ageo,35.973327,139.588472,JR  東日本旅客鉄道,JR  高崎線,saitama,1,
3558006052,深谷,Fukaya,36.191558,139.281099,,,saitama,0,
3558006053,吹上,Fukiage,36.103202,139.452976,東日本旅客鉄道,,saitama,1,
3558006054,行田,Gyoda,36.113887,139.43217,,,saitama,0,
3558006057,籠原,Kagohara,36.174667,139.330512,東日本旅客鉄道,,saitama,1,
3558006058,北鴻巣,Kita-Konosu,36.085526,139.476995,東日本旅客鉄道,,saitama,1,
3558006059,北本,Kitamoto,36.03164,139.533981,東日本旅客鉄道,,saitama,1,
3558006060,鴻巣,Konosu,36.059259,139.509688,東日本旅客鉄道,,saitama,1,
3558006061,熊谷,Kumagaya,36.139072,139.390035,東日本旅客鉄道,,saitama,1,
3558006063,宮原,Miyahara,35.9403,139.609546,東日本旅客鉄道,,saitama,1,
3558006064,岡部,Okabe,36.20568,139.237595,,,saitama,0,
3558006065,桶川,Okegawa,35.998737,139.564021,東日本旅客鉄道,,saitama,1,
3625203343,稲荷山公園,Inariyama-koen,35.844927,139.398559,西武鉄道,西武鉄道,saitama,0,
3625233873,入間市,Irumashi,35.842683,139.390132,西武鉄道,西武鉄道,saitama,0,
3634127606,白岡,Shiraoka,36.017409,139.666901,,,saitama,0,
3654391415,春日部,Kasukabe,35.980074,139.752079,,,saitama,0,
3654391424,北大宮,Kita-omiya,35.917609,139.624812,東武鉄道,,saitama,0,
3654391816,愛宕,Atago,35.950552,139.864563,,,saitama,0,
3654391818,江戸川台,Edogawadai,35.89746,139.910381,,,saitama,0,
3654392227,初石,Hatsuishi,35.884133,139.917708,,,saitama,0,
3654392242,七光台,Nanakōdai,35.970634,139.852935,,,saitama,0,
3654392244,七里,Nanasato,35.936389,139.665816,,,saitama,0,
3654392245,野田市,Nodashi,35.943566,139.870648,,,saitama,0,
3654392254,大宮公園,Omiya Park,35.923825,139.632948,,,saitama,0,
3654392259,清水公園,Shimizu-Kōen,35.959097,139.860106,,,saitama,0,
3654392271,豊春,Toyoharu,35.968036,139.726251,,,saitama,0,
3654392279,運河,Unga,35.914018,139.906062,,,saitama,0,
3666779221,北春日部,Kita-Kasukabe,35.990564,139.744013,,,saitama,0,
3708276249,久喜,Kuki,36.065614,139.677525,東武鉄道;東日本旅客鉄道,,saitama,1,
3730035915,新白岡,Shin-Shiraoka,36.03866,139.672089,東日本旅客鉄道,,saitama,1,
3730443553,高麗川,Komagawa,35.896269,139.337989,,,saitama,0,
3828076591,蓮田,Hasuda,35.9814,139.653064,,,saitama,0,
3828076593,土呂,Toro,35.931776,139.632135,,,saitama,0,
3918571239,東ゲート,East gate,36.019743,139.719332,,,saitama,0,
3918633780,リバティーランド,Liberty Land,36.01994,139.716033,,,saitama,0,
3919289263,ハートフルランド,Heartful Land,36.021437,139.711859,,,saitama,0,
4051552657,北与野,Kita-Yono,35.890498,139.628505,東日本旅客鉄道,,saitama,1,
4053970846,南古谷,Minami-Furuya,35.903254,139.519443,東日本旅客鉄道,,saitama,1,
4061808853,武蔵浦和,Musashi-Urawa,35.845969,139.647066,東日本旅客鉄道,,saitama,1,
4708704099,柳生,Yagyu,36.20665,139.65959,,,saitama,0,
4755786036,ソシオ流通センター,,36.136478,139.424407,秩父鉄道,,saitama,0,
5453487845,越生,Ogose,35.962406,139.299447,東日本旅客鉄道,,saitama,1,
5587668909,新古河,Shin-Koga,36.19269,139.68693,,,saitama,0,
5834930110,古河,Koga,36.194587,139.709507,,,saitama,0,
5861124168,横瀬,Yokoze,35.985277,139.09779,,,saitama,0,
5861124169,御花畑,Ohanabatake,35.992507,139.083764,,,saitama,0,
6051758678,梅郷,Umesato,35.931357,139.891223,東武鉄道,,saitama,0,
6287107614,浦和美園,Urawa-misono,35.893821,139.727631,埼玉高速鉄道,,saitama,0,
6677954148,本庄早稲田,Honjō-Waseda,36.218861,139.179485,東日本旅客鉄道,,saitama,1,
6778362968,的場,Matoba,35.917657,139.436071,,,saitama,0,
6778376925,笠幡,Kasahata,35.907572,139.406505,,,saitama,0,
6795782192,南越谷,Minami-Koshigaya,35.876053,139.791058,東日本旅客鉄道,,saitama,1,
6848775432,原市,Haraichi,35.963937,139.622258,埼玉新都市交通,,saitama,0,
6848776160,吉野原,Yoshinohara,35.957192,139.620952,埼玉新都市交通,,saitama,0,
6848812784,今羽,Komba,35.950087,139.619606,埼玉新都市交通,,saitama,0,
6848816471,沼南,Shonan,35.971111,139.623685,埼玉新都市交通,,saitama,0,
6848824218,東宮原,Higashi-Miyahara,35.942646,139.618237,,,saitama,0,
6848829169,加茂宮,Kamonomiya,35.93573,139.616834,埼玉新都市交通,,saitama,0,
6853946981,内宿,Uchijuku,36.013956,139.600056,埼玉新都市交通,,saitama,0,
7290330225,花崎,Hanasaki,36.109745,139.634074,,,saitama,0,
7291879394,鷲宮,Washinomiya,36.096443,139.656791,,,saitama,0,
7331127516,加須,Kazo,36.122974,139.595706,,,saitama,0,
7339120511,南羽生,Minami-Hanyu,36.14998,139.556218,,,saitama,0,
7339782119,武州荒木,Bushu-Araki,36.162549,139.488195,,,saitama,0,
7340085286,羽生,Hanyu,36.170446,139.533918,,,saitama,0,
7481812613,一ノ割,Ichinowari,35.96421,139.766103,,,saitama,0,
7481817829,姫宮,Himemiya,36.00418,139.738813,,,saitama,0,
7481834867,せんげん台,Sengendai,35.935856,139.774476,,,saitama,0,
7481853620,武里,Takesato,35.948627,139.770713,,,saitama,0,
7481882262,越谷,Koshigaya,35.888299,139.785955,,,saitama,0,
7481903775,大袋,Obukuro,35.923894,139.77803,,,saitama,0,
7481903897,北越谷,Kita-koshigaya,35.902059,139.779863,,,saitama,0,
7481913906,蒲生,Gamo,35.867351,139.791593,東武鉄道,,saitama,0,
7481943575,獨協大学前〈草加松原〉,Dokkyodaigakumae〈Soka-Matsubara〉,35.84341,139.800613,東武鉄道,東武鉄道,saitama,0,
7481953843,新田,Shinden,35.854089,139.795458,東武鉄道,東武スカイツリーライン,saitama,0,
7532369442,東鷲宮,Higashi-Washinomiya,36.089477,139.679226,,,saitama,0,
7756039209,南流山,Minami-Nagareyama,35.838511,139.903069,首都圏新都市鉄道,,saitama,0,
7756043026,流山セントラルパーク,Nagareyama-centralpark,35.854607,139.91524,首都圏新都市鉄道,,saitama,0,
7763931139,仏子,Bushi,35.837703,139.359994,,,saitama,0,
7763971925,飯能,Hanno,35.851005,139.319059,西武鉄道,西武鉄道,saitama,0,
7763971926,元加治,Motokaji,35.840554,139.345729,,,saitama,0,
7777259885,東川口,Higashi-Kawaguchi,35.876641,139.743615,埼玉高速鉄道,,saitama,0,
7777259886,戸塚安行,Tozuka-angyo,35.858938,139.753702,埼玉高速鉄道,,saitama,0,
7777259887,新井宿,Araijuku,35.842998,139.73822,埼玉高速鉄道,,saitama,0,
7777259888,鳩ヶ谷,Hatogaya,35.830873,139.736159,埼玉高速鉄道,,saitama,0,
7800482889,吾野,Agano,35.908491,139.226734,,,saitama,0,
7847692435,寄居,Yorii,36.11774,139.19394,,,saitama,0,
7853547106,行田市,Gyōdashi,36.143597,139.459318,,,saitama,0,
7863114047,高坂,Takasaka,36.002645,139.3977,東武鉄道,東武鉄道,saitama,0,
7864238131,霞ヶ関,Kasumigaseki,35.925614,139.443197,東武鉄道,東武鉄道,saitama,0,
7864238136,川越市,Kawagoeshi,35.913962,139.477254,東武鉄道,東武鉄道,saitama,0,
7864238138,川越,Kawagoe,35.90699,139.482954,東日本旅客鉄道,,saitama,1,
7864238141,川越,Kawagoe,35.907082,139.483294,東武鉄道,東武鉄道,saitama,0,
7864238144,新河岸,Shingashi,35.891376,139.496838,東武鉄道,東武鉄道,saitama,0,
7864238145,上福岡,Kami-fukuoka,35.873901,139.511804,東武鉄道,東武鉄道,saitama,0,
7864238147,ふじみ野,Fujimino,35.860841,139.523107,東武鉄道,東武鉄道,saitama,0,
7864238151,鶴瀬,Tsuruse,35.845757,139.539411,東武鉄道,東武鉄道,saitama,0,
7864238153,みずほ台,Mizuhodai,35.83822,139.550861,東武鉄道,東武鉄道,saitama,0,
7864238156,柳瀬川,Yanasegawa,35.8308,139.562104,東武鉄道,東武鉄道,saitama,0,
7864999211,玉淀,Tamayodo,36.11709,139.200196,,,saitama,0,
7864999216,鉢形,Hachigata,36.113862,139.209012,,東武鉄道,saitama,0,
7864999226,男衾,Obusuma,36.107489,139.234175,,東武鉄道,saitama,0,
7864999237,東武竹沢,Tōbu-Takezawa,36.075466,139.237715,,,saitama,0,
7864999250,小川町,Ogawamachi,36.058445,139.261263,東武鉄道,東武鉄道,saitama,0,
7864999263,武蔵嵐山,Musashi-ranzan,36.04438,139.327784,東武鉄道,東武鉄道,saitama,0,
7864999264,つきのわ,Tsukinowa,36.043493,139.345397,東武鉄道,東武鉄道,saitama,0,
7864999267,森林公園,Shinrin-koen,36.04519,139.374969,東武鉄道,,saitama,0,
7864999270,東松山,Higashi-matsuyama,36.0348,139.401613,東武鉄道,東武鉄道,saitama,0,
7864999272,北坂戸,Kita-sakado,35.971897,139.396723,東武鉄道,東武鉄道,saitama,0,
7864999275,坂戸,Sakado,35.95706,139.39377,東武鉄道,,saitama,0,
7864999281,若葉,Wakaba,35.949124,139.408806,東武鉄道,東武鉄道,saitama,0,
7864999282,鶴ヶ島,Tsurugashima,35.936943,139.423671,東武鉄道,東武鉄道,saitama,0,
7866648782,越生,Ogose,35.962199,139.299328,東武鉄道,東武鉄道,saitama,0,
7866648784,東飯能,Higashi-Hannō,35.85323,139.326077,東日本旅客鉄道,,saitama,1,
7866710387,東飯能,Higashi-Hannō,35.852784,139.325856,西武鉄道,西武鉄道,saitama,0,
7875845244,八木崎,Yagisaki,35.978325,139.741783,,,saitama,0,
7881229781,小金城趾,Koganejoshi,35.835747,139.917342,流鉄,,saitama,0,
7881229783,鰭ヶ崎,Hiregasaki,35.84101,139.910894,流鉄,,saitama,0,
7881229784,平和台,Heiwadai,35.850878,139.901089,流鉄,,saitama,0,
7882334792,南流山,Minami-Nagareyama,35.837764,139.904257,東日本旅客鉄道,,saitama,1,
7882334794,三郷,Misato,35.845037,139.885779,東日本旅客鉄道,,saitama,1,
7882334795,新三郷,Shim-Misato,35.858801,139.869226,東日本旅客鉄道,,saitama,1,
7882334798,吉川美南,Yoshikawa-Minami,35.868067,139.858081,東日本旅客鉄道,,saitama,1,
7882334803,西浦和,Nishi-Urawa,35.844206,139.62792,東日本旅客鉄道,,saitama,1,
7882334806,東浦和,Higashi-Urawa,35.864081,139.704507,東日本旅客鉄道,,saitama,1,
7882334808,越谷レイクタウン,Koshigaya-Laketown,35.876217,139.822401,東日本旅客鉄道,,saitama,1,
7882334809,吉川,Yoshikawa,35.876578,139.843505,東日本旅客鉄道,,saitama,1,
7900236531,熊谷,Kumagaya,36.139353,139.390409,,,saitama,0,
7965117871,東毛呂,Higashi-moro,35.946837,139.315423,東武鉄道,東武鉄道,saitama,0,
7965136163,一本松,Ippommatsu,35.940371,139.37029,東武鉄道,東武鉄道,saitama,0,
7965143821,武州長瀬,Bushu-nagase,35.941922,139.326014,東武鉄道,東武鉄道,saitama,0,
7966816610,高麗,Koma,35.881711,139.304436,,,saitama,0,
7966844293,東吾野,Higashi-Agano,35.892103,139.260522,,,saitama,0,
7966845936,武蔵横手,Musashi-Yokote,35.88557,139.280581,,,saitama,0,
7966871849,芦ヶ久保,Ashigakubo,35.976887,139.136715,,,saitama,0,
7966871897,西吾野,Nishi-Agano,35.92638,139.202246,,,saitama,0,
7966878613,正丸,Shomaru,35.938315,139.182097,,,saitama,0,
7967415774,和戸,Wado,36.040135,139.700778,,,saitama,0,
7975039774,新狭山,Shin-Sayama,35.873955,139.433459,,,saitama,0,
7975056397,狭山市,Sayamashi,35.857292,139.4132,,,saitama,0,
7975076812,南大塚,Minami-Otsuka,35.889827,139.454295,,,saitama,0,
7975080765,入曽,Iriso,35.832503,139.42707,,,saitama,0,
7975091124,本川越,Hon-Kawagoe,35.91409,139.48125,西武鉄道,西武鉄道,saitama,0,
8057374405,幸手,Satte,36.074899,139.715006,,,saitama,0,
8063012971,栗橋,Kurihashi,36.136911,139.694019,,,saitama,0,
8063018734,杉戸高野台,Sugito-Takanodai,36.05164,139.714511,,,saitama,0,
8079107627,みなみ寄居,Minami-Yorii,36.090896,139.23636,,,saitama,0,
8170394897,西川越,Nishi-Kawagoe,35.919173,139.459496,,,saitama,0,
8170394898,指扇,Sashiogi,35.917143,139.565051,東日本旅客鉄道,,saitama,1,
8170394903,日進,Nisshin,35.931556,139.606144,東日本旅客鉄道,,saitama,1,
8735534799,羽貫,Hanuki,36.007452,139.608424,埼玉新都市交通,,saitama,0,
8891836095,丹荘,Tansho,36.216734,139.102401,,,saitama,0,
9920471133,和銅黒谷,Wado-Kuroya,36.046915,139.10171,,,saitama,0,
10837069811,ふかや花園,Fukaya-Hanazono,36.130814,139.248062,秩父鉄道,秩父鉄道本線,saitama,0,
11002390977,大宮,Omiya,35.906149,139.623152,東日本旅客鉄道,東北新幹線,saitama,1,
11002390985,大宮,Omiya,35.908157,139.624079,東武鉄道,東武鉄道,saitama,0,
12327689416,武蔵高萩,Musashi-Takahagi,35.901753,139.37135,,,saitama,0,
172522965,新子安,Shin-Koyasu,35.486875,139.654164,東日本旅客鉄道,,kanagawa,1,
263271899,子安,Koyasu,35.484643,139.645123,京浜急行電鉄,,kanagawa,0,
263274493,神奈川新町,Kanagawa-shimmachi,35.481427,139.64,京浜急行電鉄 (Keikyu Corporation),,kanagawa,0,
263274999,横浜,Yokohama,35.466207,139.623195,京浜急行電鉄,,kanagawa,0,1638
263275159,神奈川,Kanagawa,35.471526,139.62752,,,kanagawa,0,
264814064,川崎新町,Kawasaki-Shimmachi,35.518257,139.699182,東日本旅客鉄道,,kanagawa,1,
264814072,浜川崎,Hama-Kawasaki,35.510325,139.713756,東日本旅客鉄道,,kanagawa,1,
266084909,中央林間,Chuo-rinkan,35.507581,139.44459,東京急行電鉄,,kanagawa,0,
266085013,つきみ野,Tsukimino,35.51039,139.458272,東京急行電鉄,,kanagawa,0,
280474787,鴨居,Kamoi,35.510947,139.567054,東日本旅客鉄道,,kanagawa,1,
280474931,中山,Nakayama,35.514697,139.539533,東日本旅客鉄道,,kanagawa,1,
280474943,大口,Oguchi,35.492377,139.646287,東日本旅客鉄道,,kanagawa,1,
280475974,小机,Kozukue,35.508693,139.599718,東日本旅客鉄道,,kanagawa,1,
280476284,東神奈川,Higashi-Kanagawa,35.477943,139.633327,東日本旅客鉄道,,kanagawa,1,
281367140,座間,Zama,35.480715,139.399926,小田急電鉄,小田急電鉄,kanagawa,0,
281458957,狭間,Hazama,35.640596,139.29331,京王電鉄,,kanagawa,0,
281469427,入谷,Iriya,35.478668,139.391775,東日本旅客鉄道,相模線,kanagawa,1,
281469605,海老名,Ebina,35.454323,139.389406,,,kanagawa,0,
281470396,相武台下,Sobudaishita,35.493183,139.386219,東日本旅客鉄道,,kanagawa,1,
281470876,下溝,Shimomizo,35.518144,139.380493,東日本旅客鉄道,,kanagawa,1,
666928567,小田急相模原,Odakyu-Sagamihara,35.515196,139.422646,小田急電鉄,,kanagawa,0,
675449217,清滝,Kiyotaki,35.631103,139.266899,,,kanagawa,0,
676637945,高尾山,Takaosan,35.631094,139.256094,,,kanagawa,0,
823269235,南万騎が原,Minami-Makigahara,35.452353,139.526377,,,kanagawa,0,
823271603,鶴ケ峰,Tsurugamine,35.474943,139.549349,,,kanagawa,0,
823272153,三ツ境,Mitsukyo,35.467824,139.502549,,,kanagawa,0,
823272267,和田町,Wadamachi,35.463607,139.58681,,,kanagawa,0,
823272288,相模大塚,Sagami-Otsuka,35.47058,139.440843,,,kanagawa,0,
823272622,西谷,Nishiya,35.47813,139.565656,,,kanagawa,0,
823272628,海老名,,35.453014,139.391674,,,kanagawa,0,
823272743,西横浜,Nishi-Yokohama,35.453288,139.608481,,,kanagawa,0,
823272815,天王町,Tennocho,35.454005,139.602631,,,kanagawa,0,
823272907,大和,Yamato,35.469961,139.461468,,,kanagawa,0,
823272975,二俣川,Futamatagawa,35.463465,139.532237,,,kanagawa,0,
823273031,星川,Hoshikawa,35.458828,139.5947,,,kanagawa,0,
823273057,瀬谷,Seya,35.470396,139.482529,,,kanagawa,0,
823273195,かしわ台,Kashiwadai,35.466708,139.415318,,,kanagawa,0,
823273226,上星川,Kami-Hoshikawa,35.467719,139.580014,,,kanagawa,0,
823273322,さがみ野,Sagamino,35.471557,139.428569,,,kanagawa,0,
823273354,平沼橋,Hiranuma-bashi,35.459665,139.616343,相模鉄道,,kanagawa,0,
956052583,浜川崎,Hama-Kawasaki,35.509928,139.713861,東日本旅客鉄道,,kanagawa,1,
1017449063,妙蓮寺,Myorenji,35.498536,139.633226,東京急行電鉄,,kanagawa,0,
1218588914,反町,Tammachi,35.474682,139.625249,東京急行電鉄,,kanagawa,0,
1705352003,希望ヶ丘,Kibogaoka,35.460453,139.514261,,,kanagawa,0,
2550872475,生麦,Namamugi,35.495287,139.666921,京浜急行電鉄,,kanagawa,0,
2550872524,京急新子安,Keikyu Shinkoyasu,35.487098,139.655475,京浜急行電鉄,,kanagawa,0,
2738954706,桜木町,Sakuragicho,35.451005,139.631002,,,kanagawa,0,
3162565032,ダム上 山頂,,35.540505,139.248632,,,kanagawa,0,
3162565033,ダム下 山麓,,35.541637,139.250021,,,kanagawa,0,
3205664660,鶴見,Tsurumi,35.508339,139.675976,東日本旅客鉄道,,kanagawa,1,
3213632950,菊名,Kikuna,35.509686,139.630273,東日本旅客鉄道,,kanagawa,1,
3585794198,新横浜,Shin-Yokohama,35.506833,139.617584,,,kanagawa,0,
3622405815,高尾,Takao,35.64166,139.281634,京王電鉄,,kanagawa,0,
3622405816,高尾,Takao,35.642343,139.282662,東日本旅客鉄道,,kanagawa,1,
3651186393,すずかけ台,Suzukakedai,35.516911,139.481437,,,kanagawa,0,
3995909017,横浜,Yokohama,35.465685,139.622504,,,kanagawa,0,1638
4079568704,小田栄,Odasakae,35.514207,139.705298,東日本旅客鉄道,,kanagawa,1,
6002078831,藤野,Fujino,35.615885,139.152444,東日本旅客鉄道,,kanagawa,1,
6002079057,上野原,Uenohara,35.618893,139.116046,JR東日本,,kanagawa,1,
6002079147,四方津,Shiotsu,35.614161,139.073159,東日本旅客鉄道,,kanagawa,1,
6002437670,相模湖,Sagamiko,35.617398,139.188492,東日本旅客鉄道,,kanagawa,1,
6003241794,高尾山口,Takaosanguchi,35.6325,139.269908,京王電鉄,,kanagawa,0,
6057309189,相武台前,Soubudai-Mae,35.499145,139.408471,小田急電鉄,,kanagawa,0,
6131491522,海老名,Ebina,35.452749,139.390932,,,kanagawa,0,
6254638463,菊名,Kikuna,35.510385,139.631331,東京急行電鉄,,kanagawa,0,
6254641022,白楽,Hakuraku,35.489675,139.627922,東京急行電鉄,,kanagawa,0,
6254645691,東白楽,Higashi-hakuraku,35.483247,139.629475,東京急行電鉄,,kanagawa,0,
6679881387,羽沢横浜国大,Hazawa yokohama-kokudai,35.481201,139.586115,相模鉄道;東日本旅客鉄道,,kanagawa,1,
6985700703,南町田グランベリーパーク,Minami-machida Grandberry Park,35.511501,139.470791,東急電鉄,,kanagawa,0,
7729930331,千鳥町,Chidoricho station,35.519393,139.751477,神奈川臨海鉄道,,kanagawa,0,
7750247045,新横浜,Shin-yokohama,35.508888,139.617311,横浜市交通局,横浜市営地下鉄,kanagawa,0,
7750247047,北新横浜,Kita-shin-yokohama,35.519277,139.612805,横浜市交通局,横浜市営地下鉄,kanagawa,0,
7750338822,高島町,Takashimacho,35.458451,139.623858,横浜市交通局,横浜市営地下鉄,kanagawa,0,
7750342739,岸根公園,Kishine-koen,35.496151,139.616824,横浜市交通局,,kanagawa,0,
7750342740,三ツ沢上町,Mitsuzawa-kamicho,35.476415,139.605646,横浜市交通局,横浜市営地下鉄,kanagawa,0,
7750342741,片倉町,Katakuracho,35.490076,139.606483,横浜市交通局,,kanagawa,0,
7750342742,三ツ沢下町,Mitsuzawa-shimocho,35.476509,139.616091,横浜市交通局,横浜市営地下鉄,kanagawa,0,
7750342743,横浜,Yokohama,35.465377,139.620167,横浜市交通局,,kanagawa,0,1638
7771245984,中山,Nakayama,35.514805,139.540189,横浜市交通局,横浜市営地下鉄,kanagawa,0,
7804259443,横浜,Yokohama,35.464269,139.620297,相模鉄道,,kanagawa,0,1638
7834937707,花月総持寺,Kagetsu-Sojiji,35.500439,139.672999,京浜急行電鉄,,kanagawa,0,
7834937709,京急鶴見,Keikyu Tsurumi,35.507293,139.678021,京浜急行電鉄,,kanagawa,0,
7834937710,鶴見市場,Tsurumi-ichiba,35.517836,139.686696,京浜急行電鉄,,kanagawa,0,
7856115777,馬車道,Bashamichi,35.450147,139.636297,横浜高速鉄道,,kanagawa,0,
7856115778,みなとみらい,Minatomirai,35.457233,139.632845,横浜高速鉄道,,kanagawa,0,
7856115779,新高島,Shin-Takashima,35.461939,139.626641,横浜高速鉄道,,kanagawa,0,
7856861003,戸部,Tobe,35.456746,139.619535,京浜急行電鉄,,kanagawa,0,
7856861004,京急東神奈川,Keikyu Higashi-Kanagawa,35.477267,139.634545,京浜急行電鉄,,kanagawa,0,
7899706341,大和,Yamato,35.469779,139.461482,小田急電鉄,,kanagawa,0,
7899706349,中央林間,Chuo-Rinkan,35.507521,139.444121,小田急電鉄,,kanagawa,0,
7967959831,横浜,Yokohama,35.466292,139.622081,,みなとみらい線;東急電鉄,kanagawa,0,1638
8026378907,昭和,Showa,35.506469,139.724051,東日本旅客鉄道,,kanagawa,1,
8026383420,浅野,Asano,35.497434,139.695704,東日本旅客鉄道,,kanagawa,1,
8026383421,安善,Anzen,35.499648,139.700887,東日本旅客鉄道,,kanagawa,1,
8026383422,武蔵白石,Musashi-Shiraishi,35.501812,139.706292,東日本旅客鉄道,,kanagawa,1,
8026407444,扇町,Ogimachi,35.501275,139.722235,東日本旅客鉄道,,kanagawa,1,
8026421430,海芝浦,Umi-Shibaura,35.485904,139.700285,東日本旅客鉄道,,kanagawa,1,
8026421469,鶴見小野,Tsurumiono,35.497295,139.680911,東日本旅客鉄道,,kanagawa,1,
8026421612,大川,Okawa,35.495495,139.711124,東日本旅客鉄道,,kanagawa,1,
8026429248,新芝浦,Shin-Shibaura,35.491954,139.700025,東日本旅客鉄道,,kanagawa,1,
8026433198,弁天橋,Bentembashi,35.495739,139.689389,東日本旅客鉄道,,kanagawa,1,
8026435189,国道,Kokudo,35.500977,139.675399,東日本旅客鉄道,,kanagawa,1,
10108140340,鶴間,Tsuruma,35.49023,139.45083,小田急電鉄,小田急電鉄,kanagawa,0,
10108140341,南林間,Minami-Rinkan,35.495726,139.447969,小田急電鉄,,kanagawa,0,
10113292368,桜ヶ丘,Sakuragaoka,35.450564,139.465771,小田急電鉄,小田急電鉄,kanagawa,0,
11329681981,新横浜,Shin-Yokohama,35.507228,139.617422,,,kanagawa,0,
13324198562,小田栄,Odasakae,35.514619,139.704867,東日本旅客鉄道,,kanagawa,1,
1093224468,東海神,Higashi-Kaijin,35.70596,139.98055,東葉高速鉄道,東葉高速線,chiba,0,
1642794907,本銚子,Moto-Choshi,35.731056,140.847815,,,chiba,0,
1844116451,上総山田,Kazusa-Yamada,35.454201,140.126182,小湊鉄道,,chiba,0,
1923401945,北習志野,Kita-narashino,35.721454,140.041715,東葉高速鉄道,東葉高速線,chiba,0,
1923703990,船橋日大前,Funabashi-nichidaimae,35.726842,140.058817,東葉高速鉄道,東葉高速線,chiba,0,
1923720146,原木中山,Baraki-nakayama,35.703148,139.941659,東京地下鉄,,chiba,0,
1923879760,東葉勝田台,Toyo-Katsutadai,35.71595,140.126056,東葉高速鉄道,東葉高速線,chiba,0,
1927034703,京成中山,Keisei-Nakayama,35.716871,139.944731,京成電鉄,京成,chiba,0,
1950613882,成田空港,Narita Airport Terminal 1,35.765397,140.38599,京成電鉄,京成,chiba,0,
2018073976,葭川公園,Yoshikawa-Koen,35.608849,140.120097,,,chiba,0,
2018074010,栄町,Sakaecho,35.612961,140.118622,千葉都市モノレール,,chiba,0,
2018074014,市役所前,Shiyakushomae,35.607224,140.107848,千葉都市モノレール,,chiba,0,
2018074040,県庁前,Kencho-Mae,35.603685,140.122157,,,chiba,0,
2065711074,穴川,Anagawa,35.639568,140.111877,千葉都市モノレール,,chiba,0,
2065711075,千葉公園,Chiba-Koen,35.619805,140.117824,千葉都市モノレール,,chiba,0,
2065711076,作草部,Sakusabe,35.625695,140.115251,千葉都市モノレール,,chiba,0,
2065711077,天台,Tendai,35.631418,140.112786,千葉都市モノレール,,chiba,0,
2486366411,海士有木,Amaariki,35.481707,140.12411,小湊鉄道,,chiba,0,
2496904129,八千代緑が丘,Yachiyo-midorigaoka,35.72885,140.072995,東葉高速鉄道,東葉高速線,chiba,0,
2496905056,八千代中央,Yachiyo-chuo,35.727852,140.10341,東葉高速鉄道,東葉高速線,chiba,0,
2496905171,村上,Murakami,35.723773,140.118352,東葉高速鉄道,東葉高速線,chiba,0,
2496907359,飯山満,Hasama,35.714005,140.022164,東葉高速鉄道,東葉高速線,chiba,0,
2496907808,西船橋,Nishi-Funabashi,35.707479,139.959102,東日本旅客鉄道,,chiba,1,
2543426615,京成津田沼,Keisei Tsudanuma,35.683633,140.024816,京成電鉄,京成,chiba,0,
2545318838,京成千葉,Keisei Chiba,35.611666,140.114302,京成電鉄,京成電鉄,chiba,0,
2545318845,千葉中央,Chiba-Chuo,35.607325,140.11784,京成電鉄,京成電鉄,chiba,0,
2545318853,ちはら台,Chiharadai,35.53383,140.170277,京成電鉄,,chiba,0,
2545318856,学園前,Gakuemmae,35.560616,140.158408,京成電鉄,,chiba,0,
2545318862,京成稲毛,Keisei Inage,35.637643,140.085608,京成電鉄,京成電鉄,chiba,0,
2545318868,検見川,Kemigawa,35.652602,140.066294,京成電鉄,,chiba,0,
2545318874,京成幕張,Keisei Makuhari,35.660953,140.05566,京成電鉄,,chiba,0,
2545318880,京成幕張本郷,Keisei Makuhari-Hongo,35.672623,140.042125,京成電鉄,,chiba,0,
2545318886,みどり台,Midoridai,35.624802,140.097706,京成電鉄,京成電鉄,chiba,0,
2545318891,西登戸,Nishi-Nobuto,35.61746,140.102928,京成電鉄,京成電鉄,chiba,0,
2545318902,大森台,Omoridai,35.584155,140.149415,京成電鉄,京成電鉄,chiba,0,
2545318916,新千葉,Shin-Chiba,35.612552,140.108295,京成電鉄,京成電鉄,chiba,0,
2546879658,印旛日本医大,Inba Nihon Idai,35.787658,140.203117,北総鉄道,,chiba,0,
2546879661,小室,Komuro,35.787003,140.076211,北総鉄道,,chiba,0,
2558121910,東船橋,Higashi-Funabashi,35.699773,140.00429,東日本旅客鉄道,,chiba,1,
2559434098,旭,Asahi,35.721822,140.655092,東日本旅客鉄道,,chiba,1,
2559434100,千葉,Chiba,35.613734,140.112533,東日本旅客鉄道,,chiba,1,
2559434101,銚子,Chōshi,35.729412,140.827314,東日本旅客鉄道,,chiba,1,
2559434102,榎戸,Enokido,35.683777,140.288477,東日本旅客鉄道,,chiba,1,
2559434103,船橋,Funabashi,35.701657,139.98525,東日本旅客鉄道,,chiba,1,
2559434106,東千葉,Higashi-Chiba,35.616834,140.122131,東日本旅客鉄道,,chiba,1,
2559434108,干潟,Higata,35.718295,140.602861,東日本旅客鉄道,,chiba,1,
2559434110,日向,Hyuga,35.628354,140.362772,東日本旅客鉄道,,chiba,1,
2559434113,飯倉,Igura,35.685677,140.522441,東日本旅客鉄道,,chiba,1,
2559434116,飯岡,Iioka,35.729327,140.683679,東日本旅客鉄道,,chiba,1,
2559434123,倉橋,Kurahashi,35.738071,140.714446,東日本旅客鉄道,,chiba,1,
2559434126,松岸,Matsugishi,35.739558,140.795258,東日本旅客鉄道,,chiba,1,
2559434127,松尾,Matsuo,35.636016,140.457661,東日本旅客鉄道,,chiba,1,
2559434128,南酒々井,Minami-Shisui,35.704409,140.268163,東日本旅客鉄道,,chiba,1,
2559434130,物井,Monoi,35.685674,140.200294,東日本旅客鉄道,,chiba,1,
2559434136,空港第2ビル,Narita Airport Terminal 2·3,35.773197,140.387212,京成電鉄,京成,chiba,0,
2559434137,成田,Narita,35.777916,140.314045,東日本旅客鉄道,,chiba,1,
2559434138,成東,Naruto,35.608453,140.410814,東日本旅客鉄道,,chiba,1,
2559434147,佐倉,Sakura,35.709649,140.226103,東日本旅客鉄道,,chiba,1,
2559434148,猿田,Saruda,35.747318,140.737426,東日本旅客鉄道,,chiba,1,
2559434152,椎柴,Shiishiba,35.765313,140.75878,,,chiba,0,
2559434156,下総豊里,Shimosa-Toyosato,35.793128,140.720699,,,chiba,0,
2559434161,酒々井,Shisui,35.731812,140.275324,東日本旅客鉄道,,chiba,1,
2559434169,都賀,Tsuga,35.636082,140.149235,,,chiba,0,
2559434170,八街,Yachimata,35.663078,140.317746,東日本旅客鉄道,,chiba,1,
2559434171,八日市場,Yokaichiba,35.699226,140.552094,東日本旅客鉄道,,chiba,1,
2559434172,横芝,Yokoshiba,35.661863,140.491109,東日本旅客鉄道,,chiba,1,
2559434173,四街道,Yotsukaido,35.663027,140.1656,東日本旅客鉄道,,chiba,1,
2650131152,北習志野,Kita-narashino,35.721467,140.041986,京成電鉄,,chiba,0,
2706936168,みつわ台,Mitsuwadai,35.638751,140.134784,千葉都市モノレール,,chiba,0,
2706936169,スポーツセンター,Sports Center,35.643235,140.116157,千葉都市モノレール,,chiba,0,
2706937292,動物公園,Dobutsu-Koen,35.642577,140.125514,千葉都市モノレール,,chiba,0,
2706937293,千城台,Chishirodai,35.622329,140.18855,千葉都市モノレール,,chiba,0,
2706937294,千城台北,Chishirodai-Kita,35.627415,140.182037,千葉都市モノレール,,chiba,0,
2706937295,千葉みなと,Chiba-Minato,35.607441,140.102472,千葉都市モノレール,Chiba Urban Monorail Line 1,chiba,0,
2706937296,小倉台,Oguradai,35.627715,140.171759,千葉都市モノレール,,chiba,0,
2706937297,桜木,Sakuragi,35.631249,140.161015,千葉都市モノレール,,chiba,0,
2706937298,都賀,Tsuga,35.63549,140.148738,千葉都市モノレール,,chiba,0,
2707063861,千葉,Chiba,35.612104,140.114158,千葉都市モノレール,,chiba,0,
2777911838,東成田,Higashi-Narita,35.770088,140.387219,京成電鉄,京成電鉄,chiba,0,
2777911854,芝山千代田,Shibayama-Chiyoda,35.754058,140.399507,芝山鉄道,,chiba,0,
3014657232,五井,Goi,35.513096,140.089562,東日本旅客鉄道,,chiba,1,
3014683035,八幡宿,Yawatajuku,35.536263,140.120144,東日本旅客鉄道,,chiba,1,
3014683044,土気,Toke,35.530867,140.269779,東日本旅客鉄道,,chiba,1,
3014683046,大網,Oami,35.52283,140.311,東日本旅客鉄道,,chiba,1,
3014683050,姉ケ崎,Anegasaki,35.478599,140.042172,東日本旅客鉄道,,chiba,1,
3014683061,本千葉,Hon-Chiba,35.601121,140.12102,東日本旅客鉄道,,chiba,1,
3014683062,本納,Honno,35.482124,140.307407,東日本旅客鉄道,,chiba,1,
3014683065,東金,Togane,35.560277,140.363614,東日本旅客鉄道,,chiba,1,
3014683067,永田,Nagata,35.503371,140.31107,東日本旅客鉄道,,chiba,1,
3014683068,求名,Gumyo,35.57991,140.396273,東日本旅客鉄道,,chiba,1,
3014683070,浜野,Hamano,35.552028,140.13211,東日本旅客鉄道,,chiba,1,
3014683074,福俵,Fukutawara,35.545942,140.341486,東日本旅客鉄道,,chiba,1,
3014683077,蘇我,Soga,35.581373,140.131157,東日本旅客鉄道,,chiba,1,
3014683080,誉田,Honda,35.547011,140.21387,東日本旅客鉄道,,chiba,1,
3014683082,鎌取,Kamatori,35.562834,140.1785,,,chiba,0,
3014683083,長浦,Nagaura,35.450489,139.995619,東日本旅客鉄道,,chiba,1,
3100212900,仲ノ町,Nakanocho,35.72888,140.833507,銚子電気鉄道,,chiba,0,
3100212901,君ヶ浜,Kimigahama,35.71355,140.860502,,,chiba,0,
3100212902,外川,Tokawa,35.699254,140.857025,,,chiba,0,
3100212903,海鹿島,Ashikajima,35.721792,140.863544,,,chiba,0,
3100212904,犬吠,Inubo,35.706245,140.861175,,,chiba,0,
3100212905,笠上黒生,Kasagami-Kurohae,35.728429,140.857086,,,chiba,0,
3100212906,西海鹿島,Nishi-Ashikajima,35.725413,140.859857,,,chiba,0,
3100212907,観音,Kannon,35.729039,140.840223,銚子電気鉄道,,chiba,0,
3528531078,二俣新町,Futamata-Shinmachi,35.691381,139.959533,東日本旅客鉄道,,chiba,1,
3654392234,鎌ヶ谷,Kamagaya,35.764046,139.997352,,,chiba,0,
3654392263,新船橋,Shin-Funabashi,35.711449,139.979796,,,chiba,0,
3654392265,新鎌ヶ谷,Shin-Kamagaya,35.780343,139.999507,東武鉄道,,chiba,0,
3654392276,塚田,Tsukada,35.721668,139.982525,,,chiba,0,
3654392327,馬込沢,Magomezawa,35.741571,139.992256,,,chiba,0,
3654392332,六実,Mutsumi,35.793867,139.999345,,,chiba,0,
3730429147,千葉みなと,Chiba-Minato,35.606889,140.102697,東日本旅客鉄道,,chiba,1,
3730429155,稲毛海岸,Inage-Kaigan,35.629492,140.073565,東日本旅客鉄道,,chiba,1,
3730429159,海浜幕張,Kaihin-Makuhari,35.648423,140.041921,東日本旅客鉄道,,chiba,1,
3730429165,検見川浜,Kemigawahama,35.637207,140.059077,東日本旅客鉄道,,chiba,1,
3730429171,南船橋,Minami-Funabashi,35.681976,139.995543,東日本旅客鉄道,,chiba,1,
3730429177,新習志野,Shin-Narashino,35.66735,140.012879,東日本旅客鉄道,,chiba,1,
6057804603,船橋,Funabashi,35.701998,139.984681,東武鉄道,東武鉄道,chiba,0,
6725224628,公園,Koen,35.730739,140.153749,山万,,chiba,0,
7829693340,上総村上,Kazusa-Murakami,35.496238,140.100269,小湊鉄道,,chiba,0,
7829693341,上総三又,Kazusa-Mitsumata,35.466033,140.126766,小湊鉄道,,chiba,0,
7829693342,京成大和田,Keisei-Owada,35.712074,140.107946,京成電鉄,京成電鉄,chiba,0,
7858025487,公津の杜,Kozunomori,35.760481,140.295261,京成電鉄,京成電鉄,chiba,0,
7858142412,京成西船,Keisei Nishifuna,35.711653,139.958983,京成電鉄,京成,chiba,0,
7858142414,東中山,Higashi-Nakayama,35.714473,139.952596,京成電鉄,京成,chiba,0,
7858142417,鬼越,Onigoe,35.719956,139.937558,京成電鉄,京成,chiba,0,
7858158401,京成大久保,Keisei-Okubo,35.685951,140.048186,京成電鉄,京成,chiba,0,
7858158403,谷津,Yatsu,35.685295,140.007569,京成電鉄,京成電鉄,chiba,0,
7858158405,船橋競馬場,Funabashi-Keibajo,35.689794,139.997939,京成電鉄,京成電鉄,chiba,0,
7858158409,大神宮下,Daijingu-Shita,35.694291,139.991252,京成電鉄,京成電鉄,chiba,0,
7858159185,京成船橋,Keisei Funabashi,35.700231,139.985634,京成電鉄,京成電鉄,chiba,0,
7858159187,海神,Kaijin,35.705761,139.972098,京成電鉄,京成,chiba,0,
7858159327,八千代台,Yachiyodai,35.701265,140.090618,京成電鉄,京成,chiba,0,
7858159331,実籾,Mimomi,35.686907,140.068424,京成電鉄,京成,chiba,0,
7858182732,京成佐倉,Keisei-Sakura,35.725189,140.229724,京成電鉄,京成電鉄,chiba,0,
7858182736,京成臼井,Keisei-Usui,35.729918,140.180805,京成電鉄,京成電鉄,chiba,0,
7858182738,ユーカリが丘,Yukarigaoka,35.721731,140.156376,京成電鉄,京成電鉄,chiba,0,
7858182741,志津,Shizu,35.717457,140.144974,京成電鉄,京成電鉄,chiba,0,
7858182743,勝田台,Katsutadai,35.715463,140.126045,京成電鉄,京成電鉄,chiba,0,
7858255370,成田空港,Narita Airport Terminal 1,35.765099,140.385943,東日本旅客鉄道,,chiba,1,
7858255374,京成成田,Keisei-Narita,35.776443,140.315519,京成電鉄,京成電鉄,chiba,0,
7858255377,宗吾参道,Sogosando,35.752651,140.281019,京成電鉄,京成電鉄,chiba,0,
7858255379,京成酒々井,Keisei-Shisui,35.736799,140.270049,京成電鉄,京成電鉄,chiba,0,
7858255381,大佐倉,Osakura,35.730138,140.251063,京成電鉄,京成電鉄,chiba,0,
7858346609,空港第2ビル,Narita Airport Terminal 2·3,35.773258,140.387352,東日本旅客鉄道,,chiba,1,
7858390709,井野,Ino,35.732674,140.148597,,,chiba,0,
7858390710,中学校,Chugakko,35.740215,140.148387,山万,,chiba,0,
7858390711,女子大,Joshidai,35.738203,140.154974,山万,,chiba,0,
7858390712,地区センター,Chikucenter,35.725945,140.155255,山万,,chiba,0,
7858390713,ユーカリが丘,Yūkarigaoka,35.722108,140.156971,,,chiba,0,
7858848014,新鎌ヶ谷,Shin-Kamagaya,35.779452,139.998312,北総鉄道,,chiba,0,
7858848020,東松戸,Higashi-Matsudo,35.769956,139.943105,北総鉄道,,chiba,0,
7858848021,成田湯川,Narita Yukawa,35.799553,140.291333,京成電鉄,,chiba,0,
7865838610,幕張,Makuhari,35.659323,140.057986,東日本旅客鉄道,,chiba,1,
7865838613,幕張本郷,Makuhari-Hongo,35.672696,140.042295,東日本旅客鉄道,,chiba,1,
7865838615,津田沼,Tsudanuma,35.691389,140.02019,東日本旅客鉄道,,chiba,1,
7865838617,下総中山,Shimosa-Nakayama,35.714304,139.943078,東日本旅客鉄道,,chiba,1,
7865838628,新検見川,Shin-Kemigawa,35.651784,140.073098,東日本旅客鉄道,,chiba,1,
7865838630,稲毛,Inage,35.637085,140.092567,東日本旅客鉄道,,chiba,1,
7865838634,西千葉,Nishi-Chiba,35.622727,140.103125,東日本旅客鉄道,,chiba,1,
7882288883,船橋法典,Funabashi-Hoten,35.730874,139.96657,東日本旅客鉄道,,chiba,1,
7882334785,市川大野,Ichikawa-Ono,35.755385,139.951271,東日本旅客鉄道,,chiba,1,
7882334787,東松戸,Higashi-Matsudo,35.77025,139.944003,東日本旅客鉄道,,chiba,1,
7882334789,新八柱,Shin-Yahashira,35.791951,139.938384,東日本旅客鉄道,,chiba,1,
7962936924,新津田沼,Shin-Tsudanuma,35.690358,140.023348,京成電鉄,京成電鉄,chiba,0,
7962936926,前原,Maebara,35.700952,140.027839,京成電鉄,京成電鉄,chiba,0,
7962936928,薬園台,Yakuendai,35.710159,140.037704,京成電鉄,,chiba,0,
7962936929,習志野,Narashino,35.715155,140.042712,京成電鉄,,chiba,0,
7962936930,高根公団,Takanekodan,35.730221,140.029662,京成電鉄,,chiba,0,
7962936932,滝不動,Takifudo,35.737718,140.025986,京成電鉄,,chiba,0,
7962936933,三咲,Misaki,35.749075,140.02852,京成電鉄,,chiba,0,
7962936935,二和向台,Futawamukodai,35.753987,140.023481,京成電鉄,,chiba,0,
7962936937,鎌ヶ谷大仏,Kamagayadaibutsu,35.757912,140.013836,京成電鉄,,chiba,0,
7962936940,初富,Hatsutomi,35.772209,140.00056,京成電鉄,,chiba,0,
7962936941,新鎌ヶ谷,Shin-kamagaya,35.779297,139.998523,京成電鉄,,chiba,0,
7962936943,北初富,Kita-hatsutomi,35.77722,139.991825,京成電鉄,京成電鉄,chiba,0,
7962936945,くぬぎ山,Kunugiyama,35.782292,139.975718,京成電鉄,,chiba,0,
7962936947,元山,Motoyama,35.790219,139.975829,京成電鉄,,chiba,0,
7962936949,五香,Goko,35.796978,139.965928,京成電鉄,,chiba,0,
7962936953,八柱,Yabashira,35.791591,139.937639,京成電鉄,,chiba,0,
7962936961,高根木戸,Takanekido,35.726733,140.03475,京成電鉄,,chiba,0,
7966050102,西白井,Nishi-Shiroi,35.784369,140.031652,北総鉄道,,chiba,0,
7966050104,白井,Shiroi,35.784739,140.054093,北総鉄道,,chiba,0,
7966050113,大町,Omachi,35.775154,139.973586,北総鉄道,,chiba,0,
7966050115,松飛台,Matsuhidai,35.775351,139.957613,北総鉄道,,chiba,0,
7966050116,秋山,Akiyama,35.765295,139.930742,北総鉄道,,chiba,0,
8043717177,西船橋,Nishi-Funabashi,35.707292,139.958876,東京地下鉄;東葉高速鉄道,東京メトロ;東葉高速線,chiba,0,
8068316719,千葉寺,Chibadera,35.590297,140.132184,京成電鉄,京成電鉄,chiba,0,
8068316725,おゆみ野,Oyumino,35.550076,140.166128,京成電鉄,,chiba,0,
10742616693,幕張豊砂,Makuharitoyosuna,35.658217,140.026842,東日本旅客鉄道,,chiba,1,
10984857595,五井,Goi,35.512842,140.089581,小湊鉄道,,chiba,0,
263262699,西鎌倉,Nishikamakura,35.319375,139.504298,湘南モノレール,,kanagawa,0,
263262703,片瀬山,Kataseyama,35.317265,139.496014,湘南モノレール,,kanagawa,0,
263262803,湘南深沢,Shonan-Fukasawa,35.332872,139.518873,湘南モノレール,,kanagawa,0,
263262808,湘南江の島,Shonan-Enoshima,35.311727,139.487705,湘南モノレール,,kanagawa,0,
263266685,東逗子,Higashi-Zushi,35.298842,139.601407,東日本旅客鉄道,,kanagawa,1,
263267206,大船,Ōfuna,35.354309,139.531432,,,kanagawa,0,
263298361,六浦,Mutsuura,35.322592,139.61129,京浜急行電鉄,,kanagawa,0,
264199875,穴部,Anabe,35.280107,139.148471,,,kanagawa,0,
264199894,和田河原,Wadagahara,35.315852,139.118089,,,kanagawa,0,
264199904,富士フイルム前,Fujifilm-mae,35.317655,139.108894,,,kanagawa,0,
264199924,五百羅漢,Gohyakurakan,35.275262,139.155702,,,kanagawa,0,
264199929,飯田岡,Iidaoka,35.288028,139.139099,,,kanagawa,0,
264199933,相模沼田,Sagami-Numata,35.292111,139.133992,,,kanagawa,0,
264199946,塚原,Tsukahara,35.301726,139.126332,,,kanagawa,0,
264199961,井細田,Isaida,35.268519,139.157298,,,kanagawa,0,
264199994,大雄山,Daiyuzan,35.319186,139.10317,伊豆箱根鉄道,大雄山線,kanagawa,0,
264199996,岩原,Iwahara,35.299127,139.12849,,,kanagawa,0,
264200042,緑町,Midoricho,35.259603,139.158983,,,kanagawa,0,
264202768,宮ノ下,Miyanoshita,35.24215,139.062869,箱根登山鉄道,,kanagawa,0,
264206294,国府津,Kōzu,35.281289,139.214209,,,kanagawa,0,
264240233,片瀬江ノ島,Katase-Enoshima,35.308873,139.483502,小田急電鉄,,kanagawa,0,
280728684,海の公園柴口,Uminokoen-Shibaguchi,35.342105,139.635906,,,kanagawa,0,
280728809,八景島,Hakkeijima,35.340823,139.640836,,,kanagawa,0,
280728896,海の公園南口,Uminokoen-Minamiguchi,35.337166,139.632035,,,kanagawa,0,
280728933,幸浦,Sachiura,35.358338,139.643739,,,kanagawa,0,
280728953,福浦,Fukuura,35.349649,139.648544,,,kanagawa,0,
280728980,産業振興センター,Sangyoshinko Center,35.353426,139.646291,,,kanagawa,0,
281366192,本厚木,Hon-Atsugi,35.439318,139.364281,,,kanagawa,0,
281366968,伊勢原,Isehara,35.395993,139.3135,小田急電鉄,小田急電鉄,kanagawa,0,
281469762,香川,Kagawa,35.356504,139.399755,,,kanagawa,0,
281469981,門沢橋,Kadosawabashi,35.40668,139.380179,,,kanagawa,0,
281470473,社家,Shake,35.420555,139.377251,,,kanagawa,0,
281470884,宮山,Miyayama,35.382255,139.379689,,,kanagawa,0,
355845276,上永谷,Kaminagaya,35.401516,139.572534,横浜市交通局,,kanagawa,0,
506122717,鎌倉,Kamakura,35.319119,139.550429,東日本旅客鉄道,,kanagawa,1,
604137059,阿夫利神社,,35.431491,139.237932,,,kanagawa,0,
604137060,大山ケーブル,Ōyama cable,35.427849,139.244497,,,kanagawa,0,
823268950,ゆめが丘,Yumegaoka,35.405723,139.482459,,,kanagawa,0,
823269102,弥生台,Yayoidai,35.429897,139.506349,,,kanagawa,0,
823269267,緑園都市,Ryokuen-toshi,35.439444,139.521882,,,kanagawa,0,
823269414,いずみ中央,Izumi-Chuo,35.415116,139.487266,,,kanagawa,0,
823269446,いずみ野,Izumino,35.429465,139.494953,,,kanagawa,0,
1656240306,東戸塚,Higashi-Totsuka,35.430361,139.556762,東日本旅客鉄道,,kanagawa,1,
1737948546,大山寺,,35.42958,139.240971,,,kanagawa,0,
2440021673,箱根湯本,Hakone-Yumoto,35.233371,139.103664,小田急箱根,,kanagawa,0,
2550872371,堀ノ内,Horinouchi,35.263604,139.686646,京浜急行電鉄 (Keikyu Corporation),,kanagawa,0,
2550872398,金沢文庫,Kanazawa-bunko,35.343021,139.621612,京浜急行電鉄,,kanagawa,0,
2550872399,金沢八景,Kanazawa-Hakkei,35.331186,139.620144,京浜急行電鉄,,kanagawa,0,
2550872453,三浦海岸,Miurakaigan,35.188215,139.653267,京浜急行電鉄 (Keikyu Corporation),,kanagawa,0,
2550872461,三崎口,Misakiguchi,35.177831,139.633053,京浜急行電鉄 (Keikyu Corporation),,kanagawa,0,
2550872468,京急長沢,Keikyu Nagasawa,35.205638,139.674393,京浜急行電鉄 (Keikyu Corporation),,kanagawa,0,
2550872535,津久井浜,Tsukuihama,35.19842,139.665268,京浜急行電鉄 (Keikyu Corporation),,kanagawa,0,
3558156193,藤沢,Fujisawa,35.33859,139.487505,小田急電鉄,小田急電鉄,kanagawa,0,
3684970226,鴨宮,Kamonomiya,35.275738,139.180244,東日本旅客鉄道,,kanagawa,1,
3687740514,茅ヶ崎,Chigasaki,35.330624,139.407461,東日本旅客鉄道,,kanagawa,1,
3708276983,保土ヶ谷,Hodogaya,35.446689,139.599702,東日本旅客鉄道,,kanagawa,1,
3741112665,並木中央,Namiki-Chuo,35.365438,139.642938,,,kanagawa,0,
3741112666,並木北,Namiki-Kita,35.371877,139.642701,,,kanagawa,0,
3741112672,市大医学部,Shidai-Igakubu,35.343948,139.650153,,,kanagawa,0,
3741112678,新杉田,Shin-Sugita,35.386002,139.62041,,,kanagawa,0,
3741112687,野島公園,Nojimakoen,35.330519,139.631453,横浜シーサイドライン,,kanagawa,0,
3741112689,金沢八景,Kanazawa-Hakkei,35.331568,139.620894,横浜シーサイドライン,,kanagawa,0,
3893393985,厚木,Atsugi,35.443389,139.378389,小田急電鉄;JR東日本,,kanagawa,1,
3995628350,逗子,Zushi,35.297632,139.578866,東日本旅客鉄道,,kanagawa,1,
3995909013,山手,Yamate,35.427203,139.646284,東日本旅客鉄道,,kanagawa,1,
3995909014,新杉田,Shin-Sugita,35.386554,139.619574,東日本旅客鉄道,,kanagawa,1,
3995909015,本郷台,Hongodai,35.367437,139.5503,東日本旅客鉄道,,kanagawa,1,
3995909016,根岸,Negishi,35.415657,139.63505,東日本旅客鉄道,,kanagawa,1,
3995909018,洋光台,Yokodai,35.378698,139.596465,東日本旅客鉄道,,kanagawa,1,
3995909019,港南台,Konandai,35.375295,139.576696,東日本旅客鉄道,,kanagawa,1,
3995909020,磯子,Isogo,35.400137,139.618158,東日本旅客鉄道,,kanagawa,1,
4011607028,藤沢,Fujisawa,35.338819,139.487215,東日本旅客鉄道,,kanagawa,1,
4011607029,早川,Hayakawa,35.239178,139.145199,,,kanagawa,0,
4011607030,平塚,Hiratsuka,35.32741,139.349232,東日本旅客鉄道,,kanagawa,1,
4011607034,根府川,Nebukawa,35.202666,139.138732,,,kanagawa,0,
4011607035,二宮,Ninomiya,35.298753,139.25759,,,kanagawa,0,
4011607036,小田原,Odawara,35.256182,139.155251,,,kanagawa,0,
4011607037,辻堂,Tsujidō,35.336852,139.447065,,,kanagawa,0,
4011607038,湯河原,Yugawara,35.146234,139.102193,,,kanagawa,0,
4011607039,大磯,Ōiso,35.311303,139.313382,東日本旅客鉄道,,kanagawa,1,
4011643455,戸塚,Totsuka,35.400548,139.534215,,,kanagawa,0,
4018469544,浦賀,Uraga,35.251519,139.715062,京浜急行電鉄 (Keikyu Corporation),,kanagawa,0,
5454949004,港南中央,Konan-chuo,35.4012,139.591167,,,kanagawa,0,
5591788441,上大岡,Kamiooka,35.409033,139.595977,横浜市交通局,横浜市営地下鉄,kanagawa,0,
5591788444,踊場,Odoriba,35.405659,139.518531,横浜市交通局,,kanagawa,0,
5591788445,舞岡,Maioka,35.402459,139.550942,横浜市交通局,,kanagawa,0,
5591788446,下永谷,Shimonagaya,35.402589,139.559421,横浜市交通局,,kanagawa,0,
5901902868,冒険の丘,,35.25965,139.12471,,,kanagawa,0,
5901902869,エントランス広場,,35.259505,139.128027,,,kanagawa,0,
6054866431,鳥浜,Torihama,35.377064,139.641739,,,kanagawa,0,
6054869524,南部市場,Nambu-Shijo,35.380179,139.633233,,,kanagawa,0,
6149803344,目白山下,Mejiroyamashita,35.313987,139.491414,湘南モノレール,,kanagawa,0,
6545240354,富士見町,Fujimicho,35.345463,139.529376,湘南モノレール,,kanagawa,0,
6545240356,大船,Ōfuna,35.352386,139.531355,湘南モノレール,,kanagawa,0,
6545284341,湘南町屋,Shonan-Machiya,35.337951,139.522644,湘南モノレール,,kanagawa,0,
7047979337,石川町,Ishikawacho,35.439226,139.642747,東日本旅客鉄道,,kanagawa,1,
7048013177,関内,Kannai,35.444082,139.636036,東日本旅客鉄道,,kanagawa,1,
7601120732,立場,Tateba,35.41427,139.500199,横浜市交通局,,kanagawa,0,
7601124723,下飯田,Shimoiida,35.403443,139.483208,横浜市交通局,,kanagawa,0,
7749857151,湘南台,Shonandai,35.396445,139.467078,,,kanagawa,0,
7749865377,戸塚,Totsuka,35.401106,139.535079,横浜市交通局,,kanagawa,0,
7749865378,中田,Nakada,35.411145,139.511331,横浜市交通局,,kanagawa,0,
7750247043,蒔田,Maita,35.429909,139.609976,横浜市交通局,横浜市営地下鉄,kanagawa,0,
7750247044,弘明寺,Gumyoji,35.423289,139.60206,横浜市交通局,横浜市営地下鉄,kanagawa,0,
7750338823,桜木町,Sakuragicho,35.449627,139.630787,横浜市交通局,横浜市営地下鉄,kanagawa,0,
7750338824,関内,Kannai,35.44533,139.636704,横浜市交通局,横浜市営地下鉄,kanagawa,0,
7750338825,伊勢佐木長者町,Isezaki-chojamachi,35.441001,139.632799,横浜市交通局,横浜市営地下鉄,kanagawa,0,
7750338826,阪東橋,Bandobashi,35.437627,139.625149,横浜市交通局,横浜市営地下鉄,kanagawa,0,
7750348391,吉野町,Yoshinocho,35.435433,139.618715,横浜市交通局,横浜市営地下鉄,kanagawa,0,
7777425788,久里浜,Kurihama,35.233138,139.701349,東日本旅客鉄道,,kanagawa,1,
7777425988,田浦,Taura,35.292803,139.636946,東日本旅客鉄道,,kanagawa,1,
7777425989,横須賀,Yokosuka,35.284095,139.655981,東日本旅客鉄道,,kanagawa,1,
7777425990,衣笠,Kinugasa,35.257378,139.661315,東日本旅客鉄道,,kanagawa,1,
7777531687,北鎌倉,Kita-Kamakura,35.337313,139.545264,東日本旅客鉄道,,kanagawa,1,
7812486734,開成,Kaisei,35.326285,139.135905,,,kanagawa,0,
7812486736,新松田,Shin-Matsuda,35.344726,139.139586,,,kanagawa,0,
7812486741,渋沢,Shibusawa,35.374159,139.18455,,,kanagawa,0,
7812486743,秦野,Hadano,35.370295,139.225728,,,kanagawa,0,
7812486745,東海大学前,Tokaidaigaku-mae,35.37318,139.271233,,,kanagawa,0,
7812486747,鶴巻温泉,Tsurumaki-Onsen,35.380804,139.277533,,,kanagawa,0,
7812486749,愛甲石田,Aiko-Ishida,35.417617,139.343929,,,kanagawa,0,
7812486751,栢山,Kayama,35.310934,139.142494,小田急電鉄,小田急電鉄,kanagawa,0,
7812486753,富水,Tomizu,35.296303,139.145299,,,kanagawa,0,
7812486755,螢田,Hotaruda,35.285003,139.152062,小田急電鉄,小田急電鉄,kanagawa,0,
7812486757,足柄,Ashigara,35.271938,139.154451,小田急電鉄,小田急電鉄,kanagawa,0,
7843726566,大平台,Ohiradai,35.238654,139.074023,箱根登山鉄道,,kanagawa,0,
7843789528,塔ノ沢,Tōnosawa,35.234514,139.094059,箱根登山鉄道,,kanagawa,0,
7846698855,倉見,Kurami,35.394918,139.378341,,,kanagawa,0,
7856115775,元町・中華街,Motomachi-chukagai,35.442116,139.650913,横浜高速鉄道,,kanagawa,0,
7856115776,日本大通り,Nihon-odori,35.446735,139.642672,横浜高速鉄道,,kanagawa,0,
7856860987,京急富岡,Keikyu Tomioka,35.367138,139.629728,京浜急行電鉄 (Keikyu Corporation),,kanagawa,0,
7856860988,杉田,Sugita,35.383567,139.615866,京浜急行電鉄 (Keikyu Corporation),,kanagawa,0,
7856860990,屏風浦,Byobugaura,35.394211,139.610385,京浜急行電鉄 (Keikyu Corporation),,kanagawa,0,
7856860992,上大岡,Kamiooka,35.409061,139.596628,京浜急行電鉄,,kanagawa,0,
7856860996,弘明寺,Gumyoji,35.42435,139.596794,京浜急行電鉄,,kanagawa,0,
7856860997,井土ヶ谷,Idogaya,35.433931,139.600538,京浜急行電鉄,,kanagawa,0,
7856860998,南太田,Minamiota,35.436819,139.613164,京浜急行電鉄,,kanagawa,0,
7856861001,黄金町,Koganecho,35.439924,139.623152,京浜急行電鉄,,kanagawa,0,
7856861002,日ノ出町,Hinodecho,35.445547,139.626711,京浜急行電鉄,,kanagawa,0,
7857842365,馬堀海岸,Maborikaigan,35.259591,139.707639,京浜急行電鉄 (Keikyu Corporation),,kanagawa,0,
7857842367,京急大津,Keikyu Otsu,35.260857,139.695824,京浜急行電鉄 (Keikyu Corporation),,kanagawa,0,
7857842369,県立大学,Kenritsudaigaku,35.270291,139.676636,京浜急行電鉄 (Keikyu Corporation),,kanagawa,0,
7857842370,横須賀中央,Yokosuka-chuo,35.2785,139.670433,京浜急行電鉄 (Keikyu Corporation),,kanagawa,0,
7857842371,汐入,Shioiri,35.280291,139.662159,,,kanagawa,0,
7857842373,逸見,Hemi,35.280545,139.65282,京浜急行電鉄 (Keikyu Corporation),,kanagawa,0,
7857842374,安針塚,Anjinzuka,35.286649,139.643032,京浜急行電鉄,,kanagawa,0,
7857842376,京急田浦,Keikyu-Taura,35.300894,139.625517,京浜急行電鉄 (Keikyu Corporation),,kanagawa,0,
7857842377,追浜,Oppama,35.315811,139.624819,京浜急行電鉄,,kanagawa,0,
7857902092,能見台,Nokendai,35.36085,139.62942,京浜急行電鉄 (Keikyu Corporation),,kanagawa,0,
7865831100,逗子・葉山,Zushi・Hayama,35.294047,139.580346,京浜急行電鉄,,kanagawa,0,
7865832908,神武寺,Jimmuji,35.306427,139.593267,京浜急行電鉄,,kanagawa,0,
7880004770,風祭,Kazamatsuri,35.246273,139.129344,箱根登山鉄道,,kanagawa,0,
7880016360,箱根板橋,Hakone-Itabashi,35.245199,139.14502,箱根登山鉄道,,kanagawa,0,
7880040119,小涌谷,Kowakidani,35.240503,139.052847,箱根登山鉄道,,kanagawa,0,
7880051246,入生田,Iriuda,35.240864,139.121243,箱根登山鉄道,,kanagawa,0,
7888589498,新大津,Shin-otsu,35.256821,139.690084,京浜急行電鉄,,kanagawa,0,
7888589500,京急久里浜,Keikyu Kurihama,35.23135,139.702245,京浜急行電鉄,,kanagawa,0,
7888589503,YRP野比,YRP Nobi,35.2121,139.684991,京浜急行電鉄,,kanagawa,0,
7888589505,北久里浜,Kitakurihama,35.249514,139.686417,京浜急行電鉄,,kanagawa,0,
7896661669,小田原,Odawara,35.256122,139.154555,東海旅客鉄道,,kanagawa,0,
7896661670,小田原,Odawara,35.256109,139.155782,東日本旅客鉄道,,kanagawa,1,
7899706331,湘南台,Shonandai,35.396456,139.466528,小田急電鉄,,kanagawa,0,
7899706337,高座渋谷,Koza-Shibuya,35.431952,139.46469,小田急電鉄,,kanagawa,0,
7977123012,真鶴,Manazuru,35.156943,139.13228,,,kanagawa,0,
8062656936,稲村ヶ崎,Inamuragasaki,35.304363,139.5219,江ノ島電鉄,,kanagawa,0,
8062865731,長谷,Hase,35.311292,139.535867,江ノ島電鉄,,kanagawa,0,
8062865734,鵠沼,Kugenuma,35.321424,139.482601,江ノ島電鉄,,kanagawa,0,
8062865735,江ノ島,Enoshima,35.311044,139.487542,江ノ島電鉄,,kanagawa,0,
8062865737,藤沢,Fujisawa,35.337181,139.487185,江ノ島電鉄,,kanagawa,0,
8062865738,鎌倉,Kamakura,35.31839,139.550088,江ノ島電鉄,,kanagawa,0,
8063948626,七里ヶ浜,Shichirigahama,35.306281,139.510117,江ノ島電鉄,,kanagawa,0,
8063948628,和田塚,Wadazuka,35.31371,139.5455,江ノ島電鉄,,kanagawa,0,
8063948629,由比ヶ浜,Yuigahama,35.312772,139.541364,江ノ島電鉄,,kanagawa,0,
8063948630,極楽寺,Gokurakuji,35.309212,139.528672,江ノ島電鉄,,kanagawa,0,
8063951768,石上,Ishigami,35.332127,139.48552,江ノ島電鉄,,kanagawa,0,
8063951769,柳小路,Yanagikoji,35.327631,139.485181,江ノ島電鉄,,kanagawa,0,
8063964898,腰越,Koshigoe,35.308382,139.493208,江ノ島電鉄,,kanagawa,0,
8063964899,鎌倉高校前,Kamakurakokomae,35.306721,139.50071,江ノ島電鉄,,kanagawa,0,
8063967424,湘南海岸公園,Shonankaigankoen,35.314946,139.483647,江ノ島電鉄,,kanagawa,0,
8076209964,彫刻の森,Chōkokunomori,35.24659,139.050778,箱根登山鉄道,,kanagawa,0,
8238086184,松田,Matsuda,35.346232,139.138575,,,kanagawa,0,
8238086588,山北,Yamakita,35.360773,139.080153,,,kanagawa,0,
8244080357,上大井,Kami-Oi,35.322201,139.163185,,,kanagawa,0,
8244080364,相模金子,Sagami-Kaneko,35.333895,139.150443,,,kanagawa,0,
8244080365,東山北,Higashi-Yamakita,35.357405,139.107833,,,kanagawa,0,
8244174769,下曽我,Shimo-Soga,35.303881,139.183327,,,kanagawa,0,
9235961228,横浜本牧,Yokohama-Hommoku,35.423395,139.671372,,,kanagawa,0,
9235961237,本牧埠頭,Hommoku-Futō,35.431942,139.674159,,,kanagawa,0,
9852326792,北茅ヶ崎,Kita-Chigasaki,35.339094,139.407616,,,kanagawa,0,
9852326798,寒川,Samukawa,35.367664,139.387434,,,kanagawa,0,
10082866963,藤沢本町,Fujisawa-Hommachi,35.347985,139.47609,小田急電鉄,,kanagawa,0,
10108140336,六会日大前,Mutsuai-Nichidaimae,35.383531,139.470831,小田急電鉄,,kanagawa,0,
10108140337,長後,Chogo,35.412546,139.465429,小田急電鉄,,kanagawa,0,
10108140338,本鵠沼,Hon-Kugenuma,35.330777,139.474874,小田急電鉄,小田急電鉄,kanagawa,0,
10108140339,鵠沼海岸,Kugenuma-Kaigan,35.320708,139.471273,小田急電鉄,小田急電鉄,kanagawa,0,
10108140345,善行,Zengyo,35.362718,139.473236,小田急電鉄,,kanagawa,0,
11329995699,小田原,Odawara,35.256478,139.156395,,,kanagawa,0,
1831219031,西畑,Nishihata,35.250762,140.215612,,,chiba,0,
1832342938,養老渓谷,Yoro-Keikoku,35.266436,140.159604,小湊鉄道,,chiba,0,
1832343070,上総鶴舞,Kazusa-Tsurumai,35.3814,140.165169,小湊鉄道,,chiba,0,
1832453983,飯給,Itabu,35.320793,140.142182,小湊鉄道,,chiba,0,
1832454906,上総大久保,Kazusa-Okubo,35.283508,140.145858,小湊鉄道,,chiba,0,
1832454943,月崎,Tsukizaki,35.302196,140.139392,小湊鉄道,,chiba,0,
1844116450,上総中野,Kazusa-Nakano,35.250069,140.1999,小湊鉄道;いすみ鉄道,,chiba,0,
1844116452,上総川間,Kazusa-Kawama,35.388114,140.151124,小湊鉄道,,chiba,0,
1844116454,上総牛久,Kazusa-Ushiku,35.400141,140.1421,小湊鉄道,,chiba,0,
1844116455,光風台,Kofudai,35.440354,140.114206,,,chiba,0,
1844116457,里見,Satomi,35.336711,140.145488,小湊鉄道,,chiba,0,
1844116458,高滝,Takataki,35.353294,140.150349,小湊鉄道,,chiba,0,
1844138966,上総松丘,Kazusa-Matsuoka,35.257796,140.063998,,,chiba,0,
1844138974,俵田,Tawarada,35.314689,140.061284,,,chiba,0,
1844138981,平山,Hirayama,35.274359,140.064867,,,chiba,0,
3014657226,三門,Mikado,35.28239,140.391606,東日本旅客鉄道,,chiba,1,
3014657227,上総一ノ宮,Kazusa-Ichinomiya,35.373679,140.365021,東日本旅客鉄道,,chiba,1,
3014657228,上総清川,Kazusa-Kiyokawa,35.390949,139.96554,東日本旅客鉄道,,chiba,1,
3014657229,上総湊,Kazusa-Minato,35.222284,139.87126,東日本旅客鉄道,,chiba,1,
3014657230,上総興津,Kazusa-Okitsu,35.137241,140.250935,東日本旅客鉄道,,chiba,1,
3014657231,九重,Kokonoe,34.997681,139.911091,東日本旅客鉄道,,chiba,1,
3014683033,佐貫町,Sanukimachi,35.260623,139.876075,東日本旅客鉄道,,chiba,1,
3014683034,保田,Hota,35.141061,139.838344,東日本旅客鉄道,,chiba,1,
3014683036,八積,Yatsumi,35.403732,140.345609,東日本旅客鉄道,,chiba,1,
3014683037,勝浦,Katsuura,35.153098,140.31288,東日本旅客鉄道,,chiba,1,
3014683039,千倉,Chikura,34.976716,139.954679,東日本旅客鉄道,,chiba,1,
3014683040,千歳,Chitose,34.99165,139.966465,東日本旅客鉄道,,chiba,1,
3014683041,南三原,Minamihara,35.021074,139.979226,東日本旅客鉄道,,chiba,1,
3014683042,君津,Kimitsu,35.33363,139.895505,東日本旅客鉄道,,chiba,1,
3014683043,和田浦,Wadaura,35.041815,140.019492,東日本旅客鉄道,,chiba,1,
3014683045,大原,Ohara,35.250859,140.390988,東日本旅客鉄道,外房線,chiba,1,
3014683047,大貫,Onuki,35.291081,139.855605,東日本旅客鉄道,,chiba,1,
3014683048,太東,Taito,35.319948,140.381082,東日本旅客鉄道,,chiba,1,
3014683049,太海,Futomi,35.08183,140.09626,東日本旅客鉄道,,chiba,1,
3014683051,安房勝山,Awa-Katsuyama,35.113752,139.83335,,,chiba,0,
3014683052,安房天津,Awa-Amatsu,35.125578,140.154458,東日本旅客鉄道,,chiba,1,
3014683053,安房小湊,Awa-Kominato,35.128689,140.190318,東日本旅客鉄道,,chiba,1,
3014683055,富浦,Tomiura,35.045262,139.837798,東日本旅客鉄道,,chiba,1,
3014683056,岩井,Iwai,35.092635,139.849634,東日本旅客鉄道,,chiba,1,
3014683057,巌根,Iwane,35.414408,139.933518,東日本旅客鉄道,,chiba,1,
3014683058,御宿,Onjuku,35.187714,140.351488,東日本旅客鉄道,,chiba,1,
3014683059,新茂原,Shin-Mobara,35.449569,140.299985,東日本旅客鉄道,,chiba,1,
3014683060,木更津,Kisarazu,35.381607,139.926243,東日本旅客鉄道,,chiba,1,
3014683063,東浪見,Torami,35.347168,140.376699,東日本旅客鉄道,,chiba,1,
3014683064,東清川,Higashi-Kiyokawa,35.390016,139.985803,東日本旅客鉄道,,chiba,1,
3014683066,横田,Yokota,35.386109,140.020341,東日本旅客鉄道,,chiba,1,
3014683069,江見,Emi,35.062414,140.061387,東日本旅客鉄道,,chiba,1,
3014683071,浜金谷,Hama-Kanaya,35.168137,139.822379,東日本旅客鉄道,,chiba,1,
3014683072,浪花,Namihana,35.222702,140.379432,東日本旅客鉄道,,chiba,1,
3014683073,祇園,Gion,35.391524,139.948304,東日本旅客鉄道,,chiba,1,
3014683075,竹岡,Takeoka,35.197667,139.829852,東日本旅客鉄道,,chiba,1,
3014683076,茂原,Mobara,35.426922,140.303875,東日本旅客鉄道,,chiba,1,
3014683078,行川アイランド,Namegawa-Island,35.118256,140.225936,東日本旅客鉄道,,chiba,1,
3014683079,袖ケ浦,Sodegaura,35.432168,139.957802,東日本旅客鉄道,,chiba,1,
3014683081,那古船形,Nako-Funakata,35.028476,139.851562,東日本旅客鉄道,,chiba,1,
3014683084,長者町,Chojamachi,35.295885,140.385037,東日本旅客鉄道,,chiba,1,
3014683085,青堀,Aohori,35.33032,139.85829,東日本旅客鉄道,,chiba,1,
3014683086,館山,Tateyama,34.995921,139.861891,東日本旅客鉄道,,chiba,1,
3014683087,鵜原,Ubara,35.140844,140.278467,東日本旅客鉄道,,chiba,1,
3016197319,下郡,Shimogori,35.355345,140.055442,,,chiba,0,
3016197320,小櫃,Obitsu,35.328408,140.059916,,,chiba,0,
3016197321,東横田,Higashi-Yokota,35.386268,140.036446,,,chiba,0,
3016197322,馬来田,Makuta,35.366675,140.058687,,,chiba,0,
3690521151,馬立,Umatate,35.423673,140.114878,小湊鉄道,,chiba,0,
3896490890,上総亀山,Kazusa-Kameyama,35.233083,140.089839,,,chiba,0,
3896490891,久留里,Kururi,35.295846,140.07575,東日本旅客鉄道,,chiba,1,
3896556676,上総久保,Kazusa-Kubo,35.367514,140.154606,小湊鉄道,,chiba,0,
6779233179,大原,Ōhara,35.251336,140.390828,いすみ鉄道,いすみ線,chiba,0,
11483977772,上総東,Kazusa-Azuma,35.263348,140.345084,,,chiba,0,
11483977773,新田野,Nittano,35.276481,140.328073,,,chiba,0,
11483977789,国吉,Kuniyoshi,35.280565,140.313795,,,chiba,0,
11483977791,上総中川,Kazusa-Nakagawa,35.282701,140.280476,,,chiba,0,
11483977793,城見ヶ丘,Shiromigaoka,35.291696,140.252551,,,chiba,0,
11483977794,大多喜,Otaki,35.286687,140.243989,,,chiba,0,
11483977797,小谷松,Koyamatsu,35.268783,140.251419,,,chiba,0,
11483977798,東総元,Higashi-Fusamoto,35.259403,140.247627,,,chiba,0,
11483977803,久我原,Kugahara,35.250097,140.247896,,,chiba,0,
11483977804,総元,Fusamoto,35.240633,140.240859,,,chiba,0,
11483977809,西大原,Nishi-Ohara,35.260547,140.377916,,,chiba,0,
11493159985,安房鴨川,Awa-Kamogawa,35.107664,140.103701,東日本旅客鉄道,,chiba,1,
